order_id,order_date,warehouse,region,product_category,delivery_status,eta_days,actual_days,cost_lkr
ORD-104710,2024-04-14,Colombo-Central,Western,Meat & Seafood,Delayed,4,8.0,17060.9
ORD-100691,2024-10-17,Galle-South,Southern,Dairy,In Transit,3,,4002.12
ORD-100065,2024-04-28,Jaffna-North,Northern,Dairy,In Transit,2,,3704.75
ORD-103426,2024-06-24,Kandy-Hub,Central,Dairy,Delivered,5,5.0,5347.56
ORD-104820,2024-07-15,Jaffna-North,Northern,Beverages,Delivered,4,4.0,3047.06
ORD-100393,2024-08-06,Kurunegala-West,North-Western,Frozen,Delivered,4,4.0,5830.48
ORD-101424,2024-04-03,Kurunegala-West,North-Western,Produce,Delivered,4,4.0,1832.38
ORD-100642,2024-11-07,Jaffna-North,Northern,Beverages,Delivered,4,4.0,5317.89
ORD-102835,2024-07-17,Galle-South,Southern,Produce,In Transit,3,,3687.37
ORD-101738,2024-01-02,Kandy-Hub,Central,Produce,Delayed,3,7.0,3909.79
ORD-102945,2024-02-09,Galle-South,Southern,Meat & Seafood,Delivered,1,1.0,15862.27
ORD-102067,2024-11-27,Colombo-Central,Western,Dairy,Delayed,5,7.0,3509.93
ORD-103347,2024-02-16,Kandy-Hub,Central,Frozen,Delivered,3,3.0,6573.75
ORD-100530,2024-08-06,Galle-South,Southern,Produce,Delivered,3,3.0,3857.35
ORD-104301,2024-08-27,Kurunegala-West,North-Western,Dry Goods,Delivered,3,3.0,3216.21
ORD-100828,2024-11-11,Colombo-Central,Western,Beverages,Delayed,4,5.0,4223.44
ORD-101204,2024-08-25,Colombo-Central,Western,Produce,Delivered,5,5.0,3953.02
ORD-100179,2024-07-01,Galle-South,Southern,Produce,Cancelled,4,,3906.26
ORD-102765,2024-07-14,Jaffna-North,Northern,Dry Goods,Delivered,3,3.0,1697.72
ORD-101777,2024-02-29,Galle-South,Southern,Meat & Seafood,Delivered,3,3.0,19014.67
ORD-104927,2024-08-04,Kandy-Hub,Central,Meat & Seafood,In Transit,5,,10933.33
ORD-100491,2024-11-12,Jaffna-North,Northern,Dry Goods,In Transit,1,,3376.42
ORD-104653,2024-03-17,Colombo-Central,Western,Meat & Seafood,Delivered,5,5.0,11235.18
ORD-100033,2024-07-21,Colombo-Central,Western,Dry Goods,Delivered,3,3.0,2870.11
ORD-103022,2024-05-21,Kurunegala-West,North-Western,Dairy,Delivered,2,2.0,2856.54
ORD-103620,2024-12-29,Colombo-Central,Western,Beverages,In Transit,4,,2040.02
ORD-100485,2024-03-25,Colombo-Central,Western,Produce,Delivered,2,2.0,1741.25
ORD-100079,2024-09-01,Galle-South,Southern,Beverages,Delivered,4,4.0,3643.37
ORD-101344,2024-03-09,Colombo-Central,Western,Beverages,Delayed,2,5.0,4830.83
ORD-100577,2024-07-10,Kurunegala-West,North-Western,Produce,Delivered,4,4.0,3127.75
ORD-101175,2024-05-03,Galle-South,Southern,Produce,Delayed,1,4.0,1715.34
ORD-101487,2024-01-01,Kandy-Hub,Central,Meat & Seafood,Cancelled,1,,14879.52
ORD-100497,2024-05-16,Galle-South,Southern,Dairy,Delivered,3,3.0,5968.61
ORD-104102,2024-03-10,Galle-South,Southern,Produce,Delivered,4,4.0,3986.92
ORD-101144,2024-04-30,Colombo-Central,Western,Beverages,Delivered,4,4.0,3687.44
ORD-103734,2024-04-27,Jaffna-North,Northern,Beverages,Delayed,1,5.0,2345.08
ORD-104237,2024-02-09,Galle-South,Southern,Produce,Delayed,3,7.0,2524.2
ORD-103243,2024-07-08,Jaffna-North,Northern,Produce,Delayed,2,6.0,2968.28
ORD-101235,2024-05-06,Jaffna-North,Northern,Meat & Seafood,Delivered,5,5.0,17875.93
ORD-104568,2024-04-22,Kandy-Hub,Central,Dairy,Delivered,3,3.0,3674.32
ORD-104267,2024-12-04,Kandy-Hub,Central,Frozen,Delayed,5,9.0,7200.94
ORD-100624,2024-08-08,Kandy-Hub,Central,Meat & Seafood,In Transit,3,,9221.02
ORD-101629,2024-02-16,Kandy-Hub,Central,Dry Goods,Delivered,1,1.0,1743.75
ORD-100199,2024-12-17,Kurunegala-West,North-Western,Meat & Seafood,Delivered,2,2.0,13538.22
ORD-103613,2024-01-28,Galle-South,Southern,Dry Goods,Delivered,2,2.0,3025.65
ORD-101988,2024-03-17,Kandy-Hub,Central,Meat & Seafood,Cancelled,2,,15230.56
ORD-102344,2024-08-02,Jaffna-North,Northern,Dry Goods,Delivered,3,3.0,1679.59
ORD-103263,2024-11-10,Jaffna-North,Northern,Dairy,Delayed,5,8.0,3528.78
ORD-101905,2024-03-30,Colombo-Central,Western,Frozen,Delivered,2,2.0,6217.72
ORD-100765,2024-10-11,Galle-South,Southern,Beverages,Cancelled,2,,2762.6
ORD-100803,2024-12-01,Kurunegala-West,North-Western,Produce,Delivered,4,4.0,1617.79
ORD-101501,2024-04-05,Kurunegala-West,North-Western,Dairy,Delivered,4,4.0,2633.66
ORD-101770,2024-05-03,Galle-South,Southern,Frozen,Delivered,2,2.0,11115.37
ORD-100106,2024-10-11,Jaffna-North,Northern,Beverages,Delayed,3,7.0,2414.05
ORD-102964,2024-09-24,Colombo-Central,Western,Meat & Seafood,Delivered,1,1.0,16803.49
ORD-100838,2024-01-06,Kandy-Hub,Central,Dairy,Delivered,3,3.0,4737.54
ORD-103971,2024-12-04,Kandy-Hub,Central,Dry Goods,Delivered,4,4.0,1094.18
ORD-100705,2024-07-25,Kurunegala-West,North-Western,Dry Goods,Delivered,1,1.0,2338.74
ORD-104150,2024-04-30,Kurunegala-West,North-Western,Frozen,Delivered,1,1.0,6862.73
ORD-103179,2024-03-02,Colombo-Central,Western,Dry Goods,Delivered,1,1.0,2886.57
ORD-104776,2024-05-02,Kurunegala-West,North-Western,Frozen,In Transit,3,,5870.3
ORD-100228,2024-07-18,Colombo-Central,Western,Dairy,Delivered,5,5.0,3260.09
ORD-103336,2024-07-09,Kandy-Hub,Central,Dairy,Delivered,2,2.0,4253.84
ORD-102268,2024-02-13,Galle-South,Southern,Produce,Delivered,3,3.0,2581.3
ORD-103852,2024-02-08,Galle-South,Southern,Frozen,Delivered,4,4.0,8981.33
ORD-100501,2024-08-25,Kandy-Hub,Central,Frozen,In Transit,5,,7991.17
ORD-103128,2024-07-03,Kandy-Hub,Central,Dry Goods,In Transit,3,,2003.19
ORD-103352,2024-02-08,Kandy-Hub,Central,Frozen,Delivered,5,5.0,11245.35
ORD-104174,2024-05-26,Galle-South,Southern,Produce,Delivered,1,1.0,2019.25
ORD-101634,2024-05-31,Kurunegala-West,North-Western,Frozen,Delivered,5,5.0,10817.6
ORD-101480,2024-02-25,Jaffna-North,Northern,Produce,Delivered,4,4.0,3510.65
ORD-102115,2024-03-14,Kurunegala-West,North-Western,Dry Goods,Delivered,5,5.0,1654.45
ORD-103999,2024-07-08,Jaffna-North,Northern,Beverages,Delivered,5,5.0,4731.27
ORD-100561,2024-01-16,Colombo-Central,Western,Meat & Seafood,Delivered,1,1.0,15740.73
ORD-104198,2024-12-13,Colombo-Central,Western,Beverages,Delayed,3,6.0,2209.46
ORD-103697,2024-05-30,Galle-South,Southern,Produce,Delivered,5,5.0,3333.35
ORD-101744,2024-03-17,Kurunegala-West,North-Western,Dry Goods,Delivered,4,4.0,1725.42
ORD-100279,2024-01-31,Colombo-Central,Western,Meat & Seafood,Delayed,3,7.0,17278.24
ORD-102266,2024-09-06,Jaffna-North,Northern,Produce,Delivered,5,5.0,2780.86
ORD-100157,2024-07-22,Colombo-Central,Western,Frozen,Delayed,2,3.0,5244.66
ORD-100538,2024-07-16,Kurunegala-West,North-Western,Dairy,Delivered,2,2.0,3035.88
ORD-104114,2024-04-16,Galle-South,Southern,Meat & Seafood,In Transit,3,,19576.27
ORD-104457,2024-01-15,Jaffna-North,Northern,Produce,Delivered,5,5.0,2690.42
ORD-101650,2024-03-10,Kandy-Hub,Central,Frozen,Delivered,1,1.0,10221.35
ORD-103150,2024-09-17,Kurunegala-West,North-Western,Produce,Delayed,1,5.0,3914.97
ORD-100764,2024-05-11,Kandy-Hub,Central,Meat & Seafood,Delivered,2,2.0,16630.21
ORD-101864,2024-10-31,Kurunegala-West,North-Western,Meat & Seafood,Delayed,5,8.0,17836.07
ORD-103485,2024-01-10,Galle-South,Southern,Dairy,Delivered,5,5.0,2943.71
ORD-100731,2024-06-01,Colombo-Central,Western,Meat & Seafood,Delivered,5,5.0,14367.2
ORD-100084,2024-08-17,Galle-South,Southern,Produce,Delivered,1,1.0,3547.6
ORD-102580,2024-05-20,Colombo-Central,Western,Dry Goods,Delivered,5,5.0,2266.76
ORD-103207,2024-10-24,Kandy-Hub,Central,Dairy,Delivered,5,5.0,2646.31
ORD-102974,2024-01-07,Colombo-Central,Western,Dairy,Delivered,1,1.0,3615.7
ORD-102696,2024-02-16,Galle-South,Southern,Dry Goods,Delivered,2,2.0,2098.21
ORD-101338,2024-10-09,Kurunegala-West,North-Western,Beverages,Delivered,4,4.0,4201.61
ORD-103902,2024-07-04,Galle-South,Southern,Beverages,Delivered,1,1.0,4636.0
ORD-100911,2024-03-07,Kandy-Hub,Central,Dry Goods,Delivered,2,2.0,1712.63
ORD-100029,2024-06-10,Kandy-Hub,Central,Produce,Delivered,3,3.0,1865.27
ORD-100677,2024-01-31,Kandy-Hub,Central,Beverages,Delivered,3,3.0,4589.88
ORD-104501,2024-07-13,Colombo-Central,Western,Dry Goods,Delivered,1,1.0,1758.81
ORD-103685,2024-02-26,Galle-South,Southern,Beverages,Delivered,3,3.0,4447.42
ORD-103741,2024-04-20,Kandy-Hub,Central,Beverages,Delivered,4,4.0,2734.35
ORD-101620,2024-04-06,Colombo-Central,Western,Beverages,Delivered,4,4.0,4082.32
ORD-100422,2024-10-06,Colombo-Central,Western,Meat & Seafood,Delayed,3,7.0,13146.81
ORD-101665,2024-05-24,Colombo-Central,Western,Produce,Delivered,3,3.0,3986.78
ORD-104989,2024-11-18,Galle-South,Southern,Meat & Seafood,Delivered,4,4.0,12857.5
ORD-102727,2024-01-15,Kandy-Hub,Central,Dairy,Delivered,3,3.0,4067.38
ORD-103193,2024-03-11,Galle-South,Southern,Produce,Delivered,4,4.0,3199.07
ORD-103968,2024-08-03,Kandy-Hub,Central,Meat & Seafood,Delayed,2,5.0,17757.43
ORD-100168,2024-05-02,Kandy-Hub,Central,Meat & Seafood,Delivered,3,3.0,16974.46
ORD-103834,2024-02-21,Kurunegala-West,North-Western,Dairy,Delivered,2,2.0,4330.23
ORD-103481,2024-03-30,Jaffna-North,Northern,Dry Goods,Delivered,1,1.0,1350.22
ORD-103469,2024-11-12,Colombo-Central,Western,Dairy,Delivered,1,1.0,2850.92
ORD-100227,2024-07-30,Jaffna-North,Northern,Meat & Seafood,Delivered,4,4.0,14243.58
ORD-102654,2024-11-06,Colombo-Central,Western,Beverages,Delivered,4,4.0,3488.13
ORD-100486,2024-05-01,Kandy-Hub,Central,Meat & Seafood,In Transit,4,,13748.55
ORD-101694,2024-02-28,Colombo-Central,Western,Meat & Seafood,Delivered,2,2.0,12900.68
ORD-101200,2024-11-16,Kurunegala-West,North-Western,Meat & Seafood,Delivered,5,5.0,17354.63
ORD-102685,2024-06-24,Jaffna-North,Northern,Meat & Seafood,Delivered,4,4.0,16723.02
ORD-103172,2024-06-06,Kandy-Hub,Central,Dry Goods,Delivered,4,4.0,1404.21
ORD-100023,2024-12-04,Galle-South,Southern,Dry Goods,Delivered,2,2.0,2717.54
ORD-103084,2024-05-03,Jaffna-North,Northern,Dairy,Delivered,4,4.0,5234.67
ORD-103130,2024-05-10,Colombo-Central,Western,Meat & Seafood,Delivered,2,2.0,
ORD-102536,2024-04-29,Kandy-Hub,Central,Frozen,In Transit,5,,8513.14
ORD-102897,2024-08-16,Kurunegala-West,North-Western,Beverages,Delivered,5,5.0,4514.18
ORD-104840,2024-10-05,Kurunegala-West,North-Western,Dairy,Delivered,5,5.0,2638.52
ORD-102093,2024-03-13,Galle-South,Southern,Frozen,Delivered,5,5.0,9332.07
ORD-100239,2024-08-16,Kurunegala-West,North-Western,Dry Goods,Delivered,5,5.0,1762.08
ORD-103571,2024-11-03,Colombo-Central,Western,Dry Goods,Delivered,1,1.0,1987.36
ORD-103765,2024-05-29,Kandy-Hub,Central,Frozen,Delivered,4,4.0,11151.09
ORD-102016,2024-05-31,Jaffna-North,Northern,Frozen,In Transit,3,,5030.31
ORD-104038,2024-04-21,Kurunegala-West,North-Western,Dairy,Delayed,2,5.0,3679.03
ORD-100297,2024-06-09,Jaffna-North,Northern,Meat & Seafood,In Transit,1,,8185.34
ORD-100248,2024-10-14,Kurunegala-West,North-Western,Beverages,Delivered,2,2.0,4558.85
ORD-102135,2024-09-07,Galle-South,Southern,Produce,Delivered,1,1.0,2168.54
ORD-100373,2024-05-16,Kandy-Hub,Central,Dairy,Delivered,4,4.0,4385.76
ORD-100881,2024-11-06,Kurunegala-West,North-Western,Dairy,Delivered,4,4.0,5608.69
ORD-102307,2024-02-26,Kandy-Hub,Central,Produce,Delivered,2,2.0,2112.61
ORD-103887,2024-03-05,Kurunegala-West,North-Western,Dry Goods,Delayed,1,2.0,2095.58
ORD-104503,2024-10-08,Galle-South,Southern,Dry Goods,Cancelled,2,,2218.75
ORD-102991,2024-08-20,Colombo-Central,Western,Dairy,Delivered,2,2.0,3286.09
ORD-100724,2024-10-13,Kandy-Hub,Central,Meat & Seafood,Delivered,5,5.0,15334.74
ORD-102220,2024-12-11,Kandy-Hub,Central,Dry Goods,Delayed,5,6.0,2361.69
ORD-102217,2024-12-30,Colombo-Central,Western,Frozen,Delivered,2,2.0,11616.45
ORD-101468,2024-10-10,Galle-South,Southern,Beverages,In Transit,2,,2560.64
ORD-101592,2024-05-19,Kandy-Hub,Central,Dry Goods,Delivered,4,4.0,3230.57
ORD-103951,2024-03-21,Jaffna-North,Northern,Dairy,Cancelled,4,,4755.74
ORD-102445,2024-11-22,Kurunegala-West,North-Western,Dry Goods,Delivered,4,4.0,3240.11
ORD-103091,2024-05-23,Kandy-Hub,Central,Meat & Seafood,Delayed,2,5.0,17164.66
ORD-100927,2024-04-19,Galle-South,Southern,Beverages,Delivered,4,4.0,3640.07
ORD-104579,2024-04-16,Jaffna-North,Northern,Produce,Delivered,3,3.0,3669.79
ORD-104652,2024-04-30,Kurunegala-West,North-Western,Dairy,Delayed,5,7.0,5126.46
ORD-100599,2024-08-22,Jaffna-North,Northern,Dairy,In Transit,4,,5929.36
ORD-101392,2024-12-25,Kandy-Hub,Central,Produce,Delayed,5,7.0,3956.52
ORD-102227,2024-12-06,Kurunegala-West,North-Western,Meat & Seafood,Delivered,4,4.0,9521.11
ORD-104176,2024-04-20,Colombo-Central,Western,Dairy,Delivered,2,2.0,2550.07
ORD-101609,2024-02-15,Jaffna-North,Northern,Dry Goods,Delivered,4,4.0,2807.39
ORD-104290,2024-01-25,Galle-South,Southern,Dry Goods,Delayed,2,6.0,1320.78
ORD-102876,2024-08-30,Galle-South,Southern,Meat & Seafood,Delivered,3,3.0,13891.17
ORD-103288,2024-03-04,Galle-South,Southern,Beverages,Delivered,3,3.0,4097.22
ORD-102142,2024-12-17,Kurunegala-West,North-Western,Dairy,In Transit,1,,4675.52
ORD-100471,2024-10-20,Galle-South,Southern,Dry Goods,Delivered,5,5.0,1650.01
ORD-101244,2024-11-15,Kurunegala-West,North-Western,Dry Goods,Delivered,1,1.0,1016.76
ORD-103690,2024-05-26,Kandy-Hub,Central,Beverages,Delivered,5,5.0,3730.68
ORD-104221,2024-07-08,Kurunegala-West,North-Western,Meat & Seafood,Delivered,1,1.0,19806.6
ORD-101073,2024-07-10,Jaffna-North,Northern,Produce,Delivered,5,5.0,2690.51
ORD-101044,2024-09-15,Galle-South,Southern,Produce,Delivered,5,5.0,3278.57
ORD-101714,2024-08-23,Kurunegala-West,North-Western,Dry Goods,Delivered,2,2.0,3172.47
ORD-104040,2024-04-29,Jaffna-North,Northern,Dry Goods,Delayed,5,7.0,3165.5
ORD-104778,2024-02-08,Jaffna-North,Northern,Frozen,Delivered,3,3.0,7296.24
ORD-101034,2024-01-25,Kandy-Hub,Central,Frozen,Delayed,3,4.0,8705.9
ORD-104417,2024-02-27,Colombo-Central,Western,Produce,Delivered,3,3.0,1959.64
ORD-101752,2024-08-17,Jaffna-North,Northern,Dry Goods,Delayed,5,6.0,3361.73
ORD-103649,2024-09-26,Kandy-Hub,Central,Dry Goods,Delivered,3,3.0,3078.81
ORD-104808,2024-05-22,Colombo-Central,Western,Produce,Delivered,5,5.0,3206.3
ORD-101554,2024-06-16,Galle-South,Southern,Beverages,Delayed,5,8.0,4147.08
ORD-104195,2024-06-29,Colombo-Central,Western,Frozen,Delayed,2,3.0,
ORD-102986,2024-09-29,Kurunegala-West,North-Western,Dry Goods,Delivered,5,5.0,3474.21
ORD-102721,2024-08-31,Galle-South,Southern,Frozen,Delayed,3,5.0,9553.61
ORD-100829,2024-01-11,Galle-South,Southern,Beverages,Delivered,1,1.0,2000.18
ORD-101095,2024-01-30,Jaffna-North,Northern,Dry Goods,Delayed,4,7.0,2957.86
ORD-100426,2024-11-11,Kurunegala-West,North-Western,Beverages,Delivered,3,3.0,4888.85
ORD-102145,2024-06-11,Kandy-Hub,Central,Dairy,Delivered,5,5.0,3911.64
ORD-103135,2024-01-06,Jaffna-North,Northern,Dry Goods,Delivered,4,4.0,2899.71
ORD-104160,2024-05-27,Jaffna-North,Northern,Beverages,Delayed,5,7.0,2120.8
ORD-104064,2024-10-03,Jaffna-North,Northern,Produce,Delivered,4,4.0,1827.02
ORD-104342,2024-06-19,Galle-South,Southern,Produce,Delivered,4,4.0,2294.76
ORD-104951,2024-01-19,Galle-South,Southern,Dry Goods,Delayed,4,6.0,1561.53
ORD-103580,2024-11-17,Colombo-Central,Western,Frozen,Delivered,3,3.0,6062.69
ORD-104230,2024-01-27,Galle-South,Southern,Dry Goods,In Transit,2,,1380.64
ORD-102662,2024-02-24,Galle-South,Southern,Dairy,Delivered,5,5.0,4478.74
ORD-102705,2024-04-13,Kandy-Hub,Central,Beverages,Delivered,2,2.0,2565.38
ORD-101323,2024-11-19,Kurunegala-West,North-Western,Dairy,Delayed,2,5.0,4790.67
ORD-104129,2024-06-03,Colombo-Central,Western,Frozen,Delivered,4,4.0,9570.98
ORD-103984,2024-11-09,Kandy-Hub,Central,Beverages,Delivered,3,3.0,2324.27
ORD-104825,2024-06-01,Kandy-Hub,Central,Dairy,Delivered,4,4.0,5253.13
ORD-104459,2024-08-26,Galle-South,Southern,Meat & Seafood,Delivered,3,3.0,11885.88
ORD-102883,2024-01-18,Colombo-Central,Western,Meat & Seafood,Delayed,2,4.0,13522.19
ORD-102117,2024-07-16,Jaffna-North,Northern,Beverages,Delivered,5,5.0,4740.08
ORD-100653,2024-10-20,Galle-South,Southern,Dry Goods,In Transit,5,,1756.81
ORD-104436,2024-08-27,Colombo-Central,Western,Meat & Seafood,In Transit,5,,11433.8
ORD-101018,2024-01-16,Jaffna-North,Northern,Dairy,Delivered,4,4.0,
ORD-100088,2024-10-07,Colombo-Central,Western,Frozen,Delivered,2,2.0,5894.83
ORD-101129,2024-08-24,Kandy-Hub,Central,Meat & Seafood,In Transit,2,,9383.73
ORD-103773,2024-02-16,Kandy-Hub,Central,Frozen,Delivered,3,3.0,9465.62
ORD-100008,2024-03-14,Jaffna-North,Northern,Meat & Seafood,Delivered,1,1.0,15384.85
ORD-101886,2024-08-25,Kurunegala-West,North-Western,Frozen,In Transit,1,,5025.55
ORD-101662,2024-03-08,Galle-South,Southern,Meat & Seafood,Delivered,5,5.0,9692.93
ORD-103910,2024-03-25,Kandy-Hub,Central,Dairy,Delivered,3,3.0,2630.97
ORD-100681,2024-02-20,Jaffna-North,Northern,Frozen,Delayed,3,6.0,6340.83
ORD-103773,2024-02-16,Kandy-Hub,Central,Frozen,Delivered,3,3.0,9465.62
ORD-103658,2024-05-02,Kandy-Hub,Central,Dairy,Delivered,5,5.0,4564.12
ORD-100144,2024-12-28,Jaffna-North,Northern,Produce,Delivered,5,5.0,3085.96
ORD-100994,2024-07-12,Colombo-Central,Western,Produce,Delivered,2,2.0,3115.41
ORD-103652,2024-05-29,Kandy-Hub,Central,Beverages,Delivered,1,1.0,4502.57
ORD-101741,2024-09-28,Kurunegala-West,North-Western,Dry Goods,Delivered,1,1.0,1675.07
ORD-103340,2024-07-16,Kurunegala-West,North-Western,Dairy,Delayed,2,3.0,5784.87
ORD-103835,2024-09-21,Colombo-Central,Western,Dry Goods,Delivered,4,4.0,3273.8
ORD-102741,2024-02-05,Kandy-Hub,Central,Meat & Seafood,Delivered,2,2.0,11818.0
ORD-100151,2024-04-12,Jaffna-North,Northern,Produce,Delivered,3,3.0,3860.11
ORD-101670,2024-10-05,Colombo-Central,Western,Produce,Delivered,3,3.0,2775.05
ORD-103917,2024-11-06,Colombo-Central,Western,Frozen,Delivered,3,3.0,8838.74
ORD-101831,2024-12-13,Kandy-Hub,Central,Dry Goods,Delivered,2,2.0,2979.54
ORD-100240,2024-02-21,Kandy-Hub,Central,Beverages,Delivered,4,4.0,5117.67
ORD-100848,2024-10-26,Jaffna-North,Northern,Meat & Seafood,Delivered,4,4.0,10907.43
ORD-102172,2024-12-29,Kurunegala-West,North-Western,Dry Goods,In Transit,3,,1906.73
ORD-101881,2024-04-06,Kandy-Hub,Central,Beverages,Delivered,4,4.0,3114.76
ORD-100856,2024-03-30,Galle-South,Southern,Dry Goods,Delivered,5,5.0,3099.47
ORD-103355,2024-06-10,Kurunegala-West,North-Western,Meat & Seafood,Delivered,5,5.0,8058.02
ORD-101413,2024-10-16,Colombo-Central,Western,Meat & Seafood,Delivered,2,2.0,15083.47
ORD-100964,2024-12-12,Jaffna-North,Northern,Frozen,Delivered,2,2.0,9351.25
ORD-101417,2024-06-09,Colombo-Central,Western,Dairy,Delivered,3,3.0,4026.27
ORD-102749,2024-12-21,Kurunegala-West,North-Western,Produce,In Transit,3,,2842.81
ORD-100457,2024-08-19,Kandy-Hub,Central,Produce,Delivered,3,3.0,3693.17
ORD-101103,2024-02-24,Colombo-Central,Western,Dairy,Cancelled,5,,3263.52
ORD-101436,2024-06-04,Kurunegala-West,North-Western,Dairy,Delivered,2,2.0,5562.95
ORD-104759,2024-09-10,Kandy-Hub,Central,Frozen,Delayed,4,5.0,8480.03
ORD-104084,2024-07-02,Galle-South,Southern,Frozen,In Transit,5,,5721.86
ORD-101590,2024-09-25,Colombo-Central,Western,Dairy,Delivered,5,5.0,5162.79
ORD-103386,2024-10-09,Jaffna-North,Northern,Meat & Seafood,Delivered,3,3.0,10536.32
ORD-100465,2024-12-18,Galle-South,Southern,Frozen,Delayed,2,6.0,7304.31
ORD-102673,2024-03-09,Jaffna-North,Northern,Frozen,Delivered,5,5.0,5135.45
ORD-103257,2024-03-12,Jaffna-North,Northern,Produce,Delivered,5,5.0,3522.98
ORD-104293,2024-02-04,Kurunegala-West,North-Western,Frozen,Delivered,2,2.0,6535.04
ORD-101786,2024-03-13,Jaffna-North,Northern,Dry Goods,In Transit,5,,1291.76
ORD-101718,2024-05-30,Colombo-Central,Western,Meat & Seafood,Delayed,3,6.0,18321.57
ORD-100100,2024-10-30,Galle-South,Southern,Beverages,Cancelled,2,,2339.43
ORD-104028,2024-09-08,Galle-South,Southern,Beverages,Delayed,5,6.0,4192.75
ORD-101705,2024-11-09,Colombo-Central,Western,Dairy,Delayed,4,5.0,3812.89
ORD-103319,2024-01-13,Kandy-Hub,Central,Frozen,Delivered,5,5.0,7928.59
ORD-101049,2024-02-13,Kandy-Hub,Central,Produce,Delivered,1,1.0,1553.37
ORD-101406,2024-05-06,Jaffna-North,Northern,Meat & Seafood,Delivered,4,4.0,12120.23
ORD-103625,2024-09-28,Kandy-Hub,Central,Frozen,Delivered,5,5.0,10393.4
ORD-104192,2024-09-27,Kurunegala-West,North-Western,Dry Goods,Delivered,4,4.0,3142.49
ORD-101253,2024-10-16,Galle-South,Southern,Beverages,Delayed,4,6.0,2463.39
ORD-104738,2024-05-07,Kurunegala-West,North-Western,Meat & Seafood,Cancelled,2,,12999.7
ORD-102420,2024-04-04,Jaffna-North,Northern,Dry Goods,Delivered,4,4.0,2448.75
ORD-104273,2024-04-24,Kandy-Hub,Central,Dairy,Delivered,4,4.0,5679.81
ORD-102847,2024-05-21,Kurunegala-West,North-Western,Beverages,Delivered,5,5.0,3262.03
ORD-101056,2024-06-13,Colombo-Central,Western,Dairy,Delivered,2,2.0,4111.07
ORD-102072,2024-05-26,Jaffna-North,Northern,Frozen,Delivered,1,1.0,11638.21
ORD-101726,2024-12-12,Kurunegala-West,North-Western,Beverages,Cancelled,3,,5057.83
ORD-104252,2024-12-23,Kandy-Hub,Central,Meat & Seafood,Delivered,4,4.0,13649.52
ORD-103361,2024-09-28,Jaffna-North,Northern,Dry Goods,Delayed,3,4.0,1071.48
ORD-101295,2024-07-06,Jaffna-North,Northern,Dairy,Delivered,1,1.0,5719.92
ORD-103592,2024-12-25,Kandy-Hub,Central,Dry Goods,Delivered,3,3.0,1208.96
ORD-103488,2024-06-10,Galle-South,Southern,Meat & Seafood,Delivered,4,4.0,9287.24
ORD-101292,2024-06-10,Colombo-Central,Western,Beverages,Delivered,3,3.0,2391.94
ORD-100589,2024-11-03,Kurunegala-West,North-Western,Beverages,Delivered,1,1.0,4156.04
ORD-104116,2024-01-07,Kandy-Hub,Central,Meat & Seafood,Delivered,3,3.0,8718.69
ORD-102837,2024-11-24,Jaffna-North,Northern,Meat & Seafood,In Transit,2,,9968.17
ORD-104610,2024-02-03,Kurunegala-West,North-Western,Beverages,Delivered,2,2.0,3875.05
ORD-100931,2024-09-12,Galle-South,Southern,Beverages,Delivered,4,4.0,4660.52
ORD-101170,2024-08-17,Galle-South,Southern,Frozen,Delivered,1,1.0,6606.02
ORD-103167,2024-04-07,Kandy-Hub,Central,Produce,Delivered,2,2.0,3525.64
ORD-101699,2024-12-16,Kandy-Hub,Central,Beverages,Delivered,4,4.0,2746.06
ORD-102619,2024-12-11,Jaffna-North,Northern,Beverages,Delivered,5,5.0,3101.93
ORD-100683,2024-12-15,Galle-South,Southern,Dairy,Delivered,3,3.0,3794.71
ORD-100230,2024-06-18,Colombo-Central,Western,Dairy,Delivered,5,5.0,3021.41
ORD-104605,2024-06-21,Colombo-Central,Western,Meat & Seafood,Delivered,2,2.0,13256.61
ORD-103408,2024-08-28,Colombo-Central,Western,Frozen,Delayed,1,3.0,11866.07
ORD-104322,2024-06-17,Kurunegala-West,North-Western,Frozen,Delayed,2,4.0,9457.27
ORD-104046,2024-06-14,Kurunegala-West,North-Western,Meat & Seafood,Delivered,3,3.0,17600.85
ORD-102407,2024-09-16,Jaffna-North,Northern,Produce,Delayed,3,6.0,1958.58
ORD-102337,2024-10-26,Kandy-Hub,Central,Frozen,Delivered,4,4.0,8939.46
ORD-104051,2024-05-23,Galle-South,Southern,Dry Goods,In Transit,4,,3269.08
ORD-100296,2024-11-06,Colombo-Central,Western,Dry Goods,Delivered,1,1.0,3025.49
ORD-104749,2024-05-13,Galle-South,Southern,Dry Goods,Delivered,3,3.0,1251.9
ORD-103780,2024-01-21,Galle-South,Southern,Produce,Delivered,4,4.0,2829.78
ORD-101173,2024-03-05,Kandy-Hub,Central,Dry Goods,Delivered,2,2.0,3423.57
ORD-103127,2024-11-27,Galle-South,Southern,Meat & Seafood,Delivered,2,2.0,11795.68
ORD-103035,2024-12-14,Galle-South,Southern,Dry Goods,Delivered,2,2.0,2250.01
ORD-100742,2024-08-19,Kurunegala-West,North-Western,Frozen,Cancelled,1,,5204.75
ORD-103940,2024-07-17,Colombo-Central,Western,Beverages,Delivered,2,2.0,2865.57
ORD-103868,2024-03-21,Jaffna-North,Northern,Beverages,Delivered,3,3.0,4504.39
ORD-100505,2024-06-14,Kurunegala-West,North-Western,Produce,Delayed,3,6.0,
ORD-104600,2024-12-26,Galle-South,Southern,Produce,Delivered,2,2.0,
ORD-104258,2024-08-08,Colombo-Central,Western,Frozen,Delivered,4,4.0,7598.28
ORD-101485,2024-11-10,Kurunegala-West,North-Western,Beverages,Delayed,5,9.0,3663.42
ORD-101419,2024-06-22,Colombo-Central,Western,Dry Goods,Delayed,5,6.0,2227.41
ORD-103098,2024-03-07,Colombo-Central,Western,Meat & Seafood,Delivered,1,1.0,16635.26
ORD-100705,2024-07-25,Kurunegala-West,North-Western,Dry Goods,Delivered,1,1.0,2338.74
ORD-104725,2024-06-23,Kandy-Hub,Central,Meat & Seafood,Delivered,2,2.0,14793.28
ORD-100333,2024-10-29,Kurunegala-West,North-Western,Frozen,Delivered,1,1.0,9988.28
ORD-100468,2024-03-07,Galle-South,Southern,Beverages,Delivered,1,1.0,5473.43
ORD-103450,2024-06-22,Galle-South,Southern,Dairy,Delivered,4,4.0,5570.92
ORD-103105,2024-04-20,Galle-South,Southern,Meat & Seafood,Delivered,5,5.0,12192.38
ORD-101434,2024-04-26,Jaffna-North,Northern,Produce,Delayed,4,5.0,3797.94
ORD-100149,2024-01-22,Galle-South,Southern,Meat & Seafood,Delayed,4,5.0,
ORD-104031,2024-07-09,Kandy-Hub,Central,Meat & Seafood,Delivered,4,4.0,9496.59
ORD-100414,2024-01-07,Kandy-Hub,Central,Frozen,In Transit,3,,7732.8
ORD-101305,2024-09-02,Kandy-Hub,Central,Dry Goods,Delivered,2,2.0,2989.42
ORD-102629,2024-01-15,Galle-South,Southern,Beverages,Delivered,3,3.0,
ORD-101126,2024-11-07,Colombo-Central,Western,Produce,Delivered,3,3.0,2206.41
ORD-103692,2024-03-12,Kurunegala-West,North-Western,Dry Goods,Delivered,4,4.0,3334.15
ORD-100012,2024-09-25,Galle-South,Southern,Dry Goods,Delivered,4,4.0,3134.81
ORD-100093,2024-05-21,Kurunegala-West,North-Western,Produce,Delayed,5,9.0,3731.51
ORD-103657,2024-12-02,Kurunegala-West,North-Western,Dry Goods,In Transit,5,,1253.48
ORD-101541,2024-03-29,Kurunegala-West,North-Western,Beverages,Delivered,2,2.0,4414.78
ORD-104372,2024-03-23,Colombo-Central,Western,Meat & Seafood,Delivered,5,5.0,10523.29
ORD-103759,2024-07-23,Colombo-Central,Western,Dairy,Delivered,3,3.0,4942.86
ORD-103733,2024-12-06,Galle-South,Southern,Dry Goods,Delayed,5,7.0,2214.92
ORD-103767,2024-09-30,Galle-South,Southern,Beverages,Delivered,1,1.0,4983.59
ORD-102902,2024-11-11,Kandy-Hub,Central,Dairy,Delivered,1,1.0,5794.35
ORD-100733,2024-10-09,Galle-South,Southern,Frozen,Delivered,2,2.0,11484.49
ORD-103497,2024-06-22,Colombo-Central,Western,Frozen,Delayed,1,3.0,5494.87
ORD-104125,2024-07-02,Kandy-Hub,Central,Produce,Delivered,5,5.0,2813.11
ORD-101784,2024-09-22,Kandy-Hub,Central,Produce,Delivered,3,3.0,3294.36
ORD-102181,2024-03-28,Kurunegala-West,North-Western,Dairy,Delivered,1,1.0,5335.5
ORD-100416,2024-12-19,Kandy-Hub,Central,Dairy,In Transit,5,,2657.58
ORD-102316,2024-02-01,Jaffna-North,Northern,Produce,Delivered,5,5.0,2379.22
ORD-104325,2024-05-23,Galle-South,Southern,Dry Goods,Delivered,4,4.0,2532.51
ORD-104177,2024-09-18,Jaffna-North,Northern,Produce,In Transit,4,,3729.6
ORD-100333,2024-10-29,Kurunegala-West,North-Western,Frozen,Delivered,1,1.0,9988.28
ORD-101094,2024-04-29,Kandy-Hub,Central,Beverages,Delivered,1,1.0,3793.92
ORD-100746,2024-07-13,Galle-South,Southern,Dry Goods,Delivered,5,5.0,3209.08
ORD-103899,2024-12-03,Colombo-Central,Western,Meat & Seafood,Cancelled,4,,14948.71
ORD-103979,2024-02-24,Galle-South,Southern,Dairy,Delayed,1,5.0,4525.43
ORD-102687,2024-07-25,Jaffna-North,Northern,Frozen,Delivered,4,4.0,8607.76
ORD-103017,2024-03-19,Colombo-Central,Western,Dry Goods,Delivered,5,5.0,2143.05
ORD-101992,2024-04-14,Kandy-Hub,Central,Beverages,In Transit,2,,4621.13
ORD-104904,2024-03-10,Jaffna-North,Northern,Produce,In Transit,1,,3083.57
ORD-102651,2024-11-16,Galle-South,Southern,Produce,In Transit,4,,3932.5
ORD-102850,2024-03-12,Kandy-Hub,Central,Meat & Seafood,Delivered,1,1.0,8953.41
ORD-102858,2024-09-21,Colombo-Central,Western,Meat & Seafood,Delivered,2,2.0,12195.86
ORD-103527,2024-02-02,Kurunegala-West,North-Western,Beverages,Delayed,1,2.0,2763.89
ORD-104242,2024-10-27,Jaffna-North,Northern,Dry Goods,Cancelled,5,,3054.89
ORD-103682,2024-03-19,Colombo-Central,Western,Dry Goods,Delivered,4,4.0,2172.57
ORD-100132,2024-02-03,Galle-South,Southern,Meat & Seafood,In Transit,1,,19977.79
ORD-102413,2024-08-07,Kandy-Hub,Central,Frozen,Delivered,1,1.0,5979.21
ORD-103634,2024-12-16,Kurunegala-West,North-Western,Dry Goods,Delayed,2,6.0,1473.14
ORD-101482,2024-04-15,Kurunegala-West,North-Western,Dairy,Delivered,2,2.0,2813.18
ORD-100429,2024-09-18,Kurunegala-West,North-Western,Frozen,Delivered,1,1.0,6388.55
ORD-104805,2024-10-01,Colombo-Central,Western,Produce,Delivered,1,1.0,3574.71
ORD-104739,2024-07-09,Jaffna-North,Northern,Meat & Seafood,Delayed,2,6.0,9793.74
ORD-101907,2024-02-28,Colombo-Central,Western,Dairy,Delivered,3,3.0,
ORD-100287,2024-07-27,Kurunegala-West,North-Western,Meat & Seafood,Delayed,2,3.0,19735.28
ORD-103274,2024-03-29,Colombo-Central,Western,Meat & Seafood,Delivered,3,3.0,
ORD-103653,2024-07-07,Colombo-Central,Western,Dairy,Delayed,2,4.0,5385.68
ORD-103922,2024-06-24,Jaffna-North,Northern,Frozen,Delivered,4,4.0,11039.73
ORD-104163,2024-03-14,Jaffna-North,Northern,Meat & Seafood,Delivered,2,2.0,14754.94
ORD-103107,2024-05-14,Galle-South,Southern,Dairy,In Transit,5,,
ORD-102094,2024-02-29,Kurunegala-West,North-Western,Dry Goods,Delivered,5,5.0,2176.95
ORD-102436,2024-08-21,Kurunegala-West,North-Western,Frozen,Delivered,2,2.0,9348.94
ORD-101870,2024-01-16,Colombo-Central,Western,Produce,In Transit,1,,3085.7
ORD-102694,2024-12-07,Jaffna-North,Northern,Frozen,Delivered,5,5.0,8167.94
ORD-102970,2024-08-11,Kandy-Hub,Central,Beverages,Delivered,4,4.0,3422.07
ORD-104975,2024-10-19,Colombo-Central,Western,Dairy,Delivered,2,2.0,2817.51
ORD-103544,2024-01-14,Colombo-Central,Western,Meat & Seafood,Delivered,3,3.0,10269.29
ORD-104894,2024-06-24,Galle-South,Southern,Frozen,Delivered,3,3.0,10450.02
ORD-103724,2024-01-04,Kurunegala-West,North-Western,Frozen,Delivered,2,2.0,5451.84
ORD-100437,2024-12-04,Colombo-Central,Western,Produce,Delivered,2,2.0,2547.09
ORD-103873,2024-06-22,Kurunegala-West,North-Western,Meat & Seafood,Cancelled,1,,12686.03
ORD-100584,2024-05-27,Galle-South,Southern,Dry Goods,Delivered,1,1.0,1870.8
ORD-102299,2024-11-21,Kurunegala-West,North-Western,Beverages,Delivered,3,3.0,3780.77
ORD-101438,2024-04-26,Colombo-Central,Western,Meat & Seafood,Delivered,4,4.0,18850.16
ORD-104576,2024-01-31,Kandy-Hub,Central,Produce,Delivered,1,1.0,1678.96
ORD-103871,2024-02-07,Galle-South,Southern,Beverages,Delivered,4,4.0,2896.62
ORD-100711,2024-07-09,Kurunegala-West,North-Western,Meat & Seafood,Cancelled,4,,19697.91
ORD-102851,2024-05-22,Galle-South,Southern,Dairy,Delivered,3,3.0,3684.0
ORD-104484,2024-06-20,Galle-South,Southern,Frozen,Delivered,5,5.0,11004.78
ORD-102416,2024-08-14,Kurunegala-West,North-Western,Meat & Seafood,Delivered,5,5.0,19272.07
ORD-104552,2024-02-06,Galle-South,Southern,Dairy,Delivered,2,2.0,
ORD-102321,2024-01-13,Kandy-Hub,Central,Beverages,In Transit,4,,5380.22
ORD-103007,2024-06-04,Kandy-Hub,Central,Meat & Seafood,Delivered,2,2.0,11687.98
ORD-102131,2024-12-22,Kurunegala-West,North-Western,Meat & Seafood,Cancelled,4,,10543.6
ORD-104734,2024-10-29,Kandy-Hub,Central,Meat & Seafood,In Transit,4,,16223.39
ORD-102669,2024-12-17,Kandy-Hub,Central,Beverages,Delivered,4,4.0,3788.36
ORD-100586,2024-09-08,Kandy-Hub,Central,Frozen,In Transit,5,,8912.7
ORD-102372,2024-01-23,Galle-South,Southern,Dairy,Delivered,5,5.0,5811.64
ORD-101534,2024-10-25,Kurunegala-West,North-Western,Meat & Seafood,Delivered,4,4.0,17052.87
ORD-100734,2024-03-17,Jaffna-North,Northern,Frozen,In Transit,4,,5163.54
ORD-102164,2024-12-14,Jaffna-North,Northern,Dairy,Delivered,5,5.0,4687.42
ORD-103106,2024-11-10,Galle-South,Southern,Meat & Seafood,Delivered,3,3.0,18478.84
ORD-104424,2024-04-24,Kandy-Hub,Central,Meat & Seafood,Delivered,2,2.0,8828.35
ORD-102586,2024-05-14,Kurunegala-West,North-Western,Meat & Seafood,Delivered,2,2.0,18988.57
ORD-100553,2024-04-26,Jaffna-North,Northern,Dry Goods,Delayed,2,6.0,3388.9
ORD-104943,2024-11-11,Colombo-Central,Western,Beverages,Delivered,4,4.0,3565.98
ORD-100472,2024-06-06,Jaffna-North,Northern,Beverages,Delivered,4,4.0,4818.79
ORD-101057,2024-10-08,Jaffna-North,Northern,Meat & Seafood,Delayed,2,5.0,19027.53
ORD-103290,2024-05-27,Galle-South,Southern,Dairy,In Transit,5,,5805.25
ORD-104675,2024-05-14,Colombo-Central,Western,Frozen,Delivered,2,2.0,5263.1
ORD-101047,2024-08-07,Galle-South,Southern,Beverages,Delivered,1,1.0,2436.45
ORD-101220,2024-08-25,Kandy-Hub,Central,Dry Goods,Delayed,4,8.0,1828.3
ORD-100544,2024-10-30,Kandy-Hub,Central,Dry Goods,In Transit,2,,2552.24
ORD-100800,2024-01-05,Colombo-Central,Western,Dry Goods,Delayed,1,4.0,3306.94
ORD-104231,2024-12-04,Kandy-Hub,Central,Meat & Seafood,Delivered,1,1.0,17837.41
ORD-103524,2024-04-16,Galle-South,Southern,Dry Goods,Delivered,3,3.0,1995.61
ORD-100290,2024-10-21,Kurunegala-West,North-Western,Produce,Delayed,4,8.0,
ORD-104720,2024-07-27,Kurunegala-West,North-Western,Dry Goods,Delayed,4,8.0,1193.22
ORD-100926,2024-07-16,Jaffna-North,Northern,Beverages,Delayed,1,4.0,3819.56
ORD-100252,2024-03-09,Jaffna-North,Northern,Dry Goods,In Transit,3,,1334.92
ORD-100969,2024-01-14,Colombo-Central,Western,Meat & Seafood,Delivered,2,2.0,12443.63
ORD-103311,2024-05-26,Colombo-Central,Western,Frozen,Delivered,4,4.0,7287.24
ORD-100350,2024-07-13,Kandy-Hub,Central,Meat & Seafood,Delivered,1,1.0,13000.85
ORD-103206,2024-12-30,Galle-South,Southern,Frozen,Cancelled,3,,5434.46
ORD-102034,2024-12-25,Kurunegala-West,North-Western,Frozen,In Transit,3,,9605.82
ORD-103034,2024-02-06,Kurunegala-West,North-Western,Meat & Seafood,Delivered,4,4.0,8188.04
ORD-101593,2024-01-07,Jaffna-North,Northern,Dry Goods,Delivered,3,3.0,1217.48
ORD-100090,2024-06-07,Kurunegala-West,North-Western,Dairy,Delivered,3,3.0,
ORD-101618,2024-02-14,Kandy-Hub,Central,Frozen,Delivered,3,3.0,6407.73
ORD-100811,2024-11-16,Jaffna-North,Northern,Beverages,Delivered,5,5.0,2189.35
ORD-100721,2024-12-05,Galle-South,Southern,Dry Goods,Delayed,3,5.0,2184.56
ORD-103102,2024-01-06,Colombo-Central,Western,Frozen,In Transit,2,,8150.44
ORD-100026,2024-05-26,Kandy-Hub,Central,Meat & Seafood,Delayed,1,2.0,10890.5
ORD-101345,2024-12-30,Jaffna-North,Northern,Frozen,Delivered,5,5.0,8022.31
ORD-102083,2024-08-31,Galle-South,Southern,Dairy,Delayed,5,8.0,3309.81
ORD-101755,2024-04-26,Kurunegala-West,North-Western,Produce,Delivered,4,4.0,3802.31
ORD-101210,2024-08-15,Colombo-Central,Western,Frozen,Delayed,3,5.0,11193.76
ORD-104022,2024-07-16,Jaffna-North,Northern,Meat & Seafood,In Transit,1,,17208.98
ORD-104071,2024-10-12,Colombo-Central,Western,Dry Goods,Cancelled,4,,1135.98
ORD-102373,2024-05-25,Kandy-Hub,Central,Beverages,Delivered,3,3.0,2885.0
ORD-104965,2024-02-08,Kandy-Hub,Central,Dry Goods,Delayed,5,6.0,3229.39
ORD-103771,2024-04-30,Kurunegala-West,North-Western,Meat & Seafood,Delivered,4,4.0,17780.62
ORD-100915,2024-06-16,Colombo-Central,Western,Dry Goods,Delayed,3,4.0,2064.51
ORD-102525,2024-04-28,Colombo-Central,Western,Dairy,Delivered,2,2.0,2519.86
ORD-101074,2024-06-19,Kurunegala-West,North-Western,Produce,Cancelled,5,,1742.47
ORD-103698,2024-04-15,Galle-South,Southern,Frozen,Delivered,1,1.0,5509.99
ORD-100254,2024-08-29,Kandy-Hub,Central,Dairy,Delivered,4,4.0,5141.07
ORD-104299,2024-02-04,Galle-South,Southern,Dry Goods,Delivered,4,4.0,1715.69
ORD-103210,2024-12-16,Jaffna-North,Northern,Dairy,Delayed,1,3.0,3644.81
ORD-104086,2024-04-08,Jaffna-North,Northern,Frozen,Delayed,4,8.0,6701.01
ORD-104354,2024-06-25,Galle-South,Southern,Meat & Seafood,Delivered,3,3.0,15562.44
ORD-104596,2024-11-24,Jaffna-North,Northern,Dry Goods,Delivered,1,1.0,2772.33
ORD-101729,2024-02-08,Kandy-Hub,Central,Beverages,Delivered,2,2.0,4044.7
ORD-102275,2024-06-04,Kandy-Hub,Central,Produce,Delivered,2,2.0,3337.35
ORD-101952,2024-01-27,Kurunegala-West,North-Western,Beverages,Delayed,1,3.0,2768.88
ORD-101270,2024-05-14,Galle-South,Southern,Frozen,Delivered,3,3.0,7063.16
ORD-104694,2024-09-15,Colombo-Central,Western,Beverages,Delivered,5,5.0,2534.77
ORD-100315,2024-08-28,Galle-South,Southern,Dry Goods,Delivered,4,4.0,2889.09
ORD-104964,2024-12-10,Jaffna-North,Northern,Dairy,Delayed,2,5.0,5508.28
ORD-104921,2024-11-14,Colombo-Central,Western,Frozen,Delivered,2,2.0,9945.78
ORD-103828,2024-09-05,Jaffna-North,Northern,Dairy,Delayed,5,7.0,3573.01
ORD-100555,2024-07-03,Galle-South,Southern,Beverages,Delivered,1,1.0,2007.49
ORD-101919,2024-07-12,Jaffna-North,Northern,Produce,Cancelled,3,,1564.58
ORD-103945,2024-09-24,Jaffna-North,Northern,Produce,Delivered,1,1.0,1514.74
ORD-100069,2024-06-20,Kurunegala-West,North-Western,Dry Goods,Cancelled,2,,1664.16
ORD-102527,2024-12-12,Kandy-Hub,Central,Beverages,Delivered,2,2.0,4284.37
ORD-103443,2024-03-21,Colombo-Central,Western,Frozen,Delivered,2,2.0,8667.07
ORD-103409,2024-06-21,Jaffna-North,Northern,Frozen,In Transit,5,,10989.67
ORD-102874,2024-05-19,Kandy-Hub,Central,Meat & Seafood,Delayed,3,5.0,18426.75
ORD-104335,2024-06-04,Kandy-Hub,Central,Produce,In Transit,5,,2145.89
ORD-103169,2024-08-09,Galle-South,Southern,Frozen,Delivered,4,4.0,9935.24
ORD-100805,2024-10-12,Colombo-Central,Western,Frozen,Delivered,4,4.0,5966.94
ORD-101553,2024-08-13,Galle-South,Southern,Beverages,Delayed,3,7.0,3856.21
ORD-102118,2024-07-18,Galle-South,Southern,Dairy,Delivered,2,2.0,2876.41
ORD-104220,2024-02-10,Colombo-Central,Western,Meat & Seafood,Delivered,4,4.0,13076.9
ORD-103703,2024-11-26,Colombo-Central,Western,Frozen,Delivered,4,4.0,6606.76
ORD-100893,2024-12-23,Kandy-Hub,Central,Beverages,Delayed,2,4.0,4302.87
ORD-104992,2024-12-27,Kurunegala-West,North-Western,Meat & Seafood,Delivered,1,1.0,10642.13
ORD-102146,2024-03-05,Kurunegala-West,North-Western,Dairy,Delivered,1,1.0,5798.93
ORD-100387,2024-10-30,Kurunegala-West,North-Western,Beverages,Delivered,2,2.0,4992.1
ORD-100751,2024-02-23,Kandy-Hub,Central,Beverages,Delivered,2,2.0,5023.89
ORD-102842,2024-10-05,Kurunegala-West,North-Western,Dry Goods,Delivered,3,3.0,1355.33
ORD-103182,2024-09-29,Jaffna-North,Northern,Beverages,Delayed,2,5.0,3083.07
ORD-101983,2024-10-01,Colombo-Central,Western,Beverages,Delivered,4,4.0,2405.17
ORD-104037,2024-08-12,Jaffna-North,Northern,Dairy,Delivered,1,1.0,3541.28
ORD-103024,2024-05-16,Colombo-Central,Western,Beverages,In Transit,3,,2728.84
ORD-102187,2024-04-04,Colombo-Central,Western,Dry Goods,In Transit,1,,2248.18
ORD-100410,2024-03-04,Colombo-Central,Western,Dry Goods,Cancelled,2,,2781.95
ORD-104490,2024-03-09,Kandy-Hub,Central,Beverages,In Transit,5,,3362.77
ORD-100109,2024-09-14,Kandy-Hub,Central,Beverages,In Transit,5,,5137.28
ORD-102555,2024-02-07,Colombo-Central,Western,Dry Goods,Delivered,5,5.0,2235.67
ORD-103220,2024-09-12,Kandy-Hub,Central,Frozen,Delivered,5,5.0,11455.54
ORD-102153,2024-07-17,Kurunegala-West,North-Western,Dry Goods,Delivered,3,3.0,1602.61
ORD-104731,2024-09-07,Colombo-Central,Western,Dairy,In Transit,1,,3787.87
ORD-102663,2024-06-30,Jaffna-North,Northern,Meat & Seafood,Delivered,1,1.0,11258.37
ORD-102191,2024-05-29,Kurunegala-West,North-Western,Frozen,Delivered,3,3.0,6243.21
ORD-104328,2024-01-18,Galle-South,Southern,Dairy,Delivered,1,1.0,3656.55
ORD-101647,2024-08-30,Kurunegala-West,North-Western,Produce,Delivered,5,5.0,2163.83
ORD-100221,2024-06-15,Kurunegala-West,North-Western,Produce,In Transit,4,,2040.17
ORD-104409,2024-04-27,Colombo-Central,Western,Dry Goods,Delivered,1,1.0,2197.88
ORD-104637,2024-06-30,Galle-South,Southern,Frozen,Delayed,3,6.0,7792.78
ORD-100655,2024-07-13,Kandy-Hub,Central,Meat & Seafood,Cancelled,1,,
ORD-104144,2024-02-17,Kurunegala-West,North-Western,Dry Goods,Delivered,5,5.0,3011.51
ORD-101788,2024-06-21,Kandy-Hub,Central,Dry Goods,Delivered,1,1.0,2830.32
ORD-102921,2024-10-08,Kandy-Hub,Central,Produce,Delivered,5,5.0,1822.88
ORD-101255,2024-01-31,Colombo-Central,Western,Beverages,Delivered,4,4.0,3400.95
ORD-104013,2024-06-27,Galle-South,Southern,Beverages,Delivered,4,4.0,3587.2
ORD-104454,2024-08-11,Kandy-Hub,Central,Produce,Delayed,3,7.0,3512.77
ORD-101209,2024-12-17,Jaffna-North,Northern,Dry Goods,Delivered,2,2.0,2263.39
ORD-104248,2024-11-29,Galle-South,Southern,Produce,Delivered,5,5.0,2327.76
ORD-101128,2024-07-22,Kandy-Hub,Central,Meat & Seafood,Delivered,5,5.0,14585.58
ORD-104173,2024-05-09,Galle-South,Southern,Beverages,Delayed,4,5.0,2592.4
ORD-102319,2024-10-09,Colombo-Central,Western,Meat & Seafood,In Transit,1,,13725.16
ORD-103989,2024-06-22,Kandy-Hub,Central,Beverages,Delayed,2,5.0,4197.33
ORD-100177,2024-02-28,Galle-South,Southern,Meat & Seafood,Cancelled,3,,10985.58
ORD-102949,2024-07-08,Colombo-Central,Western,Dairy,Delivered,1,1.0,3664.26
ORD-104792,2024-12-20,Colombo-Central,Western,Frozen,Delivered,2,2.0,9619.03
ORD-100080,2024-12-09,Kandy-Hub,Central,Dairy,Delivered,1,1.0,4858.3
ORD-101224,2024-06-01,Kandy-Hub,Central,Beverages,Delivered,5,5.0,
ORD-102298,2024-03-22,Galle-South,Southern,Beverages,Delivered,5,5.0,4218.8
ORD-102915,2024-06-08,Kurunegala-West,North-Western,Beverages,Cancelled,2,,5277.25
ORD-102543,2024-05-18,Kurunegala-West,North-Western,Produce,Delivered,2,2.0,2740.61
ORD-104323,2024-04-06,Kurunegala-West,North-Western,Frozen,Delivered,3,3.0,5445.67
ORD-101779,2024-09-06,Kandy-Hub,Central,Dairy,In Transit,5,,4542.73
ORD-104767,2024-01-04,Kandy-Hub,Central,Dairy,Delivered,1,1.0,4177.74
ORD-101611,2024-02-22,Colombo-Central,Western,Beverages,Delivered,2,2.0,3114.23
ORD-103778,2024-12-25,Colombo-Central,Western,Frozen,Delivered,5,5.0,5815.34
ORD-101867,2024-10-04,Kandy-Hub,Central,Produce,Delayed,4,5.0,1849.25
ORD-100670,2024-12-13,Kandy-Hub,Central,Produce,Cancelled,4,,3295.28
ORD-104831,2024-02-09,Kurunegala-West,North-Western,Meat & Seafood,Delivered,2,2.0,16281.78
ORD-103618,2024-06-07,Colombo-Central,Western,Meat & Seafood,Delivered,5,5.0,15868.23
ORD-101807,2024-06-24,Kurunegala-West,North-Western,Beverages,In Transit,4,,
ORD-103393,2024-03-09,Colombo-Central,Western,Frozen,Delivered,1,1.0,8813.88
ORD-102688,2024-08-20,Colombo-Central,Western,Frozen,Delivered,3,3.0,11483.27
ORD-102894,2024-04-05,Jaffna-North,Northern,Dry Goods,Delivered,4,4.0,1594.45
ORD-104873,2024-08-02,Kandy-Hub,Central,Dairy,Delivered,3,3.0,3090.34
ORD-100219,2024-11-25,Kandy-Hub,Central,Meat & Seafood,Delivered,5,5.0,15998.7
ORD-102095,2024-10-11,Kurunegala-West,North-Western,Dairy,Delivered,2,2.0,4793.76
ORD-103044,2024-03-10,Galle-South,Southern,Frozen,Delivered,2,2.0,9672.07
ORD-100043,2024-05-09,Galle-South,Southern,Meat & Seafood,Cancelled,3,,8178.56
ORD-100210,2024-04-05,Colombo-Central,Western,Produce,Delivered,5,5.0,2832.4
ORD-101513,2024-04-30,Colombo-Central,Western,Dairy,Delivered,3,3.0,3222.08
ORD-100354,2024-12-19,Jaffna-North,Northern,Dry Goods,Delivered,1,1.0,3093.43
ORD-102441,2024-01-01,Jaffna-North,Northern,Frozen,Delivered,3,3.0,6375.38
ORD-101197,2024-12-24,Kandy-Hub,Central,Dry Goods,Delivered,4,4.0,1208.05
ORD-103975,2024-09-09,Colombo-Central,Western,Dairy,Delivered,5,5.0,2532.14
ORD-103204,2024-04-19,Galle-South,Southern,Meat & Seafood,Delivered,3,3.0,13045.91
ORD-100367,2024-04-25,Galle-South,Southern,Beverages,Delivered,1,1.0,4430.92
ORD-102596,2024-07-01,Jaffna-North,Northern,Beverages,Delivered,4,4.0,4105.31
ORD-103789,2024-04-25,Kandy-Hub,Central,Dairy,Delivered,4,4.0,4277.42
ORD-101728,2024-06-11,Colombo-Central,Western,Meat & Seafood,Delayed,3,6.0,13246.82
ORD-100135,2024-04-20,Colombo-Central,Western,Frozen,Delivered,2,2.0,6880.48
ORD-101503,2024-04-27,Galle-South,Southern,Frozen,Delivered,1,1.0,7001.0
ORD-100047,2024-11-21,Jaffna-North,Northern,Dry Goods,Delivered,2,2.0,2804.53
ORD-102318,2024-11-06,Galle-South,Southern,Produce,Delivered,2,2.0,3304.52
ORD-101391,2024-07-12,Kandy-Hub,Central,Produce,Delayed,3,5.0,3833.07
ORD-102063,2024-09-19,Colombo-Central,Western,Frozen,Delivered,1,1.0,9916.19
ORD-101010,2024-04-08,Kandy-Hub,Central,Dry Goods,Delivered,5,5.0,3110.84
ORD-102121,2024-12-13,Jaffna-North,Northern,Dry Goods,Delayed,1,5.0,3407.27
ORD-103995,2024-05-02,Galle-South,Southern,Frozen,Delivered,2,2.0,8387.99
ORD-100061,2024-09-28,Jaffna-North,Northern,Dairy,Delivered,1,1.0,5795.31
ORD-101032,2024-09-23,Jaffna-North,Northern,Dry Goods,Delivered,5,5.0,2658.45
ORD-103245,2024-10-22,Kurunegala-West,North-Western,Dairy,Delivered,3,3.0,3660.32
ORD-100095,2024-04-15,Colombo-Central,Western,Beverages,In Transit,1,,3863.71
ORD-100478,2024-08-30,Colombo-Central,Western,Dry Goods,In Transit,4,,2755.32
ORD-104321,2024-06-12,Jaffna-North,Northern,Dry Goods,Delivered,4,4.0,2721.82
ORD-100842,2024-11-27,Galle-South,Southern,Meat & Seafood,Delivered,1,1.0,14175.11
ORD-100889,2024-04-08,Kandy-Hub,Central,Meat & Seafood,Delivered,3,3.0,18102.96
ORD-101616,2024-10-16,Galle-South,Southern,Frozen,Delivered,4,4.0,11619.83
ORD-101902,2024-09-19,Kurunegala-West,North-Western,Produce,Delivered,3,3.0,3938.75
ORD-101505,2024-03-29,Kandy-Hub,Central,Beverages,Delayed,3,7.0,2914.01
ORD-100322,2024-08-12,Jaffna-North,Northern,Frozen,Delivered,3,3.0,7121.2
ORD-101322,2024-07-19,Colombo-Central,Western,Dry Goods,Delivered,4,4.0,1252.06
ORD-103473,2024-11-19,Kandy-Hub,Central,Dairy,Delivered,5,5.0,4959.79
ORD-104041,2024-08-25,Colombo-Central,Western,Meat & Seafood,Delivered,2,2.0,17748.51
ORD-102387,2024-12-22,Galle-South,Southern,Frozen,Delayed,2,3.0,9081.92
ORD-101425,2024-10-24,Jaffna-North,Northern,Meat & Seafood,Delivered,3,3.0,18904.53
ORD-102521,2024-01-17,Kurunegala-West,North-Western,Meat & Seafood,Delivered,3,3.0,13984.26
ORD-103129,2024-10-15,Colombo-Central,Western,Frozen,Delivered,3,3.0,11720.27
ORD-101187,2024-08-06,Kurunegala-West,North-Western,Dairy,Delivered,4,4.0,4300.03
ORD-102463,2024-08-01,Kurunegala-West,North-Western,Frozen,Cancelled,3,,8725.01
ORD-100291,2024-04-07,Kurunegala-West,North-Western,Meat & Seafood,Delivered,5,5.0,8754.68
ORD-102357,2024-03-21,Kandy-Hub,Central,Frozen,Delivered,3,3.0,9781.04
ORD-102754,2024-12-27,Colombo-Central,Western,Beverages,Delivered,5,5.0,5380.93
ORD-100533,2024-04-13,Galle-South,Southern,Produce,Delivered,1,1.0,3106.99
ORD-102053,2024-12-11,Colombo-Central,Western,Dairy,Delivered,4,4.0,
ORD-103935,2024-11-05,Jaffna-North,Northern,Produce,Delivered,2,2.0,1884.14
ORD-101261,2024-12-03,Galle-South,Southern,Frozen,Delivered,4,4.0,7534.82
ORD-101876,2024-03-26,Galle-South,Southern,Dry Goods,Cancelled,2,,2233.7
ORD-102587,2024-04-27,Colombo-Central,Western,Meat & Seafood,Delayed,4,6.0,14607.71
ORD-104019,2024-09-07,Kandy-Hub,Central,Dry Goods,Delivered,5,5.0,2062.75
ORD-104982,2024-03-09,Kandy-Hub,Central,Frozen,Delivered,1,1.0,11343.35
ORD-103334,2024-01-27,Kurunegala-West,North-Western,Meat & Seafood,Delivered,4,4.0,15148.97
ORD-100428,2024-01-10,Colombo-Central,Western,Produce,Delivered,4,4.0,1636.71
ORD-101038,2024-06-08,Galle-South,Southern,Dry Goods,Delivered,2,2.0,2090.29
ORD-103308,2024-01-09,Jaffna-North,Northern,Produce,Delivered,5,5.0,2756.27
ORD-104302,2024-02-18,Galle-South,Southern,Dairy,Delayed,4,7.0,4493.05
ORD-103648,2024-12-30,Kurunegala-West,North-Western,Beverages,Delivered,5,5.0,2046.43
ORD-101192,2024-03-03,Kandy-Hub,Central,Beverages,Delivered,1,1.0,4464.04
ORD-102238,2024-06-22,Kandy-Hub,Central,Frozen,Delivered,5,5.0,11578.88
ORD-102426,2024-02-27,Galle-South,Southern,Dry Goods,Delivered,3,3.0,1434.12
ORD-101084,2024-03-14,Jaffna-North,Northern,Dairy,Delayed,2,5.0,3599.85
ORD-100626,2024-05-03,Galle-South,Southern,Produce,Delivered,5,5.0,3471.14
ORD-102021,2024-08-28,Kurunegala-West,North-Western,Beverages,Delivered,2,2.0,4672.41
ORD-104711,2024-10-17,Kurunegala-West,North-Western,Frozen,Delivered,4,4.0,10233.0
ORD-104570,2024-09-09,Kurunegala-West,North-Western,Produce,Delayed,1,2.0,3567.04
ORD-104970,2024-11-08,Colombo-Central,Western,Dairy,Delayed,4,5.0,5452.05
ORD-100657,2024-08-19,Kurunegala-West,North-Western,Frozen,Delivered,4,4.0,7128.31
ORD-102559,2024-08-03,Kurunegala-West,North-Western,Dairy,Cancelled,3,,5186.82
ORD-100763,2024-12-07,Colombo-Central,Western,Beverages,In Transit,4,,5483.37
ORD-100787,2024-09-07,Jaffna-North,Northern,Frozen,In Transit,1,,10632.75
ORD-103286,2024-02-17,Colombo-Central,Western,Beverages,Delayed,1,5.0,3023.98
ORD-101183,2024-06-12,Kurunegala-West,North-Western,Beverages,In Transit,4,,3780.93
ORD-104510,2024-04-19,Kandy-Hub,Central,Dry Goods,Cancelled,3,,2361.99
ORD-102280,2024-10-05,Jaffna-North,Northern,Beverages,Delivered,1,1.0,3236.83
ORD-100952,2024-08-12,Colombo-Central,Western,Meat & Seafood,Delivered,5,5.0,19180.19
ORD-103543,2024-10-09,Galle-South,Southern,Dry Goods,Delivered,5,5.0,1486.3
ORD-101937,2024-07-21,Kandy-Hub,Central,Dry Goods,Delayed,1,2.0,1531.28
ORD-101543,2024-07-26,Galle-South,Southern,Meat & Seafood,Delivered,4,4.0,16843.35
ORD-102282,2024-04-28,Jaffna-North,Northern,Beverages,Delivered,2,2.0,2475.69
ORD-101020,2024-01-21,Kandy-Hub,Central,Frozen,Delivered,5,5.0,11273.76
ORD-101736,2024-07-02,Kandy-Hub,Central,Dairy,Delivered,1,1.0,3968.21
ORD-101281,2024-09-26,Kandy-Hub,Central,Frozen,Delivered,4,4.0,11885.72
ORD-102201,2024-01-03,Kandy-Hub,Central,Dry Goods,Delivered,4,4.0,3448.94
ORD-100070,2024-10-17,Kurunegala-West,North-Western,Produce,Delivered,3,3.0,2333.27
ORD-100949,2024-04-11,Galle-South,Southern,Beverages,Delayed,1,5.0,2334.59
ORD-101231,2024-09-24,Jaffna-North,Northern,Produce,Delivered,5,5.0,2357.41
ORD-100831,2024-03-28,Colombo-Central,Western,Frozen,Delivered,5,5.0,8517.81
ORD-103303,2024-04-10,Galle-South,Southern,Meat & Seafood,Delivered,3,3.0,14124.25
ORD-101934,2024-02-23,Kandy-Hub,Central,Dairy,Delayed,1,2.0,4274.66
ORD-103738,2024-08-31,Jaffna-North,Northern,Beverages,Delayed,4,5.0,4343.19
ORD-104277,2024-10-06,Colombo-Central,Western,Beverages,Delivered,2,2.0,2533.51
ORD-104676,2024-07-21,Kurunegala-West,North-Western,Dairy,Delivered,5,5.0,5645.89
ORD-101612,2024-09-01,Kurunegala-West,North-Western,Meat & Seafood,Delivered,1,1.0,15988.15
ORD-101221,2024-07-20,Kandy-Hub,Central,Dairy,Delivered,3,3.0,3331.83
ORD-100501,2024-08-25,Kandy-Hub,Central,Frozen,In Transit,5,,7991.17
ORD-103519,2024-12-02,Kandy-Hub,Central,Produce,Delivered,5,5.0,2959.81
ORD-101174,2024-01-04,Galle-South,Southern,Dairy,Delivered,1,1.0,5449.0
ORD-102700,2024-11-17,Galle-South,Southern,Meat & Seafood,Delivered,5,5.0,18708.25
ORD-104908,2024-10-18,Jaffna-North,Northern,Beverages,Delivered,5,5.0,4778.67
ORD-104391,2024-10-24,Jaffna-North,Northern,Meat & Seafood,Delivered,4,4.0,8861.19
ORD-101330,2024-06-13,Colombo-Central,Western,Meat & Seafood,Delivered,1,1.0,9970.9
ORD-102342,2024-07-18,Kurunegala-West,North-Western,Frozen,Delivered,2,2.0,9902.89
ORD-100896,2024-07-04,Colombo-Central,Western,Beverages,Delivered,2,2.0,2520.78
ORD-104971,2024-05-19,Kandy-Hub,Central,Beverages,Delivered,5,5.0,3718.26
ORD-104928,2024-03-07,Kandy-Hub,Central,Dry Goods,Cancelled,2,,3278.75
ORD-102610,2024-12-20,Colombo-Central,Western,Meat & Seafood,Delivered,3,3.0,8028.16
ORD-104846,2024-11-01,Galle-South,Southern,Beverages,Delivered,1,1.0,4727.2
ORD-101090,2024-07-02,Kandy-Hub,Central,Dry Goods,Delivered,1,1.0,1945.52
ORD-101946,2024-02-27,Galle-South,Southern,Frozen,Delivered,5,5.0,10906.35
ORD-100944,2024-02-17,Kandy-Hub,Central,Dry Goods,In Transit,1,,1352.92
ORD-103742,2024-12-08,Kurunegala-West,North-Western,Frozen,Delivered,5,5.0,11886.02
ORD-102351,2024-09-30,Kurunegala-West,North-Western,Meat & Seafood,Delivered,5,5.0,8948.45
ORD-101626,2024-07-29,Jaffna-North,Northern,Dry Goods,Delivered,3,3.0,2993.94
ORD-102588,2024-12-20,Colombo-Central,Western,Dry Goods,Delivered,2,2.0,1774.7
ORD-103757,2024-07-18,Kurunegala-West,North-Western,Beverages,Delivered,5,5.0,4926.99
ORD-101437,2024-08-26,Kandy-Hub,Central,Dairy,Delivered,4,4.0,3060.19
ORD-104753,2024-11-14,Kandy-Hub,Central,Dairy,Delivered,5,5.0,3397.41
ORD-103669,2024-03-20,Kurunegala-West,North-Western,Frozen,Delayed,1,4.0,9001.66
ORD-102648,2024-12-07,Galle-South,Southern,Dry Goods,Delivered,1,1.0,2395.58
ORD-100233,2024-10-03,Colombo-Central,Western,Dry Goods,Delivered,3,3.0,1079.25
ORD-104644,2024-01-10,Galle-South,Southern,Frozen,Delivered,3,3.0,
ORD-100798,2024-04-25,Galle-South,Southern,Dairy,Delivered,3,3.0,3498.14
ORD-100633,2024-05-18,Kandy-Hub,Central,Dairy,Delayed,5,8.0,3296.09
ORD-102314,2024-03-23,Kurunegala-West,North-Western,Dry Goods,Cancelled,2,,2222.56
ORD-100415,2024-09-04,Kandy-Hub,Central,Meat & Seafood,Cancelled,1,,16241.8
ORD-102659,2024-02-28,Jaffna-North,Northern,Produce,Delayed,1,5.0,2851.41
ORD-102024,2024-01-27,Colombo-Central,Western,Meat & Seafood,Delivered,2,2.0,11457.2
ORD-102607,2024-04-03,Colombo-Central,Western,Dairy,In Transit,3,,3468.58
ORD-103893,2024-03-14,Kandy-Hub,Central,Beverages,Delivered,4,4.0,2795.32
ORD-103493,2024-09-28,Kurunegala-West,North-Western,Dry Goods,Delivered,3,3.0,2350.52
ORD-100810,2024-01-17,Jaffna-North,Northern,Frozen,In Transit,1,,6928.7
ORD-100017,2024-02-16,Galle-South,Southern,Beverages,Delivered,5,5.0,2928.52
ORD-102533,2024-03-03,Galle-South,Southern,Dairy,Delivered,4,4.0,5974.94
ORD-102462,2024-06-22,Kandy-Hub,Central,Meat & Seafood,Delivered,2,2.0,17425.77
ORD-102091,2024-04-29,Galle-South,Southern,Frozen,Delivered,5,5.0,7068.39
ORD-102170,2024-01-08,Kurunegala-West,North-Western,Beverages,Delivered,5,5.0,3359.51
ORD-100596,2024-07-30,Galle-South,Southern,Produce,Delivered,3,3.0,2671.51
ORD-104408,2024-04-05,Kandy-Hub,Central,Meat & Seafood,Delivered,4,4.0,16917.39
ORD-102194,2024-08-27,Jaffna-North,Northern,Dairy,Delivered,3,3.0,4560.8
ORD-104397,2024-04-04,Galle-South,Southern,Beverages,Delivered,3,3.0,3029.79
ORD-101557,2024-10-09,Kandy-Hub,Central,Beverages,Cancelled,2,,4000.93
ORD-102244,2024-09-16,Jaffna-North,Northern,Dairy,Delayed,5,7.0,5897.92
ORD-104439,2024-04-24,Colombo-Central,Western,Produce,Delayed,2,3.0,3860.2
ORD-100371,2024-08-29,Jaffna-North,Northern,Meat & Seafood,Delivered,3,3.0,17430.57
ORD-103718,2024-09-06,Jaffna-North,Northern,Produce,Delivered,2,2.0,1577.54
ORD-102757,2024-08-19,Colombo-Central,Western,Produce,Delivered,4,4.0,3975.39
ORD-103053,2024-05-10,Jaffna-North,Northern,Produce,Delivered,3,3.0,2972.98
ORD-100598,2024-08-17,Jaffna-North,Northern,Meat & Seafood,Delivered,2,2.0,8911.21
ORD-100676,2024-07-30,Galle-South,Southern,Produce,Delivered,4,4.0,3739.31
ORD-100238,2024-04-22,Kurunegala-West,North-Western,Frozen,Delivered,3,3.0,6460.87
ORD-104012,2024-09-08,Jaffna-North,Northern,Meat & Seafood,Delivered,4,4.0,13565.71
ORD-104264,2024-08-06,Jaffna-North,Northern,Meat & Seafood,In Transit,5,,8431.44
ORD-101212,2024-06-17,Galle-South,Southern,Dairy,Delayed,3,5.0,3523.58
ORD-101849,2024-03-01,Colombo-Central,Western,Dry Goods,Delivered,3,3.0,2985.87
ORD-102042,2024-09-29,Jaffna-North,Northern,Dry Goods,Delivered,5,5.0,1789.07
ORD-101362,2024-05-08,Jaffna-North,Northern,Dry Goods,In Transit,1,,3217.16
ORD-104369,2024-07-11,Kurunegala-West,North-Western,Dairy,Delivered,2,2.0,5141.28
ORD-103534,2024-02-02,Galle-South,Southern,Frozen,In Transit,2,,10324.14
ORD-103166,2024-09-30,Colombo-Central,Western,Produce,Delivered,4,4.0,1813.5
ORD-102804,2024-03-03,Jaffna-North,Northern,Dairy,In Transit,3,,
ORD-104256,2024-04-29,Galle-South,Southern,Meat & Seafood,Cancelled,1,,16487.6
ORD-103862,2024-03-31,Kurunegala-West,North-Western,Frozen,In Transit,4,,9937.71
ORD-102829,2024-02-16,Kandy-Hub,Central,Dry Goods,In Transit,5,,1077.27
ORD-102367,2024-03-05,Galle-South,Southern,Dry Goods,Delayed,4,6.0,
ORD-101756,2024-05-07,Galle-South,Southern,Dairy,Delivered,1,1.0,4804.89
ORD-104296,2024-06-11,Jaffna-North,Northern,Frozen,Delivered,2,2.0,9289.89
ORD-104289,2024-04-22,Kandy-Hub,Central,Meat & Seafood,Delivered,1,1.0,8505.7
ORD-102414,2024-05-15,Kandy-Hub,Central,Dairy,Delivered,3,3.0,4898.43
ORD-104008,2024-03-10,Colombo-Central,Western,Dairy,In Transit,1,,3562.45
ORD-103674,2024-08-23,Kurunegala-West,North-Western,Produce,Delivered,3,3.0,1500.27
ORD-103557,2024-05-06,Kandy-Hub,Central,Frozen,Delivered,4,4.0,11067.09
ORD-104112,2024-02-25,Kurunegala-West,North-Western,Produce,Delivered,4,4.0,2248.81
ORD-100621,2024-06-23,Colombo-Central,Western,Frozen,Delivered,4,4.0,7559.6
ORD-102341,2024-05-23,Kandy-Hub,Central,Meat & Seafood,Delivered,5,5.0,8467.87
ORD-103702,2024-04-01,Kurunegala-West,North-Western,Meat & Seafood,Delivered,1,1.0,16773.7
ORD-100566,2024-03-24,Kandy-Hub,Central,Produce,Delivered,3,3.0,1529.06
ORD-101514,2024-03-31,Kurunegala-West,North-Western,Beverages,Cancelled,3,,2263.32
ORD-102520,2024-06-10,Colombo-Central,Western,Dairy,Delivered,4,4.0,4222.76
ORD-101215,2024-02-11,Jaffna-North,Northern,Dry Goods,Delivered,2,2.0,1932.48
ORD-100051,2024-03-12,Colombo-Central,Western,Dry Goods,Delivered,1,1.0,2658.52
ORD-102210,2024-09-12,Jaffna-North,Northern,Meat & Seafood,Delayed,4,5.0,16589.38
ORD-100807,2024-02-10,Kurunegala-West,North-Western,Dairy,Delivered,5,5.0,5293.35
ORD-102702,2024-03-21,Galle-South,Southern,Dry Goods,Delivered,3,3.0,3401.4
ORD-104183,2024-11-07,Galle-South,Southern,Dry Goods,Cancelled,5,,2172.5
ORD-100534,2024-07-29,Colombo-Central,Western,Meat & Seafood,Delivered,4,4.0,19422.39
ORD-103249,2024-05-24,Kurunegala-West,North-Western,Dairy,Delivered,4,4.0,5317.87
ORD-103961,2024-11-09,Galle-South,Southern,Meat & Seafood,Delivered,4,4.0,14253.11
ORD-100443,2024-06-27,Kurunegala-West,North-Western,Dry Goods,Delivered,1,1.0,2516.11
ORD-101001,2024-09-25,Kurunegala-West,North-Western,Produce,Delayed,2,6.0,2323.28
ORD-100195,2024-02-01,Galle-South,Southern,Dry Goods,Delivered,3,3.0,1771.29
ORD-101420,2024-12-12,Jaffna-North,Northern,Dry Goods,Delivered,1,1.0,2130.19
ORD-100812,2024-09-06,Kandy-Hub,Central,Dry Goods,Delivered,2,2.0,3472.62
ORD-101874,2024-05-29,Galle-South,Southern,Dry Goods,Delivered,5,5.0,2737.05
ORD-104455,2024-01-25,Kandy-Hub,Central,Produce,Delivered,1,1.0,3398.16
ORD-103063,2024-02-16,Kandy-Hub,Central,Meat & Seafood,Delivered,4,4.0,14744.09
ORD-104307,2024-10-18,Colombo-Central,Western,Dry Goods,Delivered,4,4.0,2059.73
ORD-103270,2024-03-01,Kandy-Hub,Central,Frozen,Delivered,4,4.0,9674.89
ORD-102609,2024-10-28,Colombo-Central,Western,Beverages,Delivered,3,3.0,5020.9
ORD-103933,2024-09-23,Colombo-Central,Western,Dry Goods,Delayed,1,2.0,2571.18
ORD-104190,2024-06-05,Colombo-Central,Western,Dairy,Delivered,1,1.0,5950.49
ORD-100644,2024-10-08,Jaffna-North,Northern,Meat & Seafood,Delivered,4,4.0,19557.69
ORD-102284,2024-09-05,Colombo-Central,Western,Beverages,Delivered,1,1.0,2743.8
ORD-103591,2024-04-17,Galle-South,Southern,Dry Goods,Delivered,5,5.0,1362.25
ORD-102577,2024-06-13,Kandy-Hub,Central,Frozen,Delivered,1,1.0,11569.94
ORD-104447,2024-03-10,Jaffna-North,Northern,Dairy,Delivered,4,4.0,3152.48
ORD-100120,2024-06-09,Kurunegala-West,North-Western,Dry Goods,Delivered,3,3.0,2483.61
ORD-101268,2024-12-13,Kandy-Hub,Central,Meat & Seafood,Delivered,1,1.0,18025.61
ORD-104613,2024-07-09,Galle-South,Southern,Dairy,Delivered,3,3.0,3215.44
ORD-104938,2024-04-17,Jaffna-North,Northern,Produce,Delivered,3,3.0,2810.31
ORD-102495,2024-03-15,Kurunegala-West,North-Western,Meat & Seafood,Delivered,3,3.0,9133.55
ORD-102022,2024-08-28,Jaffna-North,Northern,Meat & Seafood,Delivered,4,4.0,13892.56
ORD-100134,2024-10-17,Jaffna-North,Northern,Dairy,Delivered,4,4.0,3070.31
ORD-102789,2024-10-31,Kurunegala-West,North-Western,Dry Goods,Delivered,1,1.0,2983.11
ORD-103857,2024-01-07,Kandy-Hub,Central,Produce,In Transit,2,,2092.94
ORD-104766,2024-07-27,Kandy-Hub,Central,Produce,Delivered,1,1.0,3086.36
ORD-100184,2024-06-29,Jaffna-North,Northern,Meat & Seafood,Delivered,2,2.0,14779.45
ORD-101360,2024-01-31,Jaffna-North,Northern,Meat & Seafood,Delivered,4,4.0,16707.59
ORD-101703,2024-03-13,Colombo-Central,Western,Meat & Seafood,Delivered,5,5.0,19236.66
ORD-100511,2024-09-29,Jaffna-North,Northern,Meat & Seafood,Delayed,4,5.0,15563.28
ORD-100877,2024-09-28,Kandy-Hub,Central,Meat & Seafood,Delayed,4,6.0,9047.89
ORD-100062,2024-05-13,Jaffna-North,Northern,Meat & Seafood,Delivered,3,3.0,16403.26
ORD-104786,2024-07-23,Galle-South,Southern,Produce,Delivered,2,2.0,1588.18
ORD-102722,2024-02-11,Kurunegala-West,North-Western,Dairy,Delivered,1,1.0,3050.39
ORD-103787,2024-01-08,Jaffna-North,Northern,Produce,In Transit,5,,2703.72
ORD-102575,2024-04-30,Colombo-Central,Western,Meat & Seafood,Delayed,2,3.0,10752.62
ORD-100776,2024-06-03,Kandy-Hub,Central,Frozen,Delivered,5,5.0,6777.97
ORD-100251,2024-06-29,Galle-South,Southern,Dairy,Delivered,3,3.0,4335.15
ORD-102394,2024-06-21,Galle-South,Southern,Dry Goods,Delivered,4,4.0,3003.32
ORD-100859,2024-10-19,Jaffna-North,Northern,Dry Goods,Delivered,3,3.0,3381.23
ORD-103760,2024-03-04,Kurunegala-West,North-Western,Meat & Seafood,Delivered,5,5.0,16447.26
ORD-102656,2024-01-22,Kurunegala-West,North-Western,Produce,Delivered,2,2.0,2858.22
ORD-103388,2024-04-15,Kurunegala-West,North-Western,Frozen,Delivered,3,3.0,9774.65
ORD-100122,2024-08-26,Jaffna-North,Northern,Beverages,Delivered,3,3.0,3458.19
ORD-103710,2024-05-11,Kandy-Hub,Central,Dairy,Delivered,4,4.0,5460.91
ORD-101168,2024-12-30,Kurunegala-West,North-Western,Beverages,Delivered,1,1.0,2767.49
ORD-101941,2024-04-02,Galle-South,Southern,Frozen,In Transit,4,,10002.09
ORD-103807,2024-02-26,Kandy-Hub,Central,Produce,In Transit,4,,3461.39
ORD-100567,2024-04-01,Kandy-Hub,Central,Frozen,Delivered,3,3.0,6973.35
ORD-102370,2024-01-17,Jaffna-North,Northern,Dairy,Delivered,5,5.0,4117.47
ORD-103250,2024-05-03,Jaffna-North,Northern,Produce,Delivered,3,3.0,2069.4
ORD-101533,2024-03-09,Colombo-Central,Western,Frozen,In Transit,4,,10378.8
ORD-104214,2024-09-07,Kurunegala-West,North-Western,Meat & Seafood,Delayed,2,4.0,14658.45
ORD-104985,2024-01-19,Jaffna-North,Northern,Beverages,Delivered,1,1.0,4892.8
ORD-101893,2024-09-16,Jaffna-North,Northern,Dairy,Delivered,5,5.0,4782.98
ORD-101491,2024-06-27,Galle-South,Southern,Dairy,Delivered,5,5.0,4865.02
ORD-104770,2024-04-17,Colombo-Central,Western,Produce,In Transit,3,,2693.6
ORD-104200,2024-09-04,Galle-South,Southern,Meat & Seafood,Delivered,5,5.0,10593.28
ORD-100720,2024-02-20,Kurunegala-West,North-Western,Frozen,Delivered,2,2.0,9858.14
ORD-102764,2024-03-15,Galle-South,Southern,Frozen,Delivered,3,3.0,10533.84
ORD-102077,2024-06-09,Colombo-Central,Western,Produce,Delivered,2,2.0,2945.35
ORD-101456,2024-12-25,Kandy-Hub,Central,Frozen,Delivered,1,1.0,8552.1
ORD-104357,2024-04-03,Colombo-Central,Western,Meat & Seafood,Delivered,1,1.0,19453.33
ORD-103260,2024-06-07,Jaffna-North,Northern,Dry Goods,Delivered,2,2.0,1447.88
ORD-100602,2024-09-26,Colombo-Central,Western,Dairy,Delayed,1,4.0,4979.08
ORD-102099,2024-03-31,Kurunegala-West,North-Western,Dry Goods,Delivered,2,2.0,2516.57
ORD-101569,2024-12-25,Colombo-Central,Western,Produce,Delivered,5,5.0,1957.26
ORD-101101,2024-06-20,Kurunegala-West,North-Western,Produce,Delivered,1,1.0,3559.76
ORD-103525,2024-03-18,Kandy-Hub,Central,Meat & Seafood,Delayed,2,3.0,17869.21
ORD-100318,2024-12-08,Jaffna-North,Northern,Dairy,Cancelled,2,,4668.27
ORD-104497,2024-05-21,Kurunegala-West,North-Western,Beverages,Delivered,5,5.0,4229.42
ORD-101293,2024-01-02,Jaffna-North,Northern,Dry Goods,Delayed,5,9.0,1921.88
ORD-100274,2024-06-01,Jaffna-North,Northern,Produce,Delivered,4,4.0,1584.8
ORD-102962,2024-12-21,Galle-South,Southern,Dairy,Delivered,1,1.0,3170.09
ORD-100549,2024-09-05,Jaffna-North,Northern,Frozen,Delivered,3,3.0,6164.84
ORD-102223,2024-06-03,Kandy-Hub,Central,Frozen,Delivered,3,3.0,5791.97
ORD-103901,2024-12-13,Kurunegala-West,North-Western,Dry Goods,Delivered,4,4.0,2148.9
ORD-104942,2024-11-01,Kurunegala-West,North-Western,Meat & Seafood,Delivered,3,3.0,17359.49
ORD-104549,2024-11-13,Colombo-Central,Western,Beverages,Delayed,5,7.0,5388.38
ORD-100605,2024-07-14,Colombo-Central,Western,Beverages,Delivered,1,1.0,2538.92
ORD-102259,2024-12-28,Colombo-Central,Western,Dairy,Delivered,3,3.0,5549.73
ORD-100527,2024-02-22,Kandy-Hub,Central,Meat & Seafood,Delayed,4,8.0,9999.92
ORD-102515,2024-10-26,Kandy-Hub,Central,Dairy,Delivered,3,3.0,5805.18
ORD-104966,2024-03-23,Jaffna-North,Northern,Produce,Delivered,4,4.0,3017.21
ORD-102456,2024-11-02,Galle-South,Southern,Produce,Delayed,4,6.0,1549.99
ORD-103845,2024-06-23,Jaffna-North,Northern,Frozen,Delivered,3,3.0,9057.34
ORD-104954,2024-05-17,Galle-South,Southern,Frozen,Delivered,4,4.0,5762.57
ORD-101873,2024-12-09,Kandy-Hub,Central,Produce,Cancelled,2,,2006.42
ORD-103214,2024-07-24,Colombo-Central,Western,Dairy,Delivered,3,3.0,2719.59
ORD-100298,2024-04-13,Colombo-Central,Western,Beverages,Delivered,5,5.0,4613.95
ORD-101135,2024-01-22,Colombo-Central,Western,Dairy,Delivered,5,5.0,4641.54
ORD-102585,2024-07-21,Colombo-Central,Western,Meat & Seafood,Delayed,2,4.0,17078.54
ORD-101877,2024-11-23,Colombo-Central,Western,Dry Goods,Delivered,2,2.0,1813.95
ORD-104772,2024-03-05,Kurunegala-West,North-Western,Frozen,Delivered,1,1.0,11030.33
ORD-104994,2024-08-22,Kurunegala-West,North-Western,Beverages,Delivered,5,5.0,4363.04
ORD-104074,2024-04-28,Galle-South,Southern,Beverages,Delayed,3,5.0,3992.27
ORD-101615,2024-03-04,Colombo-Central,Western,Beverages,Delayed,1,3.0,2069.38
ORD-104948,2024-04-06,Kurunegala-West,North-Western,Frozen,Delayed,5,8.0,10591.9
ORD-100150,2024-11-08,Colombo-Central,Western,Dry Goods,Delayed,3,5.0,3384.0
ORD-100756,2024-09-26,Kandy-Hub,Central,Dairy,Delayed,3,7.0,5548.2
ORD-101052,2024-07-02,Kandy-Hub,Central,Meat & Seafood,Delayed,3,6.0,17984.09
ORD-102519,2024-12-29,Colombo-Central,Western,Produce,Delayed,3,5.0,2574.36
ORD-104255,2024-04-29,Kandy-Hub,Central,Frozen,Delivered,3,3.0,10731.73
ORD-101483,2024-02-10,Galle-South,Southern,Dry Goods,Delayed,2,4.0,1269.4
ORD-101115,2024-06-27,Colombo-Central,Western,Produce,Delivered,3,3.0,2138.99
ORD-103065,2024-07-19,Jaffna-North,Northern,Beverages,Delivered,2,2.0,2212.63
ORD-102254,2024-04-17,Kandy-Hub,Central,Meat & Seafood,Delivered,3,3.0,19994.71
ORD-100376,2024-09-25,Colombo-Central,Western,Frozen,Delivered,1,1.0,6934.61
ORD-102103,2024-02-17,Galle-South,Southern,Dry Goods,Delivered,4,4.0,2516.76
ORD-104222,2024-10-28,Galle-South,Southern,Dry Goods,Delivered,2,2.0,
ORD-102339,2024-02-03,Galle-South,Southern,Beverages,Cancelled,4,,3268.27
ORD-103944,2024-02-17,Colombo-Central,Western,Beverages,Delivered,3,3.0,5372.61
ORD-100378,2024-05-18,Galle-South,Southern,Produce,Cancelled,4,,3269.0
ORD-102775,2024-04-20,Kurunegala-West,North-Western,Dairy,Delivered,5,5.0,3559.17
ORD-104135,2024-12-20,Colombo-Central,Western,Meat & Seafood,Delivered,1,1.0,11009.5
ORD-104420,2024-09-20,Galle-South,Southern,Dry Goods,Delayed,5,6.0,2354.25
ORD-100907,2024-03-04,Kurunegala-West,North-Western,Produce,Delayed,3,7.0,2780.97
ORD-101370,2024-11-17,Kurunegala-West,North-Western,Beverages,Delivered,1,1.0,2692.37
ORD-101954,2024-12-20,Galle-South,Southern,Frozen,Delivered,2,2.0,5188.17
ORD-101721,2024-09-27,Kandy-Hub,Central,Dry Goods,Delivered,1,1.0,2626.4
ORD-103313,2024-03-23,Kurunegala-West,North-Western,Dry Goods,Delayed,4,5.0,2179.0
ORD-103055,2024-06-23,Jaffna-North,Northern,Dairy,In Transit,4,,
ORD-101869,2024-10-08,Colombo-Central,Western,Produce,Delayed,5,6.0,3533.59
ORD-103915,2024-01-29,Galle-South,Southern,Dry Goods,Delayed,2,6.0,1698.91
ORD-104634,2024-02-06,Jaffna-North,Northern,Dairy,In Transit,1,,2575.53
ORD-100794,2024-06-06,Galle-South,Southern,Produce,Delivered,1,1.0,3787.99
ORD-102552,2024-03-20,Galle-South,Southern,Dry Goods,Delivered,2,2.0,1208.26
ORD-100841,2024-08-27,Kurunegala-West,North-Western,Frozen,Delivered,3,3.0,8631.38
ORD-103337,2024-01-19,Galle-South,Southern,Produce,Delayed,3,4.0,1893.44
ORD-101702,2024-09-05,Galle-South,Southern,Meat & Seafood,Delivered,5,5.0,13077.32
ORD-100175,2024-06-17,Colombo-Central,Western,Frozen,Delivered,3,3.0,9026.79
ORD-101808,2024-02-02,Colombo-Central,Western,Beverages,Delivered,3,3.0,2374.23
ORD-102792,2024-09-20,Jaffna-North,Northern,Frozen,Delayed,3,6.0,11506.21
ORD-103670,2024-02-22,Jaffna-North,Northern,Meat & Seafood,Delivered,3,3.0,13075.08
ORD-100045,2024-12-20,Kandy-Hub,Central,Meat & Seafood,Delivered,5,5.0,12723.3
ORD-102807,2024-04-23,Galle-South,Southern,Dry Goods,Delivered,3,3.0,
ORD-102458,2024-06-22,Colombo-Central,Western,Frozen,Delivered,1,1.0,8448.93
ORD-101755,2024-04-26,Kurunegala-West,North-Western,Produce,Delivered,4,4.0,3802.31
ORD-102886,2024-12-06,Kandy-Hub,Central,Beverages,Delivered,3,3.0,3319.62
ORD-101717,2024-05-18,Jaffna-North,Northern,Dry Goods,Cancelled,3,,2303.58
ORD-103599,2024-08-14,Jaffna-North,Northern,Dairy,Delivered,3,3.0,4969.72
ORD-103607,2024-09-10,Kandy-Hub,Central,Frozen,Delivered,2,2.0,7404.19
ORD-102934,2024-10-21,Jaffna-North,Northern,Meat & Seafood,Delivered,3,3.0,8510.83
ORD-103792,2024-04-03,Jaffna-North,Northern,Beverages,Delivered,3,3.0,2931.29
ORD-101740,2024-06-06,Colombo-Central,Western,Dry Goods,Delivered,4,4.0,1869.54
ORD-103161,2024-11-20,Kandy-Hub,Central,Beverages,Delayed,3,4.0,4477.37
ORD-102471,2024-02-06,Kurunegala-West,North-Western,Dairy,Delivered,5,5.0,4734.64
ORD-100283,2024-06-28,Jaffna-North,Northern,Dry Goods,Delivered,3,3.0,2604.73
ORD-104048,2024-05-02,Galle-South,Southern,Dry Goods,Delivered,1,1.0,1951.29
ORD-101448,2024-09-26,Colombo-Central,Western,Meat & Seafood,Delivered,5,5.0,17150.71
ORD-101432,2024-03-03,Kandy-Hub,Central,Dry Goods,Delivered,5,5.0,3114.82
ORD-103609,2024-09-03,Colombo-Central,Western,Meat & Seafood,Delivered,5,5.0,9625.92
ORD-103095,2024-10-01,Kandy-Hub,Central,Dry Goods,Delivered,5,5.0,1597.89
ORD-104907,2024-10-15,Kurunegala-West,North-Western,Dry Goods,Delivered,2,2.0,2994.15
ORD-101075,2024-02-29,Colombo-Central,Western,Dry Goods,Delivered,4,4.0,2789.87
ORD-103038,2024-04-13,Kandy-Hub,Central,Frozen,Delivered,2,2.0,10552.47
ORD-104803,2024-10-16,Kandy-Hub,Central,Produce,Delivered,3,3.0,3750.58
ORD-102602,2024-10-11,Kandy-Hub,Central,Meat & Seafood,In Transit,4,,19040.43
ORD-103639,2024-08-14,Kandy-Hub,Central,Meat & Seafood,Delivered,3,3.0,10672.17
ORD-102746,2024-03-22,Kurunegala-West,North-Western,Produce,Delivered,4,4.0,2253.24
ORD-102361,2024-10-01,Jaffna-North,Northern,Dairy,Delivered,1,1.0,5032.32
ORD-104152,2024-11-28,Kandy-Hub,Central,Beverages,Delivered,2,2.0,3957.33
ORD-101055,2024-12-29,Kurunegala-West,North-Western,Produce,Delivered,3,3.0,3272.16
ORD-100977,2024-07-27,Colombo-Central,Western,Frozen,Delivered,4,4.0,7388.44
ORD-104604,2024-03-17,Galle-South,Southern,Dairy,Delivered,4,4.0,4746.54
ORD-101872,2024-08-08,Kurunegala-West,North-Western,Dairy,Delivered,4,4.0,
ORD-101539,2024-08-14,Colombo-Central,Western,Beverages,Delivered,4,4.0,2396.4
ORD-104937,2024-08-03,Colombo-Central,Western,Beverages,Delivered,4,4.0,4081.32
ORD-100099,2024-02-21,Kandy-Hub,Central,Meat & Seafood,Delivered,2,2.0,11613.24
ORD-101739,2024-03-15,Galle-South,Southern,Produce,Cancelled,4,,3451.37
ORD-104405,2024-11-22,Kandy-Hub,Central,Dairy,Delayed,3,4.0,3721.17
ORD-101732,2024-09-12,Galle-South,Southern,Frozen,Delivered,5,5.0,5458.65
ORD-102197,2024-11-10,Kurunegala-West,North-Western,Dry Goods,Delivered,2,2.0,1026.89
ORD-100351,2024-01-17,Galle-South,Southern,Dairy,Delayed,1,3.0,4387.3
ORD-102787,2024-01-22,Galle-South,Southern,Dairy,In Transit,3,,5006.24
ORD-101932,2024-10-31,Colombo-Central,Western,Dairy,Delivered,5,5.0,3183.3
ORD-101818,2024-02-19,Jaffna-North,Northern,Beverages,Delayed,2,4.0,3376.97
ORD-101002,2024-07-22,Jaffna-North,Northern,Dry Goods,Delivered,1,1.0,3149.43
ORD-100718,2024-03-27,Colombo-Central,Western,Produce,Delivered,1,1.0,2510.16
ORD-102755,2024-11-14,Kurunegala-West,North-Western,Meat & Seafood,Delivered,2,2.0,10102.9
ORD-102776,2024-07-09,Kurunegala-West,North-Western,Meat & Seafood,Delayed,2,6.0,16906.48
ORD-104632,2024-04-10,Kandy-Hub,Central,Meat & Seafood,Delivered,3,3.0,12353.14
ORD-100308,2024-04-25,Colombo-Central,Western,Dairy,In Transit,1,,3392.99
ORD-101564,2024-07-22,Colombo-Central,Western,Produce,Delivered,3,3.0,3849.34
ORD-100833,2024-02-22,Kandy-Hub,Central,Dairy,Delivered,3,3.0,2505.29
ORD-100366,2024-06-20,Colombo-Central,Western,Produce,Delivered,5,5.0,2830.6
ORD-104879,2024-10-02,Colombo-Central,Western,Meat & Seafood,Delivered,2,2.0,19196.33
ORD-102119,2024-09-13,Galle-South,Southern,Meat & Seafood,Delayed,4,8.0,10918.95
ORD-103196,2024-03-23,Kandy-Hub,Central,Frozen,Delivered,4,4.0,9539.92
ORD-103836,2024-03-12,Kandy-Hub,Central,Dairy,Delivered,4,4.0,5714.41
ORD-102589,2024-05-06,Galle-South,Southern,Dairy,Delivered,2,2.0,2678.45
ORD-103988,2024-05-31,Colombo-Central,Western,Beverages,Delivered,5,5.0,5074.01
ORD-100019,2024-06-13,Jaffna-North,Northern,Frozen,Delivered,4,4.0,6874.17
ORD-101477,2024-05-23,Kandy-Hub,Central,Meat & Seafood,In Transit,2,,17167.25
ORD-101606,2024-02-23,Kurunegala-West,North-Western,Beverages,Delivered,1,1.0,2382.49
ORD-102658,2024-09-02,Jaffna-North,Northern,Dairy,Delivered,1,1.0,5542.77
ORD-100218,2024-06-12,Colombo-Central,Western,Beverages,Delayed,2,6.0,4409.88
ORD-101878,2024-09-22,Galle-South,Southern,Meat & Seafood,Delivered,4,4.0,12110.15
ORD-100438,2024-01-30,Galle-South,Southern,Dairy,Delivered,3,3.0,2589.48
ORD-101158,2024-05-20,Jaffna-North,Northern,Beverages,Delivered,5,5.0,3399.37
ORD-101614,2024-01-22,Kandy-Hub,Central,Beverages,Delivered,5,5.0,2946.5
ORD-104783,2024-10-02,Kandy-Hub,Central,Dairy,Delivered,2,2.0,5148.72
ORD-103501,2024-08-21,Kandy-Hub,Central,Dairy,Delivered,4,4.0,4676.2
ORD-101181,2024-12-04,Kurunegala-West,North-Western,Frozen,Delivered,2,2.0,7504.4
ORD-104697,2024-02-02,Colombo-Central,Western,Produce,Delivered,2,2.0,3117.07
ORD-104001,2024-11-03,Colombo-Central,Western,Beverages,Delivered,1,1.0,4983.49
ORD-102818,2024-02-16,Jaffna-North,Northern,Dairy,Cancelled,4,,5434.27
ORD-100802,2024-07-07,Galle-South,Southern,Produce,Delivered,1,1.0,2672.33
ORD-103058,2024-05-22,Jaffna-North,Northern,Produce,Delayed,1,4.0,2039.9
ORD-103574,2024-12-13,Kurunegala-West,North-Western,Dry Goods,Cancelled,2,,2691.73
ORD-103796,2024-09-07,Kandy-Hub,Central,Meat & Seafood,Delayed,4,5.0,16370.01
ORD-102465,2024-03-12,Galle-South,Southern,Beverages,Delivered,3,3.0,3274.03
ORD-100582,2024-02-08,Jaffna-North,Northern,Dry Goods,Delivered,4,4.0,2556.9
ORD-100203,2024-09-12,Jaffna-North,Northern,Produce,Delivered,5,5.0,1770.82
ORD-104113,2024-12-22,Jaffna-North,Northern,Meat & Seafood,Delayed,1,3.0,11696.04
ORD-103484,2024-05-28,Colombo-Central,Western,Produce,Delayed,3,4.0,3448.76
ORD-102292,2024-03-26,Kandy-Hub,Central,Frozen,Delivered,5,5.0,7757.58
ORD-102222,2024-01-10,Kandy-Hub,Central,Dry Goods,Delivered,2,2.0,
ORD-103475,2024-03-19,Kurunegala-West,North-Western,Dry Goods,Delivered,3,3.0,
ORD-102328,2024-01-10,Kandy-Hub,Central,Produce,Delivered,5,5.0,3604.47
ORD-104627,2024-03-06,Kurunegala-West,North-Western,Dry Goods,Delivered,1,1.0,2466.01
ORD-103428,2024-10-11,Galle-South,Southern,Dairy,In Transit,4,,5443.91
ORD-101995,2024-01-01,Jaffna-North,Northern,Beverages,Delivered,3,3.0,4555.97
ORD-103403,2024-12-25,Kurunegala-West,North-Western,Dry Goods,Delivered,5,5.0,1138.66
ORD-103418,2024-02-05,Jaffna-North,Northern,Frozen,Delayed,5,6.0,11547.27
ORD-100517,2024-01-25,Jaffna-North,Northern,Frozen,Delayed,2,4.0,6274.54
ORD-102503,2024-02-09,Galle-South,Southern,Produce,Delivered,3,3.0,1506.98
ORD-101375,2024-12-16,Kurunegala-West,North-Western,Produce,Delivered,1,1.0,2748.27
ORD-102057,2024-09-26,Kurunegala-West,North-Western,Meat & Seafood,Delivered,4,4.0,13131.77
ORD-100668,2024-12-01,Jaffna-North,Northern,Frozen,Delivered,5,5.0,11304.79
ORD-102464,2024-06-18,Galle-South,Southern,Meat & Seafood,Delivered,2,2.0,16998.15
ORD-101978,2024-01-21,Jaffna-North,Northern,Meat & Seafood,Delivered,1,1.0,15471.6
ORD-104961,2024-07-03,Kurunegala-West,North-Western,Dry Goods,Delivered,1,1.0,2981.29
ORD-100996,2024-07-11,Kurunegala-West,North-Western,Produce,Delivered,3,3.0,1912.86
ORD-102473,2024-03-16,Kandy-Hub,Central,Frozen,Delivered,3,3.0,6582.2
ORD-102801,2024-06-11,Colombo-Central,Western,Dairy,Delivered,2,2.0,3555.64
ORD-103555,2024-06-12,Kurunegala-West,North-Western,Dry Goods,Delayed,1,5.0,2704.66
ORD-104429,2024-12-02,Galle-South,Southern,Beverages,Delayed,4,5.0,3677.95
ORD-103410,2024-01-26,Kurunegala-West,North-Western,Meat & Seafood,Delayed,1,3.0,13888.05
ORD-103460,2024-05-31,Jaffna-North,Northern,Dry Goods,Delivered,5,5.0,2714.81
ORD-104638,2024-08-12,Kurunegala-West,North-Western,Beverages,Delayed,2,3.0,4501.29
ORD-100759,2024-09-23,Colombo-Central,Western,Beverages,Delivered,2,2.0,5303.24
ORD-104232,2024-08-08,Galle-South,Southern,Dry Goods,Cancelled,2,,2225.14
ORD-101397,2024-08-26,Colombo-Central,Western,Meat & Seafood,Delivered,1,1.0,13215.22
ORD-104967,2024-05-03,Colombo-Central,Western,Beverages,Delivered,4,4.0,5437.62
ORD-102252,2024-03-29,Jaffna-North,Northern,Dry Goods,Delivered,5,5.0,1447.61
ORD-102395,2024-08-27,Colombo-Central,Western,Dairy,Delayed,2,6.0,3443.85
ORD-104633,2024-03-04,Kandy-Hub,Central,Meat & Seafood,Delayed,4,5.0,14045.47
ORD-100214,2024-09-25,Kurunegala-West,North-Western,Beverages,Delivered,3,3.0,4250.77
ORD-103398,2024-01-03,Kurunegala-West,North-Western,Dry Goods,Delivered,2,2.0,1035.63
ORD-101117,2024-08-02,Kandy-Hub,Central,Beverages,Delivered,3,3.0,4777.57
ORD-100693,2024-12-11,Kandy-Hub,Central,Beverages,In Transit,3,,3120.88
ORD-101578,2024-02-11,Colombo-Central,Western,Meat & Seafood,Delivered,5,5.0,17213.55
ORD-102671,2024-11-08,Galle-South,Southern,Frozen,Delivered,4,4.0,6839.75
ORD-102499,2024-12-05,Kandy-Hub,Central,Frozen,Delivered,3,3.0,8376.28
ORD-101029,2024-05-01,Kandy-Hub,Central,Dairy,Delivered,2,2.0,4168.57
ORD-101822,2024-04-20,Kurunegala-West,North-Western,Dry Goods,Delivered,2,2.0,2635.25
ORD-101942,2024-11-15,Galle-South,Southern,Frozen,Delayed,5,7.0,11851.46
ORD-102581,2024-06-17,Kandy-Hub,Central,Beverages,Delivered,3,3.0,5250.85
ORD-104991,2024-07-09,Kandy-Hub,Central,Beverages,Delivered,5,5.0,2444.91
ORD-100196,2024-05-05,Kurunegala-West,North-Western,Dry Goods,Delivered,3,3.0,3477.73
ORD-103932,2024-09-13,Galle-South,Southern,Produce,Delayed,3,7.0,3457.67
ORD-103908,2024-03-12,Kandy-Hub,Central,Frozen,Delivered,3,3.0,6927.83
ORD-101924,2024-05-11,Kandy-Hub,Central,Meat & Seafood,Delivered,3,3.0,18548.43
ORD-100879,2024-08-17,Colombo-Central,Western,Dairy,Delivered,2,2.0,5323.31
ORD-103109,2024-03-27,Kurunegala-West,North-Western,Dairy,Delayed,2,4.0,3029.43
ORD-103693,2024-04-29,Jaffna-North,Northern,Produce,Delivered,1,1.0,3992.49
ORD-104973,2024-10-08,Jaffna-North,Northern,Produce,Delivered,5,5.0,1638.08
ORD-101747,2024-05-17,Colombo-Central,Western,Dairy,Delivered,4,4.0,4964.34
ORD-100887,2024-03-11,Colombo-Central,Western,Beverages,Delivered,5,5.0,2611.86
ORD-104154,2024-03-23,Kurunegala-West,North-Western,Frozen,Delivered,5,5.0,11577.01
ORD-100068,2024-01-28,Colombo-Central,Western,Produce,In Transit,4,,
ORD-102728,2024-07-31,Kandy-Hub,Central,Meat & Seafood,Delivered,1,1.0,15154.18
ORD-102100,2024-11-29,Galle-South,Southern,Beverages,Delivered,5,5.0,3406.85
ORD-100568,2024-08-22,Kandy-Hub,Central,Meat & Seafood,Delivered,5,5.0,10960.84
ORD-102025,2024-06-21,Kurunegala-West,North-Western,Dairy,Delivered,4,4.0,4642.96
ORD-100096,2024-03-28,Jaffna-North,Northern,Meat & Seafood,Delivered,3,3.0,11831.66
ORD-101041,2024-11-08,Kandy-Hub,Central,Frozen,Delivered,5,5.0,10042.55
ORD-101454,2024-07-27,Galle-South,Southern,Meat & Seafood,Delivered,5,5.0,18394.7
ORD-100139,2024-06-08,Kurunegala-West,North-Western,Dry Goods,Delivered,3,3.0,2876.76
ORD-102313,2024-01-20,Colombo-Central,Western,Frozen,Delivered,5,5.0,8918.87
ORD-102653,2024-05-16,Kandy-Hub,Central,Meat & Seafood,Delivered,2,2.0,18936.23
ORD-101260,2024-04-07,Colombo-Central,Western,Produce,Delivered,3,3.0,2577.43
ORD-101839,2024-07-20,Kurunegala-West,North-Western,Produce,Delivered,3,3.0,2584.2
ORD-103928,2024-08-29,Jaffna-North,Northern,Beverages,Delivered,1,1.0,4198.31
ORD-101351,2024-05-23,Colombo-Central,Western,Meat & Seafood,Delivered,1,1.0,14380.18
ORD-101966,2024-05-15,Kurunegala-West,North-Western,Dry Goods,Delivered,5,5.0,2640.11
ORD-103795,2024-04-10,Jaffna-North,Northern,Dairy,In Transit,1,,3308.52
ORD-104026,2024-03-17,Kurunegala-West,North-Western,Frozen,Delivered,4,4.0,10765.43
ORD-101025,2024-01-21,Jaffna-North,Northern,Frozen,Delayed,5,6.0,7095.89
ORD-100463,2024-06-01,Kandy-Hub,Central,Meat & Seafood,Delayed,1,2.0,9002.99
ORD-102374,2024-09-12,Kandy-Hub,Central,Dairy,Delivered,4,4.0,3932.71
ORD-101272,2024-12-06,Galle-South,Southern,Dry Goods,Delivered,1,1.0,3033.56
ORD-103937,2024-06-21,Kurunegala-West,North-Western,Dry Goods,Delivered,2,2.0,1397.92
ORD-100594,2024-04-27,Kurunegala-West,North-Western,Dry Goods,Delivered,1,1.0,2340.99
ORD-102215,2024-05-22,Kandy-Hub,Central,Dairy,Delivered,5,5.0,3694.18
ORD-104917,2024-04-09,Kandy-Hub,Central,Dairy,Delivered,5,5.0,5746.35
ORD-100625,2024-03-25,Jaffna-North,Northern,Frozen,Delivered,1,1.0,11716.01
ORD-100450,2024-12-16,Kandy-Hub,Central,Beverages,Delivered,5,5.0,4798.61
ORD-101550,2024-04-12,Galle-South,Southern,Frozen,Delivered,5,5.0,11269.25
ORD-101412,2024-04-01,Colombo-Central,Western,Beverages,Delivered,5,5.0,3507.93
ORD-101871,2024-03-16,Galle-South,Southern,Dry Goods,Delivered,3,3.0,3169.72
ORD-104485,2024-05-14,Jaffna-North,Northern,Beverages,Delivered,4,4.0,3714.85
ORD-102470,2024-11-21,Jaffna-North,Northern,Dairy,Delayed,1,2.0,4147.88
ORD-101335,2024-12-30,Colombo-Central,Western,Meat & Seafood,Delivered,2,2.0,9842.33
ORD-103846,2024-10-08,Kandy-Hub,Central,Frozen,Delayed,2,4.0,5338.7
ORD-104406,2024-04-04,Kurunegala-West,North-Western,Dry Goods,Delivered,1,1.0,1995.17
ORD-104025,2024-02-21,Kurunegala-West,North-Western,Dairy,Delayed,4,5.0,5473.36
ORD-102984,2024-09-19,Jaffna-North,Northern,Produce,Delivered,1,1.0,1864.55
ORD-104080,2024-11-25,Kurunegala-West,North-Western,Dairy,Delivered,4,4.0,2832.21
ORD-103299,2024-10-19,Galle-South,Southern,Produce,In Transit,5,,3101.71
ORD-104728,2024-02-10,Kurunegala-West,North-Western,Frozen,In Transit,3,,9803.93
ORD-100999,2024-07-06,Colombo-Central,Western,Produce,Delivered,3,3.0,2374.09
ORD-101536,2024-02-26,Kandy-Hub,Central,Dry Goods,In Transit,1,,1669.04
ORD-102018,2024-09-19,Galle-South,Southern,Dairy,Delivered,2,2.0,5306.75
ORD-100192,2024-08-09,Galle-South,Southern,Dairy,Delivered,4,4.0,3464.12
ORD-103816,2024-06-13,Kandy-Hub,Central,Beverages,Delivered,4,4.0,2480.33
ORD-104223,2024-07-13,Kandy-Hub,Central,Dry Goods,Delivered,2,2.0,2404.86
ORD-101374,2024-11-19,Colombo-Central,Western,Dry Goods,Delivered,4,4.0,
ORD-104274,2024-01-13,Colombo-Central,Western,Frozen,Delivered,3,3.0,8543.07
ORD-104479,2024-07-15,Jaffna-North,Northern,Meat & Seafood,In Transit,4,,11296.19
ORD-104968,2024-01-14,Kandy-Hub,Central,Frozen,Delivered,5,5.0,6723.23
ORD-102605,2024-10-02,Kandy-Hub,Central,Dry Goods,Delivered,1,1.0,1816.68
ORD-103688,2024-12-18,Galle-South,Southern,Produce,Delivered,3,3.0,3720.91
ORD-102841,2024-09-14,Kandy-Hub,Central,Frozen,Cancelled,4,,10459.52
ORD-103864,2024-08-18,Kurunegala-West,North-Western,Meat & Seafood,Delivered,3,3.0,15188.85
ORD-104236,2024-12-10,Galle-South,Southern,Meat & Seafood,Delayed,3,7.0,18591.44
ORD-103855,2024-09-16,Colombo-Central,Western,Meat & Seafood,Delivered,1,1.0,8416.13
ORD-102714,2024-07-03,Colombo-Central,Western,Frozen,Delayed,5,7.0,
ORD-103753,2024-04-08,Jaffna-North,Northern,Dairy,Delivered,2,2.0,4358.85
ORD-102245,2024-10-30,Galle-South,Southern,Beverages,Delayed,4,7.0,4484.4
ORD-101658,2024-11-02,Galle-South,Southern,Dry Goods,Delivered,4,4.0,1363.06
ORD-102561,2024-05-10,Colombo-Central,Western,Beverages,Delivered,2,2.0,2453.18
ORD-104966,2024-03-23,Jaffna-North,Northern,Produce,Delivered,4,4.0,3017.21
ORD-100191,2024-08-18,Kurunegala-West,North-Western,Dry Goods,Delivered,4,4.0,3379.42
ORD-104606,2024-03-28,Kandy-Hub,Central,Meat & Seafood,Delivered,1,1.0,17339.98
ORD-101743,2024-01-09,Colombo-Central,Western,Produce,Delivered,3,3.0,3968.24
ORD-103085,2024-05-11,Colombo-Central,Western,Meat & Seafood,Delivered,4,4.0,13818.41
ORD-104287,2024-10-21,Colombo-Central,Western,Dairy,Delivered,4,4.0,3560.48
ORD-101862,2024-11-05,Colombo-Central,Western,Dry Goods,Delivered,5,5.0,1280.77
ORD-101767,2024-06-19,Galle-South,Southern,Meat & Seafood,In Transit,1,,12460.73
ORD-101894,2024-02-18,Jaffna-North,Northern,Dry Goods,Delayed,5,7.0,1312.45
ORD-104849,2024-11-24,Galle-South,Southern,Beverages,Delivered,1,1.0,3422.85
ORD-103717,2024-04-01,Galle-South,Southern,Produce,Delivered,1,1.0,2716.22
ORD-102522,2024-03-17,Galle-South,Southern,Frozen,Delivered,2,2.0,11778.6
ORD-103466,2024-07-15,Kandy-Hub,Central,Produce,Delivered,3,3.0,3658.91
ORD-104053,2024-10-22,Jaffna-North,Northern,Dry Goods,Delivered,5,5.0,1091.6
ORD-103930,2024-09-15,Kurunegala-West,North-Western,Meat & Seafood,Delivered,5,5.0,9054.05
ORD-100166,2024-04-27,Jaffna-North,Northern,Frozen,Delayed,2,6.0,8874.41
ORD-102218,2024-04-14,Kandy-Hub,Central,Meat & Seafood,Delayed,4,7.0,9701.59
ORD-103678,2024-07-15,Galle-South,Southern,Meat & Seafood,In Transit,5,,12064.78
ORD-101024,2024-10-26,Galle-South,Southern,Dairy,Delivered,5,5.0,4216.72
ORD-101361,2024-01-25,Kurunegala-West,North-Western,Meat & Seafood,Delivered,3,3.0,15752.95
ORD-102900,2024-07-04,Colombo-Central,Western,Dairy,In Transit,2,,2854.22
ORD-101892,2024-11-16,Colombo-Central,Western,Produce,Delivered,1,1.0,2593.3
ORD-103566,2024-06-03,Jaffna-North,Northern,Produce,In Transit,2,,3205.52
ORD-101096,2024-10-31,Jaffna-North,Northern,Beverages,Delivered,4,4.0,4895.42
ORD-102098,2024-10-01,Kandy-Hub,Central,Frozen,Delayed,2,3.0,8919.96
ORD-104919,2024-07-11,Jaffna-North,Northern,Dry Goods,Delivered,2,2.0,1359.18
ORD-100152,2024-11-30,Kandy-Hub,Central,Frozen,Delivered,4,4.0,5669.35
ORD-102583,2024-08-28,Kandy-Hub,Central,Meat & Seafood,Cancelled,5,,18815.23
ORD-104795,2024-03-10,Galle-South,Southern,Produce,Delayed,1,5.0,3782.07
ORD-103949,2024-03-04,Galle-South,Southern,Dry Goods,Delivered,3,3.0,3490.88
ORD-101519,2024-06-17,Colombo-Central,Western,Dairy,Delayed,5,7.0,4021.25
ORD-104209,2024-08-09,Jaffna-North,Northern,Produce,Delivered,5,5.0,2622.67
ORD-101672,2024-04-07,Kandy-Hub,Central,Meat & Seafood,Delivered,5,5.0,16320.84
ORD-102922,2024-02-15,Galle-South,Southern,Dairy,Delivered,3,3.0,3219.62
ORD-101433,2024-07-24,Kandy-Hub,Central,Beverages,Cancelled,5,,3987.47
ORD-104871,2024-12-15,Colombo-Central,Western,Frozen,Delivered,1,1.0,11452.67
ORD-102031,2024-03-05,Jaffna-North,Northern,Dairy,Delivered,5,5.0,5845.78
ORD-101623,2024-01-07,Kurunegala-West,North-Western,Dairy,Delivered,4,4.0,5848.47
ORD-100031,2024-03-23,Kurunegala-West,North-Western,Produce,Delivered,4,4.0,3293.62
ORD-100937,2024-02-24,Galle-South,Southern,Dry Goods,Delayed,1,5.0,2481.86
ORD-101526,2024-04-26,Colombo-Central,Western,Frozen,Delayed,3,7.0,8072.67
ORD-102650,2024-11-17,Kandy-Hub,Central,Frozen,Delivered,4,4.0,6907.42
ORD-104564,2024-11-23,Kurunegala-West,North-Western,Beverages,Delivered,4,4.0,2169.96
ORD-100309,2024-02-09,Galle-South,Southern,Dairy,Delivered,2,2.0,5906.8
ORD-103000,2024-10-10,Jaffna-North,Northern,Beverages,Delivered,2,2.0,2486.36
ORD-101499,2024-11-03,Galle-South,Southern,Meat & Seafood,Delivered,1,1.0,15388.2
ORD-104157,2024-04-20,Galle-South,Southern,Dairy,Delivered,1,1.0,3513.77
ORD-104449,2024-11-23,Colombo-Central,Western,Dry Goods,Delivered,1,1.0,3169.0
ORD-100495,2024-05-30,Colombo-Central,Western,Produce,Delivered,2,2.0,3135.38
ORD-100205,2024-04-07,Galle-South,Southern,Dairy,Delivered,5,5.0,4687.71
ORD-102726,2024-02-19,Colombo-Central,Western,Frozen,Delayed,5,9.0,5786.55
ORD-103425,2024-12-23,Galle-South,Southern,Produce,Delivered,1,1.0,2856.13
ORD-103904,2024-11-14,Jaffna-North,Northern,Frozen,Delivered,3,3.0,6664.02
ORD-100305,2024-02-21,Kurunegala-West,North-Western,Frozen,Delivered,1,1.0,6965.51
ORD-103866,2024-07-09,Colombo-Central,Western,Produce,Delivered,1,1.0,1553.58
ORD-102312,2024-07-05,Galle-South,Southern,Dry Goods,Delivered,3,3.0,3446.01
ORD-101061,2024-09-07,Jaffna-North,Northern,Frozen,Delivered,1,1.0,11325.35
ORD-100843,2024-01-14,Colombo-Central,Western,Frozen,Delivered,5,5.0,10765.36
ORD-102767,2024-12-28,Galle-South,Southern,Beverages,Delivered,2,2.0,4967.02
ORD-104673,2024-11-12,Colombo-Central,Western,Dry Goods,Delivered,3,3.0,1192.18
ORD-100211,2024-09-18,Colombo-Central,Western,Frozen,Delayed,4,8.0,5019.81
ORD-101108,2024-12-09,Jaffna-North,Northern,Produce,Delivered,4,4.0,2756.99
ORD-103788,2024-12-22,Colombo-Central,Western,Produce,Delivered,4,4.0,3615.68
ORD-100679,2024-12-07,Colombo-Central,Western,Produce,Delivered,5,5.0,2559.07
ORD-100565,2024-03-27,Jaffna-North,Northern,Meat & Seafood,Delivered,3,3.0,10509.53
ORD-104662,2024-02-26,Colombo-Central,Western,Dairy,Delivered,4,4.0,5854.05
ORD-103651,2024-01-27,Galle-South,Southern,Dry Goods,Delivered,4,4.0,2898.0
ORD-100680,2024-09-21,Colombo-Central,Western,Meat & Seafood,Delivered,5,5.0,14088.21
ORD-100180,2024-12-08,Kurunegala-West,North-Western,Beverages,Cancelled,1,,2212.57
ORD-103948,2024-12-20,Kurunegala-West,North-Western,Produce,Delivered,1,1.0,2041.78
ORD-101769,2024-03-12,Kandy-Hub,Central,Frozen,In Transit,4,,5847.19
ORD-103143,2024-07-26,Jaffna-North,Northern,Dry Goods,Cancelled,4,,1321.67
ORD-104317,2024-05-31,Galle-South,Southern,Produce,Delivered,2,2.0,1512.66
ORD-100278,2024-01-24,Kandy-Hub,Central,Frozen,Delivered,1,1.0,
ORD-101149,2024-11-06,Kurunegala-West,North-Western,Produce,Delivered,1,1.0,1593.08
ORD-101321,2024-04-10,Kurunegala-West,North-Western,Frozen,Delivered,1,1.0,5551.8
ORD-100432,2024-10-28,Kandy-Hub,Central,Produce,Delivered,1,1.0,2312.91
ORD-100289,2024-06-21,Kandy-Hub,Central,Produce,Delivered,3,3.0,2332.81
ORD-101027,2024-04-12,Jaffna-North,Northern,Produce,Delivered,2,2.0,2471.2
ORD-100535,2024-02-26,Jaffna-North,Northern,Meat & Seafood,In Transit,2,,8709.91
ORD-104629,2024-05-08,Galle-South,Southern,Produce,In Transit,1,,1677.26
ORD-100188,2024-03-28,Kurunegala-West,North-Western,Dairy,Delivered,5,5.0,3771.63
ORD-104043,2024-02-09,Galle-South,Southern,Meat & Seafood,Delayed,2,3.0,19427.68
ORD-103992,2024-02-21,Kurunegala-West,North-Western,Meat & Seafood,Delivered,2,2.0,17072.18
ORD-104547,2024-11-03,Galle-South,Southern,Produce,Delivered,2,2.0,2892.99
ORD-100270,2024-04-17,Colombo-Central,Western,Meat & Seafood,Delivered,3,3.0,15418.53
ORD-103291,2024-06-18,Kandy-Hub,Central,Dairy,Delayed,5,9.0,4827.26
ORD-104126,2024-01-17,Kurunegala-West,North-Western,Dairy,Delivered,1,1.0,4881.73
ORD-104094,2024-12-16,Kandy-Hub,Central,Produce,Delivered,3,3.0,2074.54
ORD-103768,2024-10-21,Colombo-Central,Western,Beverages,Delivered,5,5.0,3258.51
ORD-100111,2024-10-11,Jaffna-North,Northern,Produce,Delayed,3,5.0,1648.58
ORD-101971,2024-12-02,Jaffna-North,Northern,Frozen,Delivered,5,5.0,8843.42
ORD-100220,2024-02-16,Kandy-Hub,Central,Frozen,Delivered,3,3.0,6947.85
ORD-101427,2024-11-25,Galle-South,Southern,Beverages,Cancelled,2,,2171.15
ORD-100627,2024-05-14,Colombo-Central,Western,Dry Goods,Delivered,2,2.0,1612.4
ORD-102655,2024-07-25,Kandy-Hub,Central,Dry Goods,Delivered,4,4.0,1001.39
ORD-103424,2024-08-10,Colombo-Central,Western,Meat & Seafood,Delivered,5,5.0,13054.78
ORD-103008,2024-08-17,Kandy-Hub,Central,Meat & Seafood,Delivered,2,2.0,17650.39
ORD-100790,2024-02-04,Jaffna-North,Northern,Dry Goods,Delayed,5,9.0,2979.84
ORD-104835,2024-07-11,Jaffna-North,Northern,Meat & Seafood,Delivered,2,2.0,12821.97
ORD-100461,2024-02-21,Colombo-Central,Western,Beverages,Delivered,5,5.0,4107.22
ORD-104446,2024-04-22,Kurunegala-West,North-Western,Beverages,Delivered,5,5.0,5425.2
ORD-100551,2024-05-23,Kandy-Hub,Central,Beverages,Delayed,1,3.0,3739.39
ORD-102402,2024-09-29,Colombo-Central,Western,Frozen,Delayed,2,6.0,6863.13
ORD-104181,2024-05-11,Kandy-Hub,Central,Frozen,Delivered,5,5.0,10480.14
ORD-100198,2024-05-03,Galle-South,Southern,Meat & Seafood,Delivered,5,5.0,14984.93
ORD-102640,2024-03-28,Jaffna-North,Northern,Meat & Seafood,Delivered,2,2.0,18677.09
ORD-102834,2024-05-21,Kurunegala-West,North-Western,Produce,Delivered,2,2.0,3722.36
ORD-100402,2024-04-26,Jaffna-North,Northern,Beverages,In Transit,3,,3732.12
ORD-103338,2024-11-09,Jaffna-North,Northern,Meat & Seafood,Delivered,4,4.0,10160.68
ORD-102177,2024-06-24,Jaffna-North,Northern,Frozen,Delayed,4,5.0,11213.54
ORD-104812,2024-07-11,Kandy-Hub,Central,Dairy,Delivered,4,4.0,4813.08
ORD-102073,2024-05-04,Kandy-Hub,Central,Meat & Seafood,Delayed,4,6.0,8727.13
ORD-101730,2024-10-11,Jaffna-North,Northern,Dry Goods,Delivered,5,5.0,2316.23
ORD-104507,2024-08-02,Galle-South,Southern,Dry Goods,In Transit,5,,2618.93
ORD-100650,2024-06-27,Kurunegala-West,North-Western,Dry Goods,Delivered,5,5.0,3294.09
ORD-100708,2024-06-22,Galle-South,Southern,Beverages,Delivered,5,5.0,4264.98
ORD-104589,2024-04-19,Kandy-Hub,Central,Dry Goods,Delivered,3,3.0,1553.35
ORD-104458,2024-02-12,Jaffna-North,Northern,Beverages,Delayed,1,4.0,3759.94
ORD-103322,2024-10-14,Jaffna-North,Northern,Beverages,Delivered,3,3.0,5308.18
ORD-101897,2024-11-15,Kandy-Hub,Central,Frozen,In Transit,5,,7602.25
ORD-101832,2024-08-02,Galle-South,Southern,Dry Goods,Delivered,1,1.0,2268.08
ORD-100314,2024-03-30,Galle-South,Southern,Dry Goods,Delivered,1,1.0,3210.9
ORD-101242,2024-12-17,Kurunegala-West,North-Western,Produce,Delivered,3,3.0,3221.68
ORD-104519,2024-06-05,Kurunegala-West,North-Western,Dairy,Delivered,3,3.0,3515.12
ORD-100113,2024-06-16,Colombo-Central,Western,Dry Goods,Delivered,1,1.0,2034.75
ORD-100960,2024-02-26,Colombo-Central,Western,Beverages,In Transit,3,,3872.39
ORD-103907,2024-12-20,Jaffna-North,Northern,Dry Goods,Delivered,3,3.0,2192.17
ORD-102742,2024-07-05,Kurunegala-West,North-Western,Produce,Delivered,2,2.0,2771.38
ORD-101684,2024-05-10,Kandy-Hub,Central,Dry Goods,Delayed,1,2.0,3201.84
ORD-104101,2024-12-26,Colombo-Central,Western,Meat & Seafood,Delivered,2,2.0,8978.52
ORD-102659,2024-02-28,Jaffna-North,Northern,Produce,Delayed,1,5.0,2851.41
ORD-101632,2024-02-03,Colombo-Central,Western,Produce,Delivered,4,4.0,3932.59
ORD-103259,2024-05-29,Kurunegala-West,North-Western,Beverages,In Transit,2,,5476.83
ORD-104707,2024-07-19,Colombo-Central,Western,Dry Goods,Delivered,2,2.0,1410.43
ORD-103482,2024-10-17,Kurunegala-West,North-Western,Dairy,Delivered,2,2.0,5742.72
ORD-104573,2024-11-20,Kandy-Hub,Central,Beverages,Delivered,5,5.0,5474.98
ORD-101879,2024-02-06,Galle-South,Southern,Meat & Seafood,Delivered,1,1.0,16115.38
ORD-104121,2024-12-11,Kurunegala-West,North-Western,Produce,Delivered,3,3.0,1681.92
ORD-102005,2024-02-17,Colombo-Central,Western,Dry Goods,Delivered,3,3.0,1117.48
ORD-100326,2024-03-27,Galle-South,Southern,Meat & Seafood,Delayed,1,5.0,15233.22
ORD-100604,2024-10-28,Jaffna-North,Northern,Beverages,Delivered,3,3.0,2917.6
ORD-104233,2024-04-06,Colombo-Central,Western,Frozen,Delivered,2,2.0,
ORD-103077,2024-10-24,Kandy-Hub,Central,Dry Goods,Delivered,5,5.0,1767.37
ORD-102630,2024-12-07,Kandy-Hub,Central,Dairy,In Transit,4,,5171.19
ORD-104366,2024-03-01,Kandy-Hub,Central,Frozen,Delivered,3,3.0,9491.08
ORD-104691,2024-01-25,Kandy-Hub,Central,Dry Goods,Delivered,1,1.0,3481.56
ORD-103248,2024-02-21,Galle-South,Southern,Dry Goods,Delivered,2,2.0,1458.56
ORD-104972,2024-11-01,Jaffna-North,Northern,Frozen,Delivered,4,4.0,7425.18
ORD-103392,2024-10-17,Kurunegala-West,North-Western,Beverages,In Transit,3,,2830.0
ORD-101471,2024-09-11,Colombo-Central,Western,Meat & Seafood,Delivered,2,2.0,14499.42
ORD-101773,2024-05-23,Galle-South,Southern,Produce,Delivered,2,2.0,2418.17
ORD-102784,2024-11-28,Galle-South,Southern,Meat & Seafood,Delivered,3,3.0,11402.89
ORD-100789,2024-01-05,Kurunegala-West,North-Western,Frozen,Delivered,4,4.0,11534.74
ORD-102354,2024-04-22,Kurunegala-West,North-Western,Dry Goods,Delivered,4,4.0,3332.62
ORD-102925,2024-03-07,Jaffna-North,Northern,Beverages,Delivered,5,5.0,4588.0
ORD-101545,2024-08-03,Jaffna-North,Northern,Produce,Delivered,5,5.0,3985.8
ORD-100871,2024-03-14,Galle-South,Southern,Dairy,Delivered,2,2.0,4954.47
ORD-104392,2024-01-05,Galle-South,Southern,Dry Goods,Delivered,2,2.0,2280.26
ORD-101371,2024-05-05,Colombo-Central,Western,Dairy,In Transit,2,,4305.18
ORD-103078,2024-03-16,Colombo-Central,Western,Meat & Seafood,Delivered,2,2.0,17947.19
ORD-100073,2024-02-17,Jaffna-North,Northern,Meat & Seafood,Delivered,2,2.0,
ORD-101815,2024-02-10,Kandy-Hub,Central,Dry Goods,In Transit,4,,3169.41
ORD-104403,2024-12-08,Galle-South,Southern,Frozen,Delivered,4,4.0,6843.85
ORD-102264,2024-02-08,Galle-South,Southern,Produce,Delivered,2,2.0,1907.05
ORD-103994,2024-07-05,Colombo-Central,Western,Dry Goods,Delivered,1,1.0,2089.35
ORD-102011,2024-05-23,Galle-South,Southern,Frozen,Delivered,4,4.0,7435.3
ORD-104620,2024-08-13,Colombo-Central,Western,Produce,Delivered,5,5.0,3351.93
ORD-103882,2024-07-28,Kandy-Hub,Central,Meat & Seafood,Delivered,5,5.0,15790.73
ORD-102287,2024-10-26,Colombo-Central,Western,Dry Goods,Delivered,1,1.0,2156.63
ORD-102943,2024-03-09,Colombo-Central,Western,Dry Goods,Delivered,2,2.0,2087.56
ORD-103825,2024-11-25,Jaffna-North,Northern,Dry Goods,Delivered,1,1.0,2967.06
ORD-100494,2024-04-15,Jaffna-North,Northern,Frozen,Delivered,5,5.0,11759.8
ORD-103194,2024-09-27,Colombo-Central,Western,Meat & Seafood,Delayed,1,5.0,14899.73
ORD-102232,2024-12-08,Galle-South,Southern,Frozen,Cancelled,5,,6764.06
ORD-104910,2024-12-11,Kurunegala-West,North-Western,Produce,Delivered,1,1.0,3556.37
ORD-101164,2024-07-07,Kandy-Hub,Central,Dry Goods,Delivered,5,5.0,3318.51
ORD-103292,2024-03-27,Colombo-Central,Western,Dairy,Delivered,1,1.0,3479.38
ORD-102364,2024-10-04,Kurunegala-West,North-Western,Frozen,Delivered,1,1.0,8177.82
ORD-103638,2024-01-31,Jaffna-North,Northern,Dairy,Delivered,4,4.0,3135.68
ORD-102221,2024-02-26,Jaffna-North,Northern,Dairy,Cancelled,5,,3329.81
ORD-104262,2024-04-16,Colombo-Central,Western,Frozen,Delivered,5,5.0,6697.45
ORD-100618,2024-01-23,Kurunegala-West,North-Western,Meat & Seafood,Delivered,5,5.0,16985.2
ORD-104343,2024-04-03,Kandy-Hub,Central,Dry Goods,Delivered,1,1.0,1962.86
ORD-104470,2024-05-26,Kandy-Hub,Central,Dry Goods,Delayed,2,6.0,2589.57
ORD-104821,2024-09-05,Colombo-Central,Western,Beverages,Delivered,2,2.0,2492.63
ORD-104520,2024-12-27,Kandy-Hub,Central,Beverages,Delivered,5,5.0,3119.35
ORD-102114,2024-09-27,Galle-South,Southern,Dry Goods,Delivered,1,1.0,2273.94
ORD-103478,2024-05-29,Jaffna-North,Northern,Frozen,Delivered,5,5.0,6680.2
ORD-100869,2024-01-15,Jaffna-North,Northern,Beverages,Delivered,5,5.0,4851.23
ORD-103809,2024-08-09,Galle-South,Southern,Frozen,Delivered,5,5.0,8942.41
ORD-101042,2024-05-31,Kandy-Hub,Central,Produce,Delivered,4,4.0,3021.56
ORD-101405,2024-02-26,Kurunegala-West,North-Western,Dairy,Delivered,3,3.0,4463.38
ORD-100356,2024-02-25,Jaffna-North,Northern,Dairy,Delivered,5,5.0,3710.45
ORD-101162,2024-11-05,Kandy-Hub,Central,Dry Goods,Cancelled,3,,1855.93
ORD-102820,2024-07-16,Colombo-Central,Western,Frozen,Delayed,2,5.0,10768.53
ORD-101935,2024-02-29,Kandy-Hub,Central,Produce,Delivered,4,4.0,3726.17
ORD-104004,2024-10-19,Jaffna-North,Northern,Dry Goods,In Transit,1,,1100.06
ORD-103888,2024-02-20,Galle-South,Southern,Meat & Seafood,Delivered,2,2.0,14966.9
ORD-103595,2024-04-15,Galle-South,Southern,Produce,Delayed,2,5.0,
ORD-103616,2024-01-19,Jaffna-North,Northern,Beverages,Delivered,5,5.0,3661.36
ORD-103712,2024-10-21,Kurunegala-West,North-Western,Beverages,Delivered,3,3.0,2194.55
ORD-103802,2024-10-20,Jaffna-North,Northern,Beverages,Cancelled,4,,2712.3
ORD-102907,2024-12-12,Jaffna-North,Northern,Produce,Delivered,5,5.0,3559.93
ORD-100332,2024-04-23,Kandy-Hub,Central,Dry Goods,Delivered,2,2.0,2077.33
ORD-101340,2024-07-13,Kandy-Hub,Central,Meat & Seafood,Delivered,4,4.0,10648.82
ORD-103062,2024-05-19,Colombo-Central,Western,Frozen,Delayed,2,6.0,5700.65
ORD-102929,2024-08-26,Kandy-Hub,Central,Dry Goods,Delivered,5,5.0,1615.54
ORD-101258,2024-07-16,Jaffna-North,Northern,Dry Goods,Delivered,4,4.0,1366.94
ORD-103740,2024-03-23,Colombo-Central,Western,Dry Goods,Delayed,5,8.0,1786.99
ORD-104306,2024-09-26,Jaffna-North,Northern,Meat & Seafood,Delivered,5,5.0,13704.51
ORD-101116,2024-12-29,Kurunegala-West,North-Western,Frozen,Delivered,5,5.0,10048.29
ORD-101918,2024-06-13,Colombo-Central,Western,Produce,Delivered,1,1.0,2189.18
ORD-103624,2024-10-30,Kandy-Hub,Central,Dairy,Cancelled,2,,4455.04
ORD-103875,2024-08-08,Kandy-Hub,Central,Dry Goods,Delivered,4,4.0,1010.98
ORD-102600,2024-11-11,Colombo-Central,Western,Beverages,Cancelled,1,,5433.87
ORD-103331,2024-11-06,Kandy-Hub,Central,Beverages,Delivered,2,2.0,3575.22
ORD-101421,2024-12-29,Kandy-Hub,Central,Beverages,Delayed,4,7.0,3536.59
ORD-100445,2024-08-29,Kandy-Hub,Central,Dairy,Delivered,1,1.0,4654.54
ORD-102288,2024-12-07,Galle-South,Southern,Produce,Delivered,1,1.0,2784.28
ORD-100452,2024-07-01,Kurunegala-West,North-Western,Meat & Seafood,In Transit,3,,19226.82
ORD-103867,2024-10-22,Kandy-Hub,Central,Beverages,Delayed,5,8.0,3854.24
ORD-104478,2024-11-13,Kandy-Hub,Central,Frozen,Delivered,3,3.0,11316.11
ORD-103014,2024-06-27,Jaffna-North,Northern,Produce,In Transit,4,,2377.76
ORD-100014,2024-09-18,Jaffna-North,Northern,Beverages,Delayed,5,6.0,2752.88
ORD-102998,2024-06-07,Colombo-Central,Western,Produce,Delivered,2,2.0,3820.43
ORD-100945,2024-02-13,Colombo-Central,Western,Meat & Seafood,Delivered,5,5.0,13962.5
ORD-100247,2024-05-31,Kurunegala-West,North-Western,Dry Goods,Delivered,3,3.0,2562.15
ORD-104334,2024-11-30,Kurunegala-West,North-Western,Dry Goods,Delivered,5,5.0,1310.95
ORD-100360,2024-11-04,Jaffna-North,Northern,Frozen,Delivered,4,4.0,8882.18
ORD-104703,2024-11-07,Jaffna-North,Northern,Dairy,In Transit,4,,3308.4
ORD-101595,2024-03-01,Galle-South,Southern,Meat & Seafood,Delivered,2,2.0,9793.77
ORD-104580,2024-03-11,Galle-South,Southern,Produce,In Transit,1,,3235.58
ORD-102347,2024-10-01,Kandy-Hub,Central,Frozen,Delivered,1,1.0,11731.78
ORD-104412,2024-05-01,Kurunegala-West,North-Western,Dry Goods,In Transit,5,,3340.03
ORD-103548,2024-04-22,Colombo-Central,Western,Dairy,Delivered,2,2.0,5127.76
ORD-102052,2024-05-11,Jaffna-North,Northern,Beverages,Delivered,4,4.0,2627.39
ORD-103560,2024-01-25,Kurunegala-West,North-Western,Produce,Delivered,5,5.0,2463.77
ORD-101383,2024-11-23,Colombo-Central,Western,Dairy,Delivered,5,5.0,2633.31
ORD-104934,2024-05-18,Colombo-Central,Western,Dairy,Delayed,1,3.0,5775.31
ORD-104851,2024-09-21,Kandy-Hub,Central,Produce,Delivered,4,4.0,3576.48
ORD-100490,2024-12-06,Galle-South,Southern,Meat & Seafood,Delivered,5,5.0,10786.43
ORD-100862,2024-02-13,Galle-South,Southern,Dairy,Delivered,2,2.0,5541.87
ORD-101803,2024-04-04,Kurunegala-West,North-Western,Dairy,Delivered,3,3.0,2765.01
ORD-103406,2024-05-09,Colombo-Central,Western,Dairy,Delivered,3,3.0,4934.32
ORD-101945,2024-02-13,Galle-South,Southern,Dry Goods,Delivered,1,1.0,2367.53
ORD-104647,2024-01-30,Jaffna-North,Northern,Meat & Seafood,Delayed,5,9.0,9900.74
ORD-103654,2024-09-01,Colombo-Central,Western,Dry Goods,Delivered,2,2.0,3467.42
ORD-100506,2024-07-12,Colombo-Central,Western,Dairy,Delivered,3,3.0,5760.46
ORD-104162,2024-07-24,Jaffna-North,Northern,Produce,Delivered,2,2.0,3342.05
ORD-100025,2024-08-23,Colombo-Central,Western,Produce,Delivered,2,2.0,3736.16
ORD-102329,2024-02-23,Kandy-Hub,Central,Meat & Seafood,Delivered,4,4.0,16654.47
ORD-101222,2024-12-16,Jaffna-North,Northern,Frozen,Delayed,2,3.0,
ORD-101113,2024-04-16,Jaffna-North,Northern,Produce,Delivered,1,1.0,3165.58
ORD-103422,2024-08-07,Kandy-Hub,Central,Dry Goods,Delayed,4,8.0,1372.4
ORD-103491,2024-08-19,Kandy-Hub,Central,Dairy,Delayed,4,6.0,2518.82
ORD-104425,2024-11-14,Jaffna-North,Northern,Dry Goods,Delivered,5,5.0,2758.47
ORD-104719,2024-02-24,Kandy-Hub,Central,Dry Goods,Delivered,3,3.0,1885.43
ORD-100433,2024-02-17,Galle-South,Southern,Frozen,Delivered,3,3.0,11810.99
ORD-102107,2024-02-20,Galle-South,Southern,Produce,Delivered,5,5.0,2130.15
ORD-103865,2024-10-10,Kurunegala-West,North-Western,Dry Goods,In Transit,5,,1292.65
ORD-102893,2024-11-29,Kandy-Hub,Central,Beverages,Delivered,5,5.0,3340.42
ORD-102133,2024-05-25,Kurunegala-West,North-Western,Frozen,Delivered,3,3.0,7431.17
ORD-104005,2024-12-13,Jaffna-North,Northern,Dry Goods,Delivered,3,3.0,3234.68
ORD-103227,2024-05-18,Galle-South,Southern,Dairy,Delivered,2,2.0,5003.7
ORD-102173,2024-10-06,Kandy-Hub,Central,Frozen,Delivered,3,3.0,7801.4
ORD-103563,2024-10-17,Kandy-Hub,Central,Frozen,Delivered,1,1.0,9014.74
ORD-104755,2024-08-07,Jaffna-North,Northern,Meat & Seafood,In Transit,3,,10691.49
ORD-101102,2024-12-01,Galle-South,Southern,Meat & Seafood,Delivered,2,2.0,14794.47
ORD-102309,2024-07-13,Kandy-Hub,Central,Frozen,Delayed,2,4.0,6956.26
ORD-101504,2024-08-06,Galle-South,Southern,Produce,Delivered,3,3.0,2832.41
ORD-103148,2024-12-27,Colombo-Central,Western,Frozen,Delivered,4,4.0,9434.98
ORD-103916,2024-01-25,Kandy-Hub,Central,Dairy,Delayed,5,8.0,3420.75
ORD-100156,2024-02-16,Kurunegala-West,North-Western,Dairy,Delayed,2,6.0,4317.64
ORD-103039,2024-03-13,Jaffna-North,Northern,Produce,Cancelled,5,,1756.09
ORD-104194,2024-07-25,Kandy-Hub,Central,Produce,Delivered,5,5.0,
ORD-100615,2024-08-21,Jaffna-North,Northern,Produce,In Transit,5,,2945.21
ORD-100643,2024-06-24,Jaffna-North,Northern,Dry Goods,Delivered,2,2.0,2611.45
ORD-104895,2024-05-27,Jaffna-North,Northern,Frozen,Delivered,3,3.0,5883.03
ORD-104278,2024-09-24,Kurunegala-West,North-Western,Beverages,Delivered,3,3.0,3213.0
ORD-101068,2024-05-01,Colombo-Central,Western,Frozen,Delivered,4,4.0,5881.53
ORD-103350,2024-02-28,Colombo-Central,Western,Dairy,Delivered,2,2.0,5640.68
ORD-102697,2024-06-01,Kandy-Hub,Central,Frozen,Delivered,5,5.0,8403.72
ORD-104283,2024-06-07,Colombo-Central,Western,Beverages,Delivered,4,4.0,3596.54
ORD-101566,2024-12-19,Colombo-Central,Western,Dairy,Delivered,2,2.0,5690.59
ORD-100330,2024-07-18,Galle-South,Southern,Produce,Cancelled,4,,3941.98
ORD-101675,2024-12-24,Kurunegala-West,North-Western,Dry Goods,Cancelled,5,,1501.41
ORD-102698,2024-02-16,Colombo-Central,Western,Beverages,Delivered,2,2.0,2778.11
ORD-103681,2024-01-12,Colombo-Central,Western,Beverages,Delivered,4,4.0,4841.79
ORD-100622,2024-03-01,Kandy-Hub,Central,Meat & Seafood,Delayed,1,3.0,10725.47
ORD-101654,2024-02-27,Colombo-Central,Western,Beverages,Delivered,3,3.0,3225.28
ORD-102369,2024-03-05,Colombo-Central,Western,Produce,In Transit,2,,2506.69
ORD-103725,2024-12-27,Jaffna-North,Northern,Dairy,Delivered,5,5.0,2916.11
ORD-102960,2024-12-02,Kandy-Hub,Central,Beverages,Cancelled,5,,3284.25
ORD-102242,2024-06-14,Kandy-Hub,Central,Dry Goods,Delivered,4,4.0,3037.29
ORD-101617,2024-07-04,Galle-South,Southern,Dairy,Delivered,1,1.0,5143.5
ORD-102763,2024-01-14,Kurunegala-West,North-Western,Meat & Seafood,Delivered,1,1.0,
ORD-100755,2024-06-08,Galle-South,Southern,Beverages,Delivered,1,1.0,4486.97
ORD-100518,2024-06-22,Galle-South,Southern,Dry Goods,Delivered,4,4.0,1130.79
ORD-104159,2024-01-12,Colombo-Central,Western,Meat & Seafood,Cancelled,2,,14895.73
ORD-100032,2024-02-03,Kandy-Hub,Central,Meat & Seafood,Delivered,5,5.0,17554.3
ORD-103689,2024-03-02,Jaffna-North,Northern,Dry Goods,Delivered,2,2.0,2279.21
ORD-101157,2024-11-06,Jaffna-North,Northern,Meat & Seafood,Delivered,4,4.0,18578.84
ORD-100744,2024-10-17,Colombo-Central,Western,Beverages,In Transit,4,,4159.06
ORD-102036,2024-08-01,Colombo-Central,Western,Dry Goods,In Transit,1,,1282.01
ORD-102447,2024-08-23,Galle-South,Southern,Dairy,Delivered,4,4.0,4039.66
ORD-101697,2024-02-24,Jaffna-North,Northern,Dairy,Delivered,4,4.0,5266.5
ORD-102642,2024-03-15,Galle-South,Southern,Produce,Delivered,1,1.0,1998.37
ORD-100783,2024-02-14,Kurunegala-West,North-Western,Frozen,Delivered,5,5.0,5986.24
ORD-101835,2024-02-20,Jaffna-North,Northern,Beverages,Delayed,2,5.0,3767.38
ORD-102554,2024-12-24,Jaffna-North,Northern,Dry Goods,Delayed,3,7.0,1569.9
ORD-100229,2024-03-05,Kandy-Hub,Central,Dairy,Delivered,1,1.0,4475.13
ORD-100857,2024-01-21,Kandy-Hub,Central,Meat & Seafood,Delivered,1,1.0,13936.81
ORD-102887,2024-01-24,Jaffna-North,Northern,Beverages,Delivered,2,2.0,3530.41
ORD-102406,2024-05-15,Kurunegala-West,North-Western,Frozen,Delivered,4,4.0,7739.41
ORD-100408,2024-12-07,Galle-South,Southern,Frozen,Delivered,3,3.0,8361.56
ORD-100170,2024-02-08,Jaffna-North,Northern,Dairy,Cancelled,1,,4945.76
ORD-100540,2024-09-15,Kandy-Hub,Central,Frozen,Delivered,3,3.0,5012.95
ORD-103381,2024-10-14,Colombo-Central,Western,Frozen,In Transit,1,,5122.36
ORD-102348,2024-03-14,Kurunegala-West,North-Western,Beverages,Delivered,2,2.0,5467.38
ORD-104563,2024-03-09,Kurunegala-West,North-Western,Dairy,Delayed,4,6.0,
ORD-100613,2024-05-20,Kandy-Hub,Central,Meat & Seafood,Delayed,5,6.0,15176.66
ORD-104270,2024-10-18,Kurunegala-West,North-Western,Frozen,Delivered,3,3.0,7889.98
ORD-102857,2024-10-11,Colombo-Central,Western,Frozen,Delivered,4,4.0,9488.93
ORD-104669,2024-06-05,Kandy-Hub,Central,Frozen,Delivered,5,5.0,9398.65
ORD-101161,2024-07-01,Kandy-Hub,Central,Beverages,Delivered,3,3.0,3748.86
ORD-102101,2024-08-31,Kurunegala-West,North-Western,Frozen,Delivered,1,1.0,5496.11
ORD-102409,2024-01-10,Colombo-Central,Western,Dairy,In Transit,1,,2919.89
ORD-102486,2024-03-30,Kurunegala-West,North-Western,Produce,Delayed,5,9.0,2225.82
ORD-101669,2024-09-21,Kandy-Hub,Central,Dry Goods,Delivered,3,3.0,1041.97
ORD-104842,2024-02-05,Jaffna-North,Northern,Dry Goods,Delivered,5,5.0,1965.87
ORD-103317,2024-05-25,Galle-South,Southern,Beverages,Delayed,4,8.0,4354.0
ORD-100564,2024-11-20,Colombo-Central,Western,Meat & Seafood,In Transit,4,,10803.38
ORD-103801,2024-07-31,Jaffna-North,Northern,Frozen,Cancelled,1,,8949.7
ORD-104291,2024-12-05,Kurunegala-West,North-Western,Beverages,Delivered,5,5.0,3090.17
ORD-101860,2024-09-27,Jaffna-North,Northern,Dairy,Delivered,3,3.0,3308.67
ORD-103781,2024-03-24,Kandy-Hub,Central,Dry Goods,Delivered,4,4.0,2956.74
ORD-101744,2024-03-17,Kurunegala-West,North-Western,Dry Goods,Delivered,4,4.0,1725.42
ORD-104818,2024-07-13,Galle-South,Southern,Dry Goods,Delivered,5,5.0,2343.64
ORD-104978,2024-12-03,Kandy-Hub,Central,Dairy,Cancelled,1,,3484.91
ORD-103545,2024-08-18,Kurunegala-West,North-Western,Frozen,Delayed,5,7.0,6368.05
ORD-101588,2024-11-10,Kandy-Hub,Central,Meat & Seafood,Delivered,2,2.0,8151.41
ORD-102437,2024-09-03,Kurunegala-West,North-Western,Produce,Delivered,4,4.0,2090.17
ORD-102531,2024-10-21,Jaffna-North,Northern,Meat & Seafood,Delayed,4,6.0,
ORD-102598,2024-12-19,Colombo-Central,Western,Frozen,Delivered,2,2.0,11123.64
ORD-101172,2024-05-22,Kurunegala-West,North-Western,Produce,Cancelled,3,,3399.72
ORD-104149,2024-05-22,Kurunegala-West,North-Western,Beverages,Delayed,3,6.0,4363.47
ORD-100325,2024-03-25,Kandy-Hub,Central,Dairy,Delivered,3,3.0,2851.71
ORD-101051,2024-05-13,Colombo-Central,Western,Meat & Seafood,Delivered,1,1.0,10727.7
ORD-103860,2024-07-17,Kurunegala-West,North-Western,Beverages,Delayed,5,9.0,4492.95
ORD-103360,2024-12-25,Colombo-Central,Western,Dry Goods,Delivered,1,1.0,2907.36
ORD-102944,2024-10-27,Kurunegala-West,North-Western,Beverages,Delivered,2,2.0,3239.64
ORD-104326,2024-11-06,Colombo-Central,Western,Frozen,Delivered,1,1.0,9994.37
ORD-104225,2024-03-05,Jaffna-North,Northern,Beverages,Delivered,2,2.0,3984.21
ORD-101196,2024-09-17,Jaffna-North,Northern,Produce,Delivered,3,3.0,1629.36
ORD-100620,2024-06-07,Colombo-Central,Western,Frozen,Delivered,3,3.0,9625.33
ORD-102378,2024-12-26,Kandy-Hub,Central,Beverages,Delivered,1,1.0,
ORD-100065,2024-04-28,Jaffna-North,Northern,Dairy,In Transit,2,,3704.75
ORD-101189,2024-01-03,Galle-South,Southern,Dry Goods,Delayed,2,6.0,1135.61
ORD-100328,2024-02-21,Colombo-Central,Western,Dry Goods,Delayed,1,5.0,1770.24
ORD-100648,2024-12-16,Kurunegala-West,North-Western,Frozen,Delayed,3,5.0,9380.77
ORD-100897,2024-01-20,Kurunegala-West,North-Western,Dry Goods,Delayed,2,5.0,3341.09
ORD-103071,2024-06-24,Kandy-Hub,Central,Produce,Delivered,4,4.0,3827.55
ORD-101123,2024-03-29,Galle-South,Southern,Frozen,Delivered,5,5.0,10104.43
ORD-101961,2024-12-26,Galle-South,Southern,Dry Goods,Delivered,2,2.0,1937.94
ORD-104690,2024-01-01,Colombo-Central,Western,Beverages,Delivered,1,1.0,2791.58
ORD-103978,2024-07-16,Jaffna-North,Northern,Dry Goods,Delayed,4,7.0,2956.64
ORD-102004,2024-10-18,Kandy-Hub,Central,Dry Goods,Delivered,4,4.0,1375.65
ORD-103253,2024-05-15,Galle-South,Southern,Dry Goods,Delivered,2,2.0,1083.5
ORD-102497,2024-11-20,Kandy-Hub,Central,Dry Goods,Delivered,1,1.0,3317.86
ORD-103378,2024-11-09,Kurunegala-West,North-Western,Frozen,Delivered,5,5.0,6819.35
ORD-102304,2024-11-30,Kurunegala-West,North-Western,Produce,Delivered,1,1.0,3012.27
ORD-101600,2024-04-20,Colombo-Central,Western,Meat & Seafood,Delivered,5,5.0,17899.71
ORD-103799,2024-01-21,Jaffna-North,Northern,Meat & Seafood,Delivered,4,4.0,10679.48
ORD-101023,2024-11-03,Kurunegala-West,North-Western,Dry Goods,Delivered,4,4.0,2395.0
ORD-102045,2024-12-28,Colombo-Central,Western,Dairy,Delivered,3,3.0,5752.22
ORD-100228,2024-07-18,Colombo-Central,Western,Dairy,Delivered,5,5.0,3260.09
ORD-104643,2024-01-25,Kandy-Hub,Central,Dairy,Delivered,3,3.0,2561.74
ORD-102952,2024-12-07,Kurunegala-West,North-Western,Meat & Seafood,Delayed,1,2.0,12186.21
ORD-104987,2024-12-03,Kandy-Hub,Central,Dairy,Delivered,2,2.0,2686.14
ORD-100809,2024-12-29,Kandy-Hub,Central,Dry Goods,Cancelled,1,,1438.41
ORD-103235,2024-07-27,Kurunegala-West,North-Western,Meat & Seafood,Delivered,1,1.0,11906.62
ORD-100978,2024-05-08,Kandy-Hub,Central,Dry Goods,Delivered,4,4.0,2304.41
ORD-103002,2024-12-05,Kandy-Hub,Central,Dairy,Delivered,5,5.0,3593.08
ORD-102743,2024-12-11,Kandy-Hub,Central,Dairy,Delivered,3,3.0,3258.7
ORD-101746,2024-12-26,Colombo-Central,Western,Frozen,Delivered,4,4.0,7312.71
ORD-104253,2024-05-03,Kurunegala-West,North-Western,Produce,Delivered,4,4.0,1915.18
ORD-101451,2024-01-15,Kurunegala-West,North-Western,Meat & Seafood,Delivered,2,2.0,16267.34
ORD-103471,2024-09-29,Colombo-Central,Western,Meat & Seafood,In Transit,3,,13554.96
ORD-104980,2024-11-24,Galle-South,Southern,Produce,In Transit,4,,1548.53
ORD-102822,2024-02-16,Colombo-Central,Western,Frozen,Delivered,2,2.0,7164.56
ORD-103666,2024-08-02,Kurunegala-West,North-Western,Beverages,Delivered,4,4.0,4017.82
ORD-100174,2024-09-11,Kandy-Hub,Central,Meat & Seafood,Delivered,3,3.0,16169.77
ORD-101652,2024-01-19,Kurunegala-West,North-Western,Frozen,Delivered,1,1.0,8926.64
ORD-103080,2024-06-09,Kurunegala-West,North-Western,Produce,Delayed,1,3.0,2179.13
ORD-101532,2024-12-06,Galle-South,Southern,Meat & Seafood,Delivered,5,5.0,13290.94
ORD-104506,2024-04-15,Colombo-Central,Western,Frozen,Delivered,4,4.0,7163.19
ORD-100217,2024-02-05,Jaffna-North,Northern,Dry Goods,Delayed,2,6.0,1873.42
ORD-104822,2024-11-27,Kandy-Hub,Central,Produce,Delivered,3,3.0,3779.6
ORD-103793,2024-08-27,Colombo-Central,Western,Meat & Seafood,Delivered,4,4.0,11712.78
ORD-101444,2024-02-20,Colombo-Central,Western,Produce,Delayed,2,4.0,1513.96
ORD-100690,2024-12-29,Kandy-Hub,Central,Frozen,Delivered,3,3.0,5283.24
ORD-102628,2024-08-13,Jaffna-North,Northern,Dairy,Delivered,4,4.0,2854.56
ORD-102276,2024-03-17,Kandy-Hub,Central,Meat & Seafood,Delivered,2,2.0,15102.55
ORD-102457,2024-12-07,Jaffna-North,Northern,Frozen,Delivered,1,1.0,8198.55
ORD-101106,2024-03-30,Colombo-Central,Western,Dry Goods,Delivered,1,1.0,2549.55
ORD-102157,2024-08-18,Jaffna-North,Northern,Dairy,Delivered,5,5.0,3161.69
ORD-102111,2024-09-03,Jaffna-North,Northern,Dairy,Delivered,1,1.0,5037.1
ORD-101583,2024-05-31,Jaffna-North,Northern,Beverages,Delivered,3,3.0,5100.16
ORD-100611,2024-06-17,Kandy-Hub,Central,Dry Goods,Delivered,2,2.0,3419.25
ORD-103307,2024-02-19,Galle-South,Southern,Dry Goods,Delivered,1,1.0,2799.72
ORD-103784,2024-12-25,Kandy-Hub,Central,Meat & Seafood,In Transit,4,,16377.37
ORD-100576,2024-12-03,Galle-South,Southern,Meat & Seafood,Delivered,4,4.0,16631.07
ORD-102104,2024-11-13,Kandy-Hub,Central,Dairy,Delivered,1,1.0,5745.11
ORD-104480,2024-06-19,Galle-South,Southern,Meat & Seafood,Delivered,3,3.0,8672.83
ORD-101180,2024-08-09,Kandy-Hub,Central,Frozen,Delivered,3,3.0,10283.54
ORD-100888,2024-01-06,Jaffna-North,Northern,Produce,Delivered,2,2.0,3543.64
ORD-103192,2024-09-01,Kandy-Hub,Central,Beverages,Delivered,2,2.0,3456.25
ORD-102432,2024-02-29,Kandy-Hub,Central,Dry Goods,Delivered,1,1.0,2189.3
ORD-103074,2024-07-31,Kurunegala-West,North-Western,Meat & Seafood,Delayed,4,6.0,18871.33
ORD-100817,2024-02-08,Kurunegala-West,North-Western,Produce,In Transit,2,,2135.9
ORD-104677,2024-07-26,Colombo-Central,Western,Dairy,In Transit,3,,5914.66
ORD-103318,2024-04-03,Kandy-Hub,Central,Produce,Delivered,5,5.0,
ORD-100208,2024-04-06,Galle-South,Southern,Beverages,Delivered,1,1.0,2480.12
ORD-100293,2024-05-01,Jaffna-North,Northern,Meat & Seafood,Delivered,1,1.0,14425.71
ORD-101119,2024-06-29,Kandy-Hub,Central,Dairy,Delayed,3,5.0,3386.28
ORD-104729,2024-08-30,Jaffna-North,Northern,Produce,Delivered,1,1.0,1526.3
ORD-104394,2024-07-04,Colombo-Central,Western,Frozen,Delivered,4,4.0,5072.63
ORD-101264,2024-03-28,Galle-South,Southern,Meat & Seafood,Delivered,1,1.0,15690.68
ORD-100990,2024-05-05,Colombo-Central,Western,Frozen,Delivered,3,3.0,7583.91
ORD-102317,2024-06-08,Kurunegala-West,North-Western,Dairy,Delivered,4,4.0,5282.49
ORD-104240,2024-05-02,Kandy-Hub,Central,Beverages,Delivered,1,1.0,4224.09
ORD-103431,2024-10-08,Colombo-Central,Western,Meat & Seafood,Delayed,2,3.0,17083.75
ORD-100353,2024-06-07,Galle-South,Southern,Produce,Delivered,1,1.0,
ORD-101921,2024-07-14,Galle-South,Southern,Dairy,Delivered,1,1.0,3876.55
ORD-101538,2024-09-14,Kandy-Hub,Central,Beverages,Delivered,5,5.0,2004.79
ORD-103458,2024-11-03,Galle-South,Southern,Dairy,Delivered,1,1.0,2685.43
ORD-101489,2024-07-04,Colombo-Central,Western,Beverages,Delivered,2,2.0,4253.01
ORD-103833,2024-08-28,Galle-South,Southern,Frozen,Delivered,5,5.0,8497.06
ORD-103722,2024-10-01,Jaffna-North,Northern,Beverages,Delivered,5,5.0,4174.68
ORD-101228,2024-02-26,Colombo-Central,Western,Frozen,Delivered,3,3.0,5180.63
ORD-100259,2024-08-02,Kandy-Hub,Central,Meat & Seafood,Delivered,4,4.0,12642.42
ORD-103537,2024-02-18,Jaffna-North,Northern,Beverages,Delivered,4,4.0,4382.06
ORD-104730,2024-12-01,Kurunegala-West,North-Western,Dairy,Delivered,4,4.0,5677.24
ORD-104788,2024-04-21,Jaffna-North,Northern,Meat & Seafood,In Transit,5,,14763.3
ORD-101833,2024-01-27,Jaffna-North,Northern,Beverages,Delivered,5,5.0,5314.18
ORD-102591,2024-05-18,Jaffna-North,Northern,Beverages,Delivered,4,4.0,4177.03
ORD-100052,2024-05-12,Kurunegala-West,North-Western,Beverages,Delivered,1,1.0,5252.54
ORD-102617,2024-01-20,Kurunegala-West,North-Western,Frozen,Delivered,4,4.0,9164.02
ORD-104508,2024-04-06,Kurunegala-West,North-Western,Beverages,Delayed,2,6.0,3011.79
ORD-102236,2024-04-01,Kurunegala-West,North-Western,Dry Goods,Delivered,3,3.0,3296.26
ORD-103429,2024-04-19,Galle-South,Southern,Dry Goods,Delivered,2,2.0,2443.12
ORD-103116,2024-08-17,Colombo-Central,Western,Dry Goods,Delivered,2,2.0,1229.3
ORD-102388,2024-12-14,Kandy-Hub,Central,Beverages,Delivered,5,5.0,2960.75
ORD-101479,2024-06-01,Kandy-Hub,Central,Frozen,Delivered,1,1.0,10709.14
ORD-101507,2024-06-24,Galle-South,Southern,Beverages,Delivered,2,2.0,5134.95
ORD-101033,2024-04-24,Kurunegala-West,North-Western,Produce,In Transit,4,,3873.1
ORD-101097,2024-10-02,Kurunegala-West,North-Western,Beverages,Delivered,5,5.0,3675.85
ORD-101469,2024-01-23,Colombo-Central,Western,Dairy,Delivered,4,4.0,3924.09
ORD-100543,2024-03-04,Jaffna-North,Northern,Meat & Seafood,Delivered,2,2.0,15415.94
ORD-101046,2024-03-28,Colombo-Central,Western,Frozen,Delayed,3,6.0,7282.79
ORD-104039,2024-05-16,Kandy-Hub,Central,Dry Goods,Delayed,4,7.0,3141.67
ORD-101630,2024-07-28,Galle-South,Southern,Dry Goods,Delivered,1,1.0,1144.76
ORD-100030,2024-06-13,Kandy-Hub,Central,Dairy,Delivered,3,3.0,5811.53
ORD-100725,2024-02-12,Kandy-Hub,Central,Dairy,Delivered,2,2.0,3390.58
ORD-100926,2024-07-16,Jaffna-North,Northern,Beverages,Delayed,1,4.0,3819.56
ORD-102138,2024-07-15,Kandy-Hub,Central,Dry Goods,Delivered,5,5.0,1936.14
ORD-103980,2024-06-13,Kurunegala-West,North-Western,Meat & Seafood,Delivered,5,5.0,18181.21
ORD-101426,2024-09-02,Kurunegala-West,North-Western,Meat & Seafood,Delayed,4,6.0,15498.15
ORD-103749,2024-11-26,Galle-South,Southern,Produce,Delivered,1,1.0,3242.46
ORD-100436,2024-07-26,Galle-South,Southern,Frozen,Delivered,2,2.0,8366.14
ORD-102517,2024-07-11,Kurunegala-West,North-Western,Frozen,Delayed,1,4.0,6044.66
ORD-100912,2024-05-17,Jaffna-North,Northern,Produce,Delivered,1,1.0,2174.06
ORD-104265,2024-12-27,Kandy-Hub,Central,Dairy,Delivered,5,5.0,4849.98
ORD-104327,2024-06-04,Colombo-Central,Western,Beverages,Delivered,3,3.0,4856.29
ORD-104557,2024-11-10,Kandy-Hub,Central,Dry Goods,In Transit,5,,1245.1
ORD-104860,2024-01-22,Galle-South,Southern,Meat & Seafood,Delivered,3,3.0,17701.47
ORD-102331,2024-11-10,Galle-South,Southern,Dry Goods,Delivered,2,2.0,2188.13
ORD-104746,2024-10-06,Kandy-Hub,Central,Dairy,Delivered,5,5.0,3336.27
ORD-101238,2024-04-18,Kurunegala-West,North-Western,Meat & Seafood,Delayed,5,6.0,15470.73
ORD-100903,2024-11-18,Jaffna-North,Northern,Dry Goods,Delayed,1,4.0,2177.17
ORD-101837,2024-04-21,Colombo-Central,Western,Meat & Seafood,Delivered,2,2.0,17869.17
ORD-103208,2024-06-02,Kandy-Hub,Central,Beverages,Delivered,3,3.0,2332.99
ORD-104254,2024-05-04,Kurunegala-West,North-Western,Beverages,Delivered,5,5.0,4678.31
ORD-100507,2024-03-31,Colombo-Central,Western,Beverages,Delayed,1,5.0,2311.04
ORD-104350,2024-08-10,Jaffna-North,Northern,Dairy,Delivered,2,2.0,
ORD-100183,2024-09-11,Kurunegala-West,North-Western,Beverages,In Transit,5,,5215.59
ORD-104151,2024-07-12,Colombo-Central,Western,Frozen,Delivered,2,2.0,10675.14
ORD-101497,2024-10-11,Kurunegala-West,North-Western,Meat & Seafood,Delivered,5,5.0,8716.35
ORD-103305,2024-04-02,Galle-South,Southern,Beverages,Delivered,5,5.0,2813.06
ORD-100321,2024-02-09,Kurunegala-West,North-Western,Meat & Seafood,Delivered,5,5.0,19223.69
ORD-101840,2024-06-04,Kandy-Hub,Central,Dry Goods,Delivered,4,4.0,2933.69
ORD-102715,2024-06-18,Galle-South,Southern,Meat & Seafood,Delivered,2,2.0,
ORD-104663,2024-05-17,Kandy-Hub,Central,Meat & Seafood,Delayed,3,5.0,9289.96
ORD-103708,2024-06-28,Galle-South,Southern,Produce,Delayed,1,5.0,2241.12
ORD-101844,2024-09-28,Kandy-Hub,Central,Dairy,Delivered,1,1.0,4997.57
ORD-101909,2024-12-09,Kurunegala-West,North-Western,Frozen,Delivered,2,2.0,8702.92
ORD-104556,2024-02-26,Jaffna-North,Northern,Dry Goods,Delivered,2,2.0,2090.14
ORD-101551,2024-11-07,Kurunegala-West,North-Western,Dairy,Delivered,5,5.0,2858.21
ORD-104482,2024-11-01,Colombo-Central,Western,Dairy,Delivered,1,1.0,5563.69
ORD-101146,2024-07-12,Galle-South,Southern,Frozen,Delivered,5,5.0,6383.1
ORD-102110,2024-04-12,Colombo-Central,Western,Frozen,In Transit,5,,10148.17
ORD-100044,2024-01-25,Kurunegala-West,North-Western,Dry Goods,Delivered,3,3.0,2272.12
ORD-103938,2024-09-20,Kurunegala-West,North-Western,Beverages,Delayed,5,8.0,4117.43
ORD-102492,2024-12-05,Kandy-Hub,Central,Produce,Delivered,2,2.0,2348.2
ORD-101891,2024-03-30,Kandy-Hub,Central,Produce,Delayed,2,6.0,2675.74
ORD-101378,2024-07-02,Galle-South,Southern,Dairy,Delivered,4,4.0,4115.94
ORD-102439,2024-01-25,Galle-South,Southern,Frozen,Delayed,1,4.0,7586.14
ORD-104993,2024-07-20,Colombo-Central,Western,Produce,Delayed,3,6.0,2649.95
ORD-100413,2024-02-18,Kurunegala-West,North-Western,Dairy,In Transit,2,,3162.12
ORD-104811,2024-03-31,Galle-South,Southern,Dairy,Delivered,4,4.0,4893.37
ORD-101407,2024-11-15,Jaffna-North,Northern,Beverages,Delayed,2,5.0,2097.77
ORD-101720,2024-02-02,Kurunegala-West,North-Western,Frozen,Cancelled,4,,6967.54
ORD-100801,2024-04-20,Kandy-Hub,Central,Beverages,Delivered,2,2.0,4588.21
ORD-101288,2024-02-07,Kandy-Hub,Central,Produce,Delivered,5,5.0,2734.38
ORD-101558,2024-12-29,Kurunegala-West,North-Western,Meat & Seafood,Delivered,2,2.0,18212.56
ORD-102224,2024-05-26,Galle-South,Southern,Frozen,Delivered,2,2.0,5489.69
ORD-102487,2024-01-21,Galle-South,Southern,Beverages,Delayed,4,8.0,2680.91
ORD-101666,2024-10-01,Colombo-Central,Western,Frozen,Delivered,2,2.0,
ORD-104318,2024-11-06,Galle-South,Southern,Dairy,Delivered,5,5.0,2753.93
ORD-100256,2024-09-04,Colombo-Central,Western,Beverages,Delivered,5,5.0,4521.42
ORD-101859,2024-09-25,Kurunegala-West,North-Western,Dairy,Delivered,5,5.0,2534.78
ORD-101751,2024-11-19,Galle-South,Southern,Frozen,Delivered,5,5.0,6147.5
ORD-101151,2024-07-03,Kurunegala-West,North-Western,Dairy,In Transit,5,,3044.16
ORD-102939,2024-03-02,Colombo-Central,Western,Meat & Seafood,Delivered,5,5.0,8078.98
ORD-100647,2024-07-14,Kurunegala-West,North-Western,Dairy,Delivered,4,4.0,5997.5
ORD-104597,2024-01-02,Kurunegala-West,North-Western,Meat & Seafood,Delivered,5,5.0,11879.9
ORD-103664,2024-07-06,Kandy-Hub,Central,Dairy,Delayed,5,6.0,3503.06
ORD-101765,2024-12-07,Kurunegala-West,North-Western,Beverages,Delayed,2,4.0,5275.29
ORD-103526,2024-02-18,Galle-South,Southern,Meat & Seafood,Delivered,4,4.0,8607.16
ORD-102509,2024-02-14,Galle-South,Southern,Meat & Seafood,Delivered,2,2.0,12515.58
ORD-103841,2024-06-29,Kandy-Hub,Central,Beverages,Delivered,5,5.0,2102.4
ORD-101315,2024-04-19,Colombo-Central,Western,Beverages,Delivered,3,3.0,3493.45
ORD-101088,2024-08-25,Kandy-Hub,Central,Dairy,Delivered,3,3.0,3758.37
ORD-104789,2024-08-05,Jaffna-North,Northern,Meat & Seafood,Delivered,3,3.0,12623.77
ORD-102512,2024-12-17,Galle-South,Southern,Meat & Seafood,Delivered,5,5.0,19556.72
ORD-102992,2024-03-11,Jaffna-North,Northern,Dry Goods,Cancelled,4,,3411.12
ORD-101350,2024-01-23,Kandy-Hub,Central,Dry Goods,Delivered,1,1.0,1259.79
ORD-102547,2024-08-01,Kurunegala-West,North-Western,Dairy,Delivered,3,3.0,5709.17
ORD-100112,2024-07-21,Kurunegala-West,North-Western,Dairy,Delivered,5,5.0,
ORD-103197,2024-10-23,Jaffna-North,Northern,Dairy,Delivered,5,5.0,2800.79
ORD-100263,2024-12-03,Galle-South,Southern,Produce,Delivered,4,4.0,
ORD-101393,2024-09-27,Galle-South,Southern,Dairy,Delivered,5,5.0,3003.64
ORD-102623,2024-12-03,Colombo-Central,Western,Meat & Seafood,Delivered,4,4.0,12324.67
ORD-101186,2024-02-21,Kandy-Hub,Central,Dry Goods,Delayed,2,4.0,1396.92
ORD-104119,2024-01-19,Jaffna-North,Northern,Frozen,Delivered,2,2.0,11151.28
ORD-100056,2024-07-18,Kurunegala-West,North-Western,Beverages,Delivered,4,4.0,3224.73
ORD-101309,2024-11-07,Colombo-Central,Western,Produce,In Transit,5,,3311.08
ORD-100695,2024-04-02,Colombo-Central,Western,Beverages,Delivered,4,4.0,3698.7
ORD-104246,2024-04-09,Kurunegala-West,North-Western,Dry Goods,Delivered,2,2.0,2766.98
ORD-103960,2024-12-11,Galle-South,Southern,Dry Goods,Delivered,4,4.0,2628.44
ORD-101789,2024-10-02,Jaffna-North,Northern,Dairy,Delivered,1,1.0,3023.99
ORD-102346,2024-04-29,Colombo-Central,Western,Beverages,Delayed,1,4.0,2752.31
ORD-104319,2024-01-16,Colombo-Central,Western,Dairy,Delivered,2,2.0,4684.93
ORD-100319,2024-10-07,Kandy-Hub,Central,Produce,Delivered,2,2.0,1790.87
ORD-102330,2024-01-24,Kandy-Hub,Central,Meat & Seafood,Delayed,3,5.0,19440.4
ORD-101589,2024-01-11,Galle-South,Southern,Beverages,Delivered,1,1.0,3882.66
ORD-100682,2024-12-16,Kandy-Hub,Central,Beverages,Delivered,1,1.0,
ORD-103737,2024-07-11,Colombo-Central,Western,Dry Goods,Delayed,5,7.0,1742.42
ORD-103279,2024-09-23,Jaffna-North,Northern,Frozen,Delivered,4,4.0,8674.05
ORD-100479,2024-02-09,Galle-South,Southern,Dry Goods,Delivered,4,4.0,3468.14
ORD-103976,2024-08-23,Jaffna-North,Northern,Dairy,Delivered,5,5.0,3304.27
ORD-104193,2024-01-15,Galle-South,Southern,Frozen,Delivered,1,1.0,9162.18
ORD-100286,2024-02-28,Kandy-Hub,Central,Beverages,Delivered,4,4.0,4427.95
ORD-101965,2024-09-27,Kurunegala-West,North-Western,Beverages,Delivered,2,2.0,2967.44
ORD-103114,2024-05-13,Kandy-Hub,Central,Beverages,Delivered,2,2.0,3149.41
ORD-102459,2024-01-22,Jaffna-North,Northern,Frozen,Delivered,5,5.0,10041.78
ORD-101782,2024-01-09,Kandy-Hub,Central,Meat & Seafood,Delivered,1,1.0,13128.81
ORD-103296,2024-03-18,Jaffna-North,Northern,Meat & Seafood,Delivered,4,4.0,15519.09
ORD-103838,2024-12-16,Jaffna-North,Northern,Beverages,Delivered,3,3.0,5424.57
ORD-101598,2024-11-04,Colombo-Central,Western,Dry Goods,Delivered,3,3.0,3264.72
ORD-104915,2024-02-06,Kandy-Hub,Central,Beverages,Cancelled,2,,2879.91
ORD-102124,2024-09-29,Colombo-Central,Western,Produce,Delayed,2,5.0,2353.22
ORD-100736,2024-09-23,Kandy-Hub,Central,Dairy,In Transit,3,,3214.44
ORD-103209,2024-03-26,Kurunegala-West,North-Western,Beverages,Delivered,5,5.0,2017.61
ORD-100336,2024-12-17,Jaffna-North,Northern,Produce,Delivered,2,2.0,1749.94
ORD-102704,2024-01-26,Kurunegala-West,North-Western,Dairy,Delayed,4,5.0,5856.87
ORD-102826,2024-05-12,Kandy-Hub,Central,Frozen,Delivered,2,2.0,10847.5
ORD-104920,2024-12-22,Kandy-Hub,Central,Dry Goods,Delivered,1,1.0,3356.92
ORD-104448,2024-07-20,Jaffna-North,Northern,Dry Goods,Delivered,1,1.0,1937.14
ORD-101071,2024-03-17,Jaffna-North,Northern,Beverages,In Transit,4,,4551.29
ORD-104536,2024-01-30,Jaffna-North,Northern,Frozen,Delivered,4,4.0,5253.2
ORD-104850,2024-12-04,Colombo-Central,Western,Frozen,In Transit,1,,5805.38
ORD-102865,2024-01-13,Galle-South,Southern,Dairy,Delivered,3,3.0,5244.92
ORD-102366,2024-05-03,Jaffna-North,Northern,Dry Goods,Delivered,2,2.0,3304.48
ORD-104155,2024-03-09,Colombo-Central,Western,Meat & Seafood,Delivered,1,1.0,18265.97
ORD-104002,2024-01-13,Jaffna-North,Northern,Dairy,Delivered,3,3.0,3961.73
ORD-103434,2024-03-26,Kandy-Hub,Central,Frozen,Delivered,1,1.0,9000.61
ORD-101488,2024-02-10,Colombo-Central,Western,Frozen,Delivered,4,4.0,5410.08
ORD-100498,2024-12-04,Kurunegala-West,North-Western,Beverages,Delivered,1,1.0,4246.45
ORD-104388,2024-05-02,Galle-South,Southern,Frozen,Delayed,5,6.0,10455.95
ORD-103240,2024-03-17,Jaffna-North,Northern,Dry Goods,In Transit,5,,1467.51
ORD-102927,2024-04-27,Kandy-Hub,Central,Produce,Delayed,3,7.0,2180.28
ORD-102384,2024-03-08,Jaffna-North,Northern,Meat & Seafood,Delivered,1,1.0,9627.08
ORD-102980,2024-09-18,Kurunegala-West,North-Western,Frozen,Cancelled,1,,9219.18
ORD-104956,2024-02-28,Jaffna-North,Northern,Frozen,Delivered,2,2.0,8552.31
ORD-102380,2024-03-06,Jaffna-North,Northern,Dairy,Delivered,5,5.0,4700.63
ORD-101610,2024-10-10,Kandy-Hub,Central,Frozen,Cancelled,4,,7899.38
ORD-103089,2024-06-19,Galle-South,Southern,Produce,Delivered,5,5.0,2543.42
ORD-103829,2024-02-24,Kandy-Hub,Central,Beverages,Cancelled,1,,5358.69
ORD-104619,2024-11-23,Galle-South,Southern,Frozen,Delivered,1,1.0,5988.82
ORD-101022,2024-11-13,Kandy-Hub,Central,Dry Goods,Cancelled,5,,3042.13
ORD-104586,2024-03-19,Kurunegala-West,North-Western,Beverages,Delivered,5,5.0,4338.36
ORD-104936,2024-12-16,Galle-South,Southern,Meat & Seafood,Delivered,4,4.0,18668.63
ORD-104359,2024-12-19,Kurunegala-West,North-Western,Produce,Delivered,4,4.0,2202.29
ORD-103126,2024-10-30,Galle-South,Southern,Dry Goods,Delivered,3,3.0,2879.8
ORD-103230,2024-11-02,Kandy-Hub,Central,Beverages,Delivered,1,1.0,4044.87
ORD-100665,2024-09-10,Galle-South,Southern,Produce,Delivered,1,1.0,3085.02
ORD-104009,2024-02-12,Colombo-Central,Western,Meat & Seafood,Delivered,4,4.0,
ORD-104945,2024-09-21,Kandy-Hub,Central,Frozen,Delivered,3,3.0,10734.25
ORD-104212,2024-05-31,Kurunegala-West,North-Western,Meat & Seafood,Delivered,4,4.0,11604.7
ORD-104309,2024-08-07,Galle-South,Southern,Beverages,Delayed,1,3.0,3555.3
ORD-102291,2024-04-27,Jaffna-North,Northern,Dry Goods,Delivered,4,4.0,2204.21
ORD-101017,2024-06-29,Colombo-Central,Western,Beverages,Delivered,4,4.0,
ORD-100557,2024-11-15,Kandy-Hub,Central,Produce,Delivered,3,3.0,2942.63
ORD-104294,2024-12-04,Colombo-Central,Western,Frozen,Delivered,2,2.0,10087.21
ORD-101207,2024-09-20,Jaffna-North,Northern,Meat & Seafood,Delivered,4,4.0,19989.13
ORD-104320,2024-08-28,Kandy-Hub,Central,Meat & Seafood,Delayed,3,7.0,10310.59
ORD-102892,2024-05-12,Kandy-Hub,Central,Produce,Delivered,4,4.0,1859.34
ORD-102845,2024-06-15,Kandy-Hub,Central,Beverages,Delayed,3,4.0,4782.52
ORD-101510,2024-05-01,Kandy-Hub,Central,Produce,Delivered,1,1.0,1890.24
ORD-102086,2024-09-24,Galle-South,Southern,Beverages,Delivered,1,1.0,2500.86
ORD-100245,2024-01-31,Kandy-Hub,Central,Frozen,Delivered,4,4.0,8841.7
ORD-101163,2024-07-12,Colombo-Central,Western,Frozen,In Transit,3,,11255.35
ORD-103727,2024-07-11,Kurunegala-West,North-Western,Produce,Delayed,3,6.0,2827.97
ORD-100266,2024-06-12,Galle-South,Southern,Produce,Delayed,5,7.0,2752.38
ORD-104161,2024-05-23,Jaffna-North,Northern,Beverages,Delivered,4,4.0,4499.66
ORD-101114,2024-03-11,Colombo-Central,Western,Dry Goods,Delivered,2,2.0,1273.8
ORD-100063,2024-12-19,Jaffna-North,Northern,Meat & Seafood,Delivered,3,3.0,11192.97
ORD-101912,2024-01-02,Kandy-Hub,Central,Beverages,Delivered,3,3.0,5479.9
ORD-102643,2024-06-19,Jaffna-North,Northern,Frozen,Delivered,5,5.0,9742.8
ORD-102229,2024-12-23,Jaffna-North,Northern,Frozen,In Transit,5,,7888.35
ORD-102812,2024-03-13,Colombo-Central,Western,Dry Goods,Delivered,5,5.0,1561.02
ORD-103827,2024-07-19,Colombo-Central,Western,Beverages,Delivered,4,4.0,4863.62
ORD-103139,2024-06-29,Colombo-Central,Western,Meat & Seafood,Delivered,4,4.0,11757.14
ORD-103615,2024-06-12,Kandy-Hub,Central,Meat & Seafood,Delivered,5,5.0,18662.72
ORD-104141,2024-11-09,Kandy-Hub,Central,Dry Goods,Delivered,5,5.0,3414.2
ORD-102302,2024-07-27,Kurunegala-West,North-Western,Produce,Delivered,3,3.0,2567.42
ORD-102813,2024-12-17,Kurunegala-West,North-Western,Meat & Seafood,Cancelled,3,,12705.88
ORD-101723,2024-09-23,Kandy-Hub,Central,Dairy,Delivered,1,1.0,5958.58
ORD-104699,2024-01-09,Jaffna-North,Northern,Dairy,Delayed,1,5.0,2732.65
ORD-101237,2024-02-15,Kandy-Hub,Central,Dry Goods,Delivered,3,3.0,3199.78
ORD-100103,2024-01-03,Galle-South,Southern,Frozen,Delivered,2,2.0,5881.72
ORD-102855,2024-01-29,Kurunegala-West,North-Western,Frozen,Delivered,2,2.0,9858.14
ORD-100272,2024-02-25,Kandy-Hub,Central,Dry Goods,Delivered,4,4.0,3136.91
ORD-100508,2024-04-08,Galle-South,Southern,Frozen,Delayed,3,6.0,11676.89
ORD-102269,2024-12-22,Galle-South,Southern,Produce,Delivered,4,4.0,3495.49
ORD-104983,2024-05-26,Kurunegala-West,North-Western,Meat & Seafood,Delayed,1,3.0,10220.49
ORD-102168,2024-12-07,Kandy-Hub,Central,Meat & Seafood,In Transit,4,,14504.64
ORD-100865,2024-09-11,Galle-South,Southern,Dry Goods,Cancelled,3,,1842.3
ORD-102478,2024-01-29,Jaffna-North,Northern,Frozen,Delivered,1,1.0,5583.29
ORD-100908,2024-05-15,Jaffna-North,Northern,Meat & Seafood,In Transit,2,,8518.49
ORD-102480,2024-08-25,Jaffna-North,Northern,Meat & Seafood,Delivered,5,5.0,18554.18
ORD-102916,2024-08-14,Jaffna-North,Northern,Beverages,Delivered,2,2.0,2937.73
ORD-103973,2024-04-04,Jaffna-North,Northern,Dry Goods,Delivered,1,1.0,1499.68
ORD-101627,2024-08-01,Jaffna-North,Northern,Beverages,Delivered,4,4.0,3647.01
ORD-102932,2024-02-29,Galle-South,Southern,Frozen,Delivered,4,4.0,
ORD-101522,2024-03-10,Colombo-Central,Western,Produce,In Transit,4,,2828.79
ORD-100835,2024-10-10,Kurunegala-West,North-Western,Meat & Seafood,Delivered,5,5.0,15952.41
ORD-100358,2024-02-03,Colombo-Central,Western,Meat & Seafood,Delayed,3,5.0,9444.16
ORD-100138,2024-05-06,Colombo-Central,Western,Produce,Delivered,5,5.0,2074.55
ORD-100299,2024-01-08,Kurunegala-West,North-Western,Produce,Delivered,3,3.0,3331.67
ORD-101556,2024-11-23,Colombo-Central,Western,Frozen,Delivered,1,1.0,10504.85
ORD-101003,2024-11-19,Galle-South,Southern,Dry Goods,Delivered,4,4.0,1214.44
ORD-100382,2024-12-11,Kandy-Hub,Central,Produce,Delivered,5,5.0,2464.53
ORD-100941,2024-05-27,Galle-South,Southern,Dry Goods,Delivered,1,1.0,2636.09
ORD-104668,2024-09-25,Colombo-Central,Western,Dry Goods,Delivered,3,3.0,1352.76
ORD-103821,2024-01-05,Kandy-Hub,Central,Beverages,Delivered,2,2.0,3858.68
ORD-100761,2024-07-20,Colombo-Central,Western,Produce,Delivered,1,1.0,2414.43
ORD-102750,2024-03-30,Jaffna-North,Northern,Dry Goods,Delayed,1,5.0,2405.19
ORD-101943,2024-01-11,Galle-South,Southern,Dairy,Delivered,4,4.0,2864.51
ORD-103958,2024-02-05,Galle-South,Southern,Dairy,In Transit,4,,5501.9
ORD-102127,2024-08-16,Colombo-Central,Western,Frozen,Delivered,2,2.0,6684.14
ORD-102240,2024-03-22,Galle-South,Southern,Produce,Delivered,2,2.0,1676.74
ORD-100898,2024-01-26,Jaffna-North,Northern,Dry Goods,Cancelled,3,,2709.12
ORD-104078,2024-03-31,Colombo-Central,Western,Produce,Delivered,5,5.0,3270.93
ORD-104522,2024-07-15,Kurunegala-West,North-Western,Frozen,Delivered,5,5.0,11656.25
ORD-101402,2024-04-19,Kandy-Hub,Central,Dairy,Delayed,1,4.0,2509.78
ORD-102092,2024-10-20,Galle-South,Southern,Beverages,In Transit,1,,4193.53
ORD-103858,2024-04-28,Kandy-Hub,Central,Dairy,Delivered,2,2.0,3928.64
ORD-104430,2024-12-02,Colombo-Central,Western,Meat & Seafood,Delayed,4,5.0,12641.22
ORD-103015,2024-06-16,Colombo-Central,Western,Dairy,Delivered,5,5.0,5427.65
ORD-101512,2024-09-28,Colombo-Central,Western,Produce,In Transit,2,,2393.41
ORD-101188,2024-07-25,Colombo-Central,Western,Meat & Seafood,Delivered,3,3.0,18820.67
ORD-103050,2024-11-01,Kandy-Hub,Central,Dairy,In Transit,5,,4721.83
ORD-102088,2024-04-21,Colombo-Central,Western,Beverages,Delayed,4,6.0,4734.52
ORD-104584,2024-08-02,Jaffna-North,Northern,Dairy,In Transit,3,,3286.09
ORD-103505,2024-11-20,Colombo-Central,Western,Beverages,Delivered,4,4.0,4502.38
ORD-100108,2024-06-21,Kandy-Hub,Central,Dry Goods,Delivered,3,3.0,1880.03
ORD-102788,2024-01-02,Kurunegala-West,North-Western,Frozen,Delivered,2,2.0,10688.25
ORD-103134,2024-09-16,Jaffna-North,Northern,Beverages,Delivered,3,3.0,3392.78
ORD-101926,2024-05-11,Kandy-Hub,Central,Dairy,Delivered,4,4.0,
ORD-100058,2024-09-28,Kandy-Hub,Central,Dry Goods,In Transit,4,,3384.28
ORD-100076,2024-04-30,Kandy-Hub,Central,Dry Goods,In Transit,2,,2943.24
ORD-100796,2024-12-19,Kurunegala-West,North-Western,Frozen,Delivered,1,1.0,9805.82
ORD-100368,2024-01-09,Jaffna-North,Northern,Frozen,Delivered,1,1.0,8599.22
ORD-104955,2024-03-11,Kandy-Hub,Central,Produce,In Transit,3,,3072.0
ORD-100785,2024-08-02,Jaffna-North,Northern,Meat & Seafood,Delivered,2,2.0,8884.37
ORD-103842,2024-07-23,Jaffna-North,Northern,Dairy,Delivered,4,4.0,
ORD-103528,2024-03-09,Kurunegala-West,North-Western,Dry Goods,Delivered,3,3.0,1425.24
ORD-102029,2024-05-05,Kurunegala-West,North-Western,Dairy,Delivered,2,2.0,5052.65
ORD-104091,2024-01-16,Kandy-Hub,Central,Meat & Seafood,Delivered,3,3.0,17324.46
ORD-103011,2024-07-03,Colombo-Central,Western,Dairy,Delayed,5,8.0,3313.94
ORD-103603,2024-08-15,Jaffna-North,Northern,Dry Goods,Delivered,4,4.0,1000.05
ORD-101973,2024-05-04,Jaffna-North,Northern,Dairy,Delivered,2,2.0,2958.75
ORD-103268,2024-02-19,Colombo-Central,Western,Produce,Delayed,2,5.0,1855.11
ORD-100121,2024-08-31,Jaffna-North,Northern,Produce,Delayed,2,4.0,3892.27
ORD-103635,2024-06-21,Jaffna-North,Northern,Produce,In Transit,4,,2734.02
ORD-102413,2024-08-07,Kandy-Hub,Central,Frozen,Delivered,1,1.0,5979.21
ORD-104076,2024-12-23,Jaffna-North,Northern,Produce,Delivered,3,3.0,2450.49
ORD-100910,2024-10-08,Colombo-Central,Western,Dry Goods,Delivered,5,5.0,1850.62
ORD-100124,2024-11-08,Colombo-Central,Western,Meat & Seafood,Delivered,5,5.0,10116.98
ORD-102646,2024-07-26,Galle-South,Southern,Produce,Delivered,1,1.0,2974.82
ORD-101586,2024-10-27,Galle-South,Southern,Produce,Delivered,2,2.0,2463.61
ORD-101257,2024-07-21,Jaffna-North,Northern,Dairy,Delivered,3,3.0,5330.43
ORD-103509,2024-05-07,Kurunegala-West,North-Western,Frozen,In Transit,5,,10487.55
ORD-103550,2024-06-09,Kurunegala-West,North-Western,Dry Goods,Delivered,5,5.0,3183.13
ORD-103676,2024-05-13,Jaffna-North,Northern,Frozen,Delivered,5,5.0,9040.13
ORD-101178,2024-04-04,Jaffna-North,Northern,Meat & Seafood,Delayed,2,6.0,11091.09
ORD-102924,2024-06-03,Colombo-Central,Western,Produce,Delivered,4,4.0,3364.7
ORD-103539,2024-10-28,Jaffna-North,Northern,Frozen,Delayed,3,7.0,8037.84
ORD-102379,2024-08-26,Kandy-Hub,Central,Dry Goods,Delivered,2,2.0,1078.36
ORD-102144,2024-05-12,Kandy-Hub,Central,Frozen,In Transit,2,,11069.54
ORD-100442,2024-02-18,Kurunegala-West,North-Western,Frozen,Delivered,2,2.0,8618.74
ORD-102333,2024-10-27,Kandy-Hub,Central,Dry Goods,Delayed,3,6.0,2277.14
ORD-103783,2024-10-04,Jaffna-North,Northern,Produce,Delivered,3,3.0,1766.21
ORD-100925,2024-12-11,Colombo-Central,Western,Dairy,Delivered,4,4.0,5158.18
ORD-104308,2024-10-20,Jaffna-North,Northern,Meat & Seafood,Delivered,5,5.0,9592.71
ORD-102186,2024-04-21,Galle-South,Southern,Dairy,In Transit,5,,3373.14
ORD-104819,2024-12-06,Kandy-Hub,Central,Produce,In Transit,4,,3308.64
ORD-101411,2024-07-23,Galle-South,Southern,Frozen,Delivered,3,3.0,8914.03
ORD-103536,2024-01-11,Galle-South,Southern,Frozen,Delivered,2,2.0,7551.91
ORD-101813,2024-06-29,Galle-South,Southern,Dry Goods,Delivered,1,1.0,1760.68
ORD-101509,2024-09-06,Colombo-Central,Western,Dairy,Delivered,4,4.0,5252.12
ORD-101227,2024-12-25,Jaffna-North,Northern,Dry Goods,Delivered,1,1.0,1697.84
ORD-103673,2024-01-01,Colombo-Central,Western,Dairy,Cancelled,3,,4911.89
ORD-102399,2024-09-25,Galle-South,Southern,Meat & Seafood,In Transit,1,,11835.95
ORD-104865,2024-08-01,Jaffna-North,Northern,Beverages,In Transit,5,,2185.7
ORD-103362,2024-01-17,Jaffna-North,Northern,Dairy,Delivered,4,4.0,4061.07
ORD-103346,2024-08-07,Kandy-Hub,Central,Frozen,Delayed,3,4.0,9930.36
ORD-100324,2024-12-21,Kurunegala-West,North-Western,Dry Goods,Cancelled,4,,2575.69
ORD-103142,2024-06-13,Galle-South,Southern,Dairy,Delayed,1,2.0,5733.02
ORD-104896,2024-11-06,Kurunegala-West,North-Western,Dry Goods,Delivered,2,2.0,1815.95
ORD-101972,2024-09-05,Kandy-Hub,Central,Dry Goods,Delivered,1,1.0,2336.36
ORD-103364,2024-02-28,Kurunegala-West,North-Western,Frozen,Delivered,3,3.0,8081.63
ORD-103097,2024-04-24,Kandy-Hub,Central,Beverages,Delivered,3,3.0,3987.72
ORD-101498,2024-06-19,Kandy-Hub,Central,Dairy,Cancelled,3,,3575.3
ORD-101502,2024-03-24,Galle-South,Southern,Beverages,Delivered,3,3.0,4162.84
ORD-101006,2024-11-06,Kandy-Hub,Central,Frozen,Delivered,2,2.0,6411.08
ORD-103761,2024-07-03,Galle-South,Southern,Dairy,In Transit,3,,5800.76
ORD-102770,2024-08-29,Kandy-Hub,Central,Produce,Delivered,1,1.0,3295.32
ORD-103586,2024-06-14,Jaffna-North,Northern,Dry Goods,Delayed,2,3.0,2897.05
ORD-101467,2024-05-20,Colombo-Central,Western,Meat & Seafood,Delivered,4,4.0,9249.29
ORD-101225,2024-12-19,Jaffna-North,Northern,Produce,In Transit,1,,1772.04
ORD-103199,2024-04-06,Kurunegala-West,North-Western,Frozen,Delayed,3,4.0,7345.57
ORD-102689,2024-12-24,Kurunegala-West,North-Western,Produce,Delivered,4,4.0,2157.62
ORD-102226,2024-11-16,Colombo-Central,Western,Produce,Delivered,2,2.0,3605.05
ORD-101216,2024-07-04,Galle-South,Southern,Dry Goods,Delivered,2,2.0,1823.67
ORD-104054,2024-01-03,Kurunegala-West,North-Western,Dairy,Delayed,4,8.0,5511.17
ORD-103568,2024-10-02,Colombo-Central,Western,Dry Goods,Delivered,5,5.0,2347.13
ORD-100420,2024-12-04,Kurunegala-West,North-Western,Meat & Seafood,Delivered,1,1.0,16618.03
ORD-104257,2024-02-02,Colombo-Central,Western,Meat & Seafood,Delivered,4,4.0,18358.18
ORD-100006,2024-02-01,Galle-South,Southern,Dry Goods,Cancelled,3,,1558.49
ORD-100932,2024-04-03,Kandy-Hub,Central,Dairy,In Transit,5,,5646.83
ORD-101691,2024-11-20,Jaffna-North,Northern,Meat & Seafood,Delivered,5,5.0,10987.38
ORD-100439,2024-05-25,Galle-South,Southern,Dairy,Delivered,2,2.0,5047.3
ORD-101313,2024-11-07,Colombo-Central,Western,Meat & Seafood,Cancelled,3,,9796.89
ORD-100678,2024-07-09,Jaffna-North,Northern,Produce,Delivered,2,2.0,3417.49
ORD-102015,2024-04-26,Kurunegala-West,North-Western,Meat & Seafood,In Transit,4,,18829.16
ORD-104656,2024-02-18,Kurunegala-West,North-Western,Dairy,Delayed,2,3.0,3913.2
ORD-101888,2024-01-23,Colombo-Central,Western,Meat & Seafood,Delivered,1,1.0,17342.95
ORD-102311,2024-01-25,Colombo-Central,Western,Dairy,Delivered,1,1.0,2568.11
ORD-104680,2024-04-28,Colombo-Central,Western,Dairy,Delivered,2,2.0,5376.97
ORD-103320,2024-02-01,Jaffna-North,Northern,Frozen,Cancelled,1,,8891.32
ORD-104768,2024-02-11,Jaffna-North,Northern,Dry Goods,Delivered,4,4.0,1120.85
ORD-102484,2024-05-05,Colombo-Central,Western,Frozen,Delivered,3,3.0,11393.36
ORD-101086,2024-10-19,Galle-South,Southern,Frozen,Delivered,5,5.0,9859.4
ORD-103012,2024-01-17,Colombo-Central,Western,Meat & Seafood,Delivered,3,3.0,10582.3
ORD-104288,2024-10-05,Kandy-Hub,Central,Beverages,Delayed,2,4.0,4559.85
ORD-102833,2024-07-18,Galle-South,Southern,Frozen,Delivered,1,1.0,6615.67
ORD-102692,2024-11-28,Kandy-Hub,Central,Meat & Seafood,Delivered,2,2.0,12327.57
ORD-100194,2024-12-16,Kandy-Hub,Central,Meat & Seafood,Delivered,5,5.0,14101.97
ORD-101474,2024-12-22,Kandy-Hub,Central,Meat & Seafood,Delivered,2,2.0,
ORD-103437,2024-08-28,Kurunegala-West,North-Western,Dry Goods,Delivered,4,4.0,
ORD-102182,2024-08-09,Colombo-Central,Western,Dairy,Cancelled,3,,5578.47
ORD-101211,2024-10-12,Jaffna-North,Northern,Dry Goods,Delivered,4,4.0,2769.83
ORD-104104,2024-01-29,Kandy-Hub,Central,Dry Goods,Delivered,1,1.0,1794.91
ORD-101657,2024-11-14,Galle-South,Southern,Dry Goods,Delivered,1,1.0,1367.97
ORD-102753,2024-08-25,Colombo-Central,Western,Produce,Delivered,1,1.0,2391.55
ORD-103158,2024-08-31,Kurunegala-West,North-Western,Dairy,Delivered,2,2.0,4830.41
ORD-102758,2024-05-11,Kurunegala-West,North-Western,Beverages,Delivered,1,1.0,3683.88
ORD-104105,2024-06-14,Colombo-Central,Western,Frozen,Delivered,3,3.0,11094.04
ORD-102213,2024-02-12,Colombo-Central,Western,Meat & Seafood,Delayed,1,2.0,14684.47
ORD-104451,2024-04-02,Kandy-Hub,Central,Dairy,Delivered,4,4.0,5781.44
ORD-101130,2024-05-28,Colombo-Central,Western,Beverages,Delivered,1,1.0,2975.62
ORD-101461,2024-04-24,Galle-South,Southern,Produce,Delivered,3,3.0,2507.13
ORD-100276,2024-06-19,Kandy-Hub,Central,Meat & Seafood,Delivered,4,4.0,10709.22
ORD-104574,2024-09-16,Jaffna-North,Northern,Meat & Seafood,Delivered,1,1.0,16666.35
ORD-103650,2024-02-13,Kurunegala-West,North-Western,Frozen,Delivered,4,4.0,9642.91
ORD-103372,2024-04-22,Jaffna-North,Northern,Dairy,Delayed,2,3.0,5719.7
ORD-103187,2024-05-27,Colombo-Central,Western,Beverages,In Transit,4,,2938.65
ORD-101302,2024-09-12,Colombo-Central,Western,Dairy,Delivered,2,2.0,3745.66
ORD-102846,2024-11-10,Kandy-Hub,Central,Frozen,Delivered,4,4.0,5361.46
ORD-100222,2024-09-13,Kurunegala-West,North-Western,Frozen,Delivered,5,5.0,9781.88
ORD-104687,2024-04-15,Galle-South,Southern,Dairy,Delivered,4,4.0,4869.96
ORD-103656,2024-07-06,Kandy-Hub,Central,Beverages,In Transit,4,,2882.93
ORD-100573,2024-01-18,Jaffna-North,Northern,Beverages,Delivered,4,4.0,2789.05
ORD-101236,2024-01-02,Kurunegala-West,North-Western,Meat & Seafood,Delivered,2,2.0,15567.42
ORD-103614,2024-10-01,Colombo-Central,Western,Dairy,Delivered,2,2.0,3944.73
ORD-102174,2024-03-26,Colombo-Central,Western,Dairy,Delivered,2,2.0,2892.39
ORD-102323,2024-08-26,Kurunegala-West,North-Western,Dry Goods,Delivered,3,3.0,1043.77
ORD-101334,2024-07-13,Colombo-Central,Western,Dry Goods,Delivered,3,3.0,1276.68
ORD-104541,2024-08-17,Jaffna-North,Northern,Meat & Seafood,Delayed,2,3.0,18471.0
ORD-104952,2024-10-12,Colombo-Central,Western,Dairy,Delivered,5,5.0,3945.64
ORD-100418,2024-04-18,Galle-South,Southern,Beverages,In Transit,2,,2017.09
ORD-100267,2024-05-06,Jaffna-North,Northern,Frozen,Delivered,3,3.0,10492.74
ORD-101104,2024-04-21,Kurunegala-West,North-Western,Produce,Delivered,1,1.0,3925.56
ORD-100257,2024-02-07,Kandy-Hub,Central,Meat & Seafood,Delivered,2,2.0,10937.68
ORD-100295,2024-07-09,Jaffna-North,Northern,Frozen,Delayed,2,6.0,6155.85
ORD-102405,2024-10-29,Galle-South,Southern,Dry Goods,Delayed,1,3.0,1552.66
ORD-100386,2024-01-25,Kandy-Hub,Central,Dairy,Delivered,1,1.0,2520.48
ORD-104418,2024-09-17,Colombo-Central,Western,Frozen,Cancelled,4,,9200.09
ORD-103153,2024-10-16,Jaffna-North,Northern,Frozen,Delivered,2,2.0,11078.47
ORD-102274,2024-03-05,Colombo-Central,Western,Dry Goods,Delayed,1,4.0,1504.75
ORD-102290,2024-05-24,Jaffna-North,Northern,Beverages,Delivered,1,1.0,4059.83
ORD-104379,2024-12-05,Jaffna-North,Northern,Dry Goods,Delivered,5,5.0,2375.89
ORD-103585,2024-03-20,Colombo-Central,Western,Beverages,Cancelled,3,,5396.36
ORD-104250,2024-06-01,Jaffna-North,Northern,Meat & Seafood,In Transit,1,,16750.21
ORD-104428,2024-10-08,Galle-South,Southern,Dry Goods,Delayed,1,4.0,1310.09
ORD-101563,2024-12-01,Colombo-Central,Western,Meat & Seafood,Delayed,1,5.0,19732.92
ORD-101962,2024-02-22,Kandy-Hub,Central,Dairy,Delivered,3,3.0,3301.67
ORD-101400,2024-11-07,Galle-South,Southern,Frozen,Delivered,5,5.0,9280.62
ORD-100712,2024-09-22,Galle-South,Southern,Dry Goods,Delivered,2,2.0,1435.6
ORD-104371,2024-03-03,Kandy-Hub,Central,Frozen,Delivered,5,5.0,10171.16
ORD-102905,2024-11-11,Kurunegala-West,North-Western,Frozen,Delivered,5,5.0,8231.93
ORD-100209,2024-10-11,Colombo-Central,Western,Beverages,Delivered,2,2.0,4791.6
ORD-104020,2024-02-18,Jaffna-North,Northern,Dry Goods,Delivered,2,2.0,2638.21
ORD-101289,2024-08-14,Kurunegala-West,North-Western,Dry Goods,Delayed,3,6.0,2320.82
ORD-104878,2024-09-02,Galle-South,Southern,Frozen,Delayed,1,4.0,6391.08
ORD-101842,2024-10-25,Galle-South,Southern,Beverages,Delayed,4,7.0,2841.67
ORD-100449,2024-04-14,Colombo-Central,Western,Frozen,In Transit,1,,5773.5
ORD-104524,2024-10-19,Galle-South,Southern,Meat & Seafood,Delivered,1,1.0,14498.66
ORD-103554,2024-05-31,Kurunegala-West,North-Western,Dairy,Delivered,4,4.0,5207.75
ORD-101820,2024-04-24,Jaffna-North,Northern,Beverages,Delayed,5,9.0,5103.94
ORD-100958,2024-12-20,Jaffna-North,Northern,Dry Goods,Delivered,1,1.0,2252.13
ORD-101793,2024-04-11,Colombo-Central,Western,Dairy,Delivered,1,1.0,3403.64
ORD-102809,2024-03-10,Kandy-Hub,Central,Produce,Delivered,1,1.0,3576.59
ORD-100654,2024-07-20,Kandy-Hub,Central,Produce,Delivered,5,5.0,
ORD-102451,2024-11-20,Jaffna-North,Northern,Dairy,Cancelled,5,,3020.52
ORD-103927,2024-02-26,Kurunegala-West,North-Western,Frozen,Delivered,2,2.0,6156.07
ORD-100331,2024-05-15,Kurunegala-West,North-Western,Beverages,Delivered,3,3.0,3448.94
ORD-101760,2024-05-20,Colombo-Central,Western,Produce,Cancelled,1,,3686.11
ORD-104660,2024-10-30,Colombo-Central,Western,Dry Goods,Delivered,5,5.0,3198.13
ORD-102796,2024-11-14,Kurunegala-West,North-Western,Dairy,Delayed,5,7.0,2635.39
ORD-102154,2024-09-14,Galle-South,Southern,Dry Goods,In Transit,1,,1365.63
ORD-100411,2024-03-24,Galle-South,Southern,Dairy,Delivered,5,5.0,5609.96
ORD-101774,2024-10-07,Kurunegala-West,North-Western,Frozen,Delivered,5,5.0,11970.45
ORD-104814,2024-09-29,Galle-South,Southern,Beverages,Delivered,2,2.0,3849.5
ORD-102228,2024-04-15,Kurunegala-West,North-Western,Dry Goods,Delivered,5,5.0,2751.55
ORD-102423,2024-10-28,Jaffna-North,Northern,Beverages,Delivered,4,4.0,4583.63
ORD-102678,2024-07-30,Galle-South,Southern,Dry Goods,Delivered,1,1.0,3163.43
ORD-104355,2024-10-27,Colombo-Central,Western,Meat & Seafood,Delivered,4,4.0,15145.73
ORD-104823,2024-12-21,Galle-South,Southern,Beverages,Delivered,3,3.0,5023.12
ORD-104471,2024-11-15,Jaffna-North,Northern,Beverages,Delivered,2,2.0,
ORD-103382,2024-12-16,Galle-South,Southern,Beverages,Delayed,1,2.0,4586.1
ORD-103532,2024-01-23,Kandy-Hub,Central,Dairy,Cancelled,5,,5951.86
ORD-103628,2024-11-04,Kandy-Hub,Central,Beverages,Delivered,5,5.0,2066.29
ORD-102002,2024-05-25,Kurunegala-West,North-Western,Dairy,Delivered,4,4.0,5756.0
ORD-103435,2024-08-09,Colombo-Central,Western,Meat & Seafood,Delivered,4,4.0,18908.35
ORD-103447,2024-07-24,Colombo-Central,Western,Dairy,Delayed,5,7.0,3909.98
ORD-103822,2024-07-19,Jaffna-North,Northern,Produce,Delivered,1,1.0,2253.39
ORD-100430,2024-01-31,Kurunegala-West,North-Western,Dry Goods,Delivered,5,5.0,2638.04
ORD-104560,2024-06-27,Galle-South,Southern,Dairy,Delivered,5,5.0,5988.08
ORD-102080,2024-10-28,Kandy-Hub,Central,Frozen,Delayed,1,5.0,10660.53
ORD-101366,2024-04-20,Kurunegala-West,North-Western,Beverages,Delivered,4,4.0,2359.92
ORD-100173,2024-09-20,Kandy-Hub,Central,Beverages,Delivered,1,1.0,4278.8
ORD-102910,2024-02-10,Colombo-Central,Western,Meat & Seafood,Delivered,2,2.0,13822.5
ORD-101176,2024-04-25,Jaffna-North,Northern,Dry Goods,Delayed,4,7.0,1528.81
ORD-103399,2024-09-20,Colombo-Central,Western,Dry Goods,Delivered,3,3.0,1797.85
ORD-101476,2024-06-28,Kandy-Hub,Central,Dairy,Delivered,2,2.0,3357.54
ORD-103939,2024-07-05,Kandy-Hub,Central,Dry Goods,Delayed,5,6.0,1774.91
ORD-103565,2024-04-05,Jaffna-North,Northern,Dry Goods,Delivered,4,4.0,3071.7
ORD-100102,2024-10-20,Kandy-Hub,Central,Meat & Seafood,Delivered,1,1.0,15039.17
ORD-103412,2024-03-22,Kandy-Hub,Central,Frozen,Delivered,5,5.0,9396.42
ORD-103264,2024-07-11,Colombo-Central,Western,Dry Goods,Delivered,2,2.0,2520.58
ORD-101263,2024-10-27,Kurunegala-West,North-Western,Produce,Delivered,4,4.0,3174.69
ORD-102940,2024-09-18,Jaffna-North,Northern,Beverages,Delivered,5,5.0,5096.05
ORD-101073,2024-07-10,Jaffna-North,Northern,Produce,Delivered,5,5.0,2690.51
ORD-102572,2024-09-23,Colombo-Central,Western,Beverages,Delivered,4,4.0,2311.1
ORD-104705,2024-03-26,Kurunegala-West,North-Western,Meat & Seafood,Delivered,4,4.0,14700.5
ORD-102794,2024-01-26,Colombo-Central,Western,Frozen,Delivered,3,3.0,7654.59
ORD-103365,2024-09-30,Jaffna-North,Northern,Dry Goods,Delivered,3,3.0,3279.72
ORD-104545,2024-10-02,Colombo-Central,Western,Dairy,Delayed,3,5.0,4674.0
ORD-103755,2024-04-27,Colombo-Central,Western,Produce,Delivered,4,4.0,3481.05
ORD-101643,2024-08-05,Galle-South,Southern,Meat & Seafood,Delivered,1,1.0,17586.04
ORD-104550,2024-01-17,Jaffna-North,Northern,Produce,Delivered,5,5.0,3988.77
ORD-100000,2024-02-02,Colombo-Central,Western,Frozen,Delivered,5,5.0,6918.4
ORD-101580,2024-04-18,Galle-South,Southern,Beverages,Delivered,3,3.0,5204.31
ORD-104466,2024-10-18,Jaffna-North,Northern,Dry Goods,Delayed,4,5.0,3124.99
ORD-104453,2024-09-14,Kurunegala-West,North-Western,Dairy,Cancelled,3,,3562.49
ORD-101356,2024-05-05,Jaffna-North,Northern,Produce,In Transit,2,,3252.05
ORD-103459,2024-05-24,Kandy-Hub,Central,Dry Goods,Cancelled,2,,2321.05
ORD-102123,2024-08-10,Galle-South,Southern,Frozen,Delayed,1,2.0,8975.81
ORD-102277,2024-01-19,Kurunegala-West,North-Western,Produce,Delivered,5,5.0,2464.06
ORD-102078,2024-04-04,Kandy-Hub,Central,Beverages,Delivered,5,5.0,4312.85
ORD-104365,2024-11-01,Jaffna-North,Northern,Beverages,Delivered,5,5.0,4227.32
ORD-100396,2024-01-17,Kurunegala-West,North-Western,Beverages,Delivered,5,5.0,2250.24
ORD-103529,2024-02-13,Jaffna-North,Northern,Produce,In Transit,4,,2817.67
ORD-101064,2024-10-01,Kandy-Hub,Central,Beverages,Delivered,4,4.0,2679.66
ORD-102404,2024-05-20,Galle-South,Southern,Produce,Delivered,3,3.0,2730.86
ORD-104215,2024-12-28,Kandy-Hub,Central,Dry Goods,In Transit,3,,3135.08
ORD-102195,2024-10-24,Kurunegala-West,North-Western,Dry Goods,Delivered,5,5.0,2324.15
ORD-100818,2024-08-30,Kandy-Hub,Central,Dry Goods,Delivered,3,3.0,1463.48
ORD-101812,2024-09-02,Galle-South,Southern,Dry Goods,Delivered,3,3.0,1661.17
ORD-102620,2024-11-05,Kurunegala-West,North-Western,Meat & Seafood,Delivered,3,3.0,9640.62
ORD-101552,2024-07-13,Colombo-Central,Western,Beverages,In Transit,4,,3190.5
ORD-103184,2024-08-17,Galle-South,Southern,Frozen,Delivered,2,2.0,9224.43
ORD-100816,2024-01-16,Galle-South,Southern,Beverages,In Transit,2,,3967.61
ORD-101572,2024-09-24,Colombo-Central,Western,Beverages,Delivered,1,1.0,5433.28
ORD-103027,2024-09-29,Colombo-Central,Western,Beverages,Delivered,5,5.0,3589.38
ORD-101800,2024-01-21,Kurunegala-West,North-Western,Produce,Delayed,1,4.0,3316.38
ORD-104331,2024-04-08,Galle-South,Southern,Frozen,Delivered,3,3.0,5048.91
ORD-100381,2024-12-07,Kurunegala-West,North-Western,Dry Goods,Delivered,2,2.0,3483.75
ORD-104532,2024-09-14,Galle-South,Southern,Meat & Seafood,Delayed,4,5.0,10887.87
ORD-103897,2024-01-07,Galle-South,Southern,Beverages,Delayed,4,5.0,3418.84
ORD-102955,2024-12-29,Colombo-Central,Western,Frozen,Delayed,5,8.0,8325.37
ORD-103573,2024-04-30,Kurunegala-West,North-Western,Frozen,Delivered,3,3.0,5251.79
ORD-102948,2024-07-12,Galle-South,Southern,Dry Goods,Delivered,5,5.0,1694.56
ORD-104368,2024-12-04,Jaffna-North,Northern,Produce,Delivered,3,3.0,2190.48
ORD-101780,2024-01-18,Kurunegala-West,North-Western,Dairy,In Transit,4,,5286.64
ORD-102780,2024-04-23,Galle-South,Southern,Frozen,Delivered,3,3.0,10500.09
ORD-102481,2024-11-10,Kandy-Hub,Central,Dry Goods,Delivered,3,3.0,3041.62
ORD-102377,2024-02-20,Jaffna-North,Northern,Dry Goods,In Transit,2,,3216.53
ORD-100864,2024-11-04,Kurunegala-West,North-Western,Beverages,Delivered,2,2.0,2926.94
ORD-103082,2024-04-11,Galle-South,Southern,Produce,Delivered,3,3.0,2253.06
ORD-103970,2024-06-23,Jaffna-North,Northern,Meat & Seafood,Delivered,2,2.0,10742.35
ORD-100554,2024-12-25,Galle-South,Southern,Meat & Seafood,In Transit,2,,11773.03
ORD-101159,2024-05-04,Kandy-Hub,Central,Beverages,Delivered,5,5.0,2379.18
ORD-101213,2024-11-12,Kandy-Hub,Central,Dairy,Delayed,5,9.0,3285.12
ORD-102603,2024-07-24,Kandy-Hub,Central,Frozen,Delayed,4,6.0,10322.39
ORD-103671,2024-02-04,Colombo-Central,Western,Dairy,Delayed,1,5.0,3061.82
ORD-100048,2024-09-04,Kandy-Hub,Central,Produce,Delivered,2,2.0,1590.07
ORD-102985,2024-08-24,Colombo-Central,Western,Meat & Seafood,Delivered,3,3.0,12526.71
ORD-100700,2024-07-08,Jaffna-North,Northern,Frozen,Delivered,4,4.0,6458.15
ORD-100652,2024-03-14,Colombo-Central,Western,Meat & Seafood,Delivered,3,3.0,9321.34
ORD-103221,2024-04-02,Kandy-Hub,Central,Beverages,Delivered,5,5.0,2915.61
ORD-103131,2024-06-17,Jaffna-North,Northern,Beverages,Delivered,3,3.0,3779.77
ORD-103377,2024-07-31,Colombo-Central,Western,Dry Goods,Delivered,4,4.0,1742.2
ORD-100748,2024-04-24,Kurunegala-West,North-Western,Dairy,Delivered,3,3.0,3867.82
ORD-101455,2024-01-24,Colombo-Central,Western,Produce,Delivered,3,3.0,2713.69
ORD-104238,2024-10-04,Jaffna-North,Northern,Produce,Delivered,3,3.0,2110.04
ORD-102251,2024-07-20,Galle-South,Southern,Produce,In Transit,4,,3564.41
ORD-102059,2024-05-27,Galle-South,Southern,Produce,Delivered,3,3.0,3689.73
ORD-100866,2024-10-26,Jaffna-North,Northern,Produce,Delivered,4,4.0,2837.16
ORD-100752,2024-02-01,Colombo-Central,Western,Produce,Delayed,5,9.0,2344.87
ORD-101644,2024-02-18,Jaffna-North,Northern,Frozen,Delivered,1,1.0,5871.26
ORD-100092,2024-11-03,Colombo-Central,Western,Dry Goods,Delayed,3,5.0,2638.71
ORD-102881,2024-03-27,Colombo-Central,Western,Frozen,Delivered,4,4.0,10325.68
ORD-103164,2024-02-16,Kandy-Hub,Central,Dry Goods,Delivered,4,4.0,3047.36
ORD-102476,2024-07-09,Kurunegala-West,North-Western,Dairy,Delayed,2,6.0,5045.52
ORD-103903,2024-01-05,Kurunegala-West,North-Western,Meat & Seafood,Delivered,5,5.0,11474.84
ORD-101490,2024-04-10,Kurunegala-West,North-Western,Dry Goods,In Transit,4,,3362.71
ORD-102954,2024-04-11,Jaffna-North,Northern,Produce,Delivered,3,3.0,2149.4
ORD-104269,2024-07-03,Jaffna-North,Northern,Produce,Delivered,1,1.0,1508.87
ORD-100729,2024-08-28,Galle-South,Southern,Meat & Seafood,Delivered,4,4.0,18818.47
ORD-102771,2024-01-15,Colombo-Central,Western,Meat & Seafood,In Transit,3,,9708.85
ORD-102518,2024-02-22,Kandy-Hub,Central,Beverages,Delivered,1,1.0,4693.09
ORD-103805,2024-11-05,Colombo-Central,Western,Beverages,Delivered,5,5.0,4381.85
ORD-101936,2024-05-15,Galle-South,Southern,Frozen,Delivered,3,3.0,10043.84
ORD-101745,2024-12-23,Kurunegala-West,North-Western,Dairy,Delivered,1,1.0,5818.95
ORD-103567,2024-02-26,Colombo-Central,Western,Dairy,Delivered,4,4.0,3247.08
ORD-103379,2024-05-24,Galle-South,Southern,Frozen,Delayed,5,7.0,6572.72
ORD-103631,2024-07-18,Jaffna-North,Northern,Produce,Delivered,1,1.0,3177.94
ORD-101957,2024-07-13,Kurunegala-West,North-Western,Dairy,Delivered,4,4.0,4705.39
ORD-101110,2024-08-18,Kurunegala-West,North-Western,Produce,Delivered,3,3.0,2651.26
ORD-103405,2024-05-08,Colombo-Central,Western,Meat & Seafood,Delivered,5,5.0,9881.57
ORD-104109,2024-04-28,Kandy-Hub,Central,Dairy,Delivered,4,4.0,5670.63
ORD-104516,2024-05-08,Galle-South,Southern,Meat & Seafood,Cancelled,3,,16074.67
ORD-104817,2024-04-30,Jaffna-North,Northern,Dry Goods,Delivered,3,3.0,1171.92
ORD-100346,2024-12-27,Galle-South,Southern,Meat & Seafood,Delivered,2,2.0,11869.07
ORD-101185,2024-04-22,Kurunegala-West,North-Western,Dry Goods,Delivered,3,3.0,2696.35
ORD-104066,2024-11-07,Kurunegala-West,North-Western,Frozen,Delivered,2,2.0,6843.24
ORD-104085,2024-08-18,Kurunegala-West,North-Western,Dairy,Cancelled,4,,5884.36
ORD-101515,2024-12-05,Kandy-Hub,Central,Frozen,Delayed,4,5.0,10379.41
ORD-104716,2024-11-20,Jaffna-North,Northern,Dairy,Delivered,4,4.0,5464.55
ORD-100578,2024-11-22,Galle-South,Southern,Dry Goods,Cancelled,1,,1703.71
ORD-101964,2024-10-25,Colombo-Central,Western,Produce,Cancelled,5,,1502.98
ORD-100075,2024-06-22,Kandy-Hub,Central,Produce,Cancelled,3,,3870.09
ORD-101429,2024-10-14,Colombo-Central,Western,Dairy,Delivered,5,5.0,3765.3
ORD-104393,2024-01-25,Galle-South,Southern,Dairy,Delayed,1,5.0,4698.25
ORD-104959,2024-12-10,Kurunegala-West,North-Western,Meat & Seafood,Delivered,4,4.0,8744.18
ORD-104052,2024-10-06,Colombo-Central,Western,Produce,Delivered,4,4.0,2981.46
ORD-102653,2024-05-16,Kandy-Hub,Central,Meat & Seafood,Delivered,2,2.0,18936.23
ORD-101846,2024-05-26,Colombo-Central,Western,Beverages,Delivered,1,1.0,3409.39
ORD-100131,2024-07-21,Kandy-Hub,Central,Dry Goods,Delayed,1,5.0,2504.37
ORD-100178,2024-11-24,Colombo-Central,Western,Beverages,In Transit,4,,2195.32
ORD-104511,2024-07-09,Galle-South,Southern,Dairy,Delivered,5,5.0,5136.3
ORD-102748,2024-05-31,Galle-South,Southern,Meat & Seafood,Delivered,2,2.0,19754.89
ORD-102569,2024-12-04,Galle-South,Southern,Meat & Seafood,Delivered,5,5.0,18565.32
ORD-102417,2024-04-04,Galle-South,Southern,Dairy,Delivered,5,5.0,3781.63
ORD-104622,2024-10-28,Kandy-Hub,Central,Dry Goods,Delivered,3,3.0,1102.44
ORD-100658,2024-01-27,Galle-South,Southern,Dairy,Delivered,3,3.0,4315.76
ORD-101896,2024-07-28,Kandy-Hub,Central,Dry Goods,Delivered,1,1.0,
ORD-103384,2024-10-18,Kurunegala-West,North-Western,Produce,In Transit,2,,2567.08
ORD-103163,2024-04-24,Kandy-Hub,Central,Dry Goods,Delayed,1,4.0,2351.64
ORD-100342,2024-08-14,Galle-South,Southern,Meat & Seafood,Delivered,3,3.0,18312.62
ORD-104498,2024-03-30,Kurunegala-West,North-Western,Meat & Seafood,Delayed,5,8.0,9711.0
ORD-100727,2024-02-02,Colombo-Central,Western,Meat & Seafood,Delivered,1,1.0,16354.74
ORD-103856,2024-05-11,Colombo-Central,Western,Dairy,Delivered,5,5.0,4876.79
ORD-100976,2024-02-04,Kurunegala-West,North-Western,Dry Goods,Delayed,1,2.0,2905.07
ORD-102418,2024-04-15,Kurunegala-West,North-Western,Dairy,Delivered,3,3.0,2642.62
ORD-104421,2024-12-30,Jaffna-North,Northern,Dry Goods,Delivered,1,1.0,2500.39
ORD-101928,2024-03-07,Jaffna-North,Northern,Meat & Seafood,Delivered,2,2.0,18379.21
ORD-102664,2024-03-19,Jaffna-North,Northern,Produce,Delivered,5,5.0,3747.15
ORD-104912,2024-01-10,Galle-South,Southern,Dry Goods,In Transit,5,,1946.71
ORD-101299,2024-01-11,Colombo-Central,Western,Produce,Delivered,2,2.0,2445.39
ORD-104704,2024-09-25,Colombo-Central,Western,Dry Goods,Delivered,5,5.0,3462.22
ORD-104645,2024-05-27,Jaffna-North,Northern,Frozen,Delivered,2,2.0,7303.85
ORD-100660,2024-03-05,Colombo-Central,Western,Dry Goods,Delivered,3,3.0,3403.07
ORD-104047,2024-03-31,Kurunegala-West,North-Western,Frozen,Delivered,5,5.0,9434.02
ORD-102438,2024-11-04,Galle-South,Southern,Dry Goods,Delayed,1,2.0,2115.39
ORD-103706,2024-02-27,Galle-South,Southern,Frozen,Delivered,5,5.0,9190.54
ORD-103036,2024-10-19,Kurunegala-West,North-Western,Beverages,Delivered,3,3.0,2932.43
ORD-102233,2024-02-20,Kandy-Hub,Central,Frozen,Delivered,1,1.0,9236.78
ORD-103113,2024-12-05,Kandy-Hub,Central,Meat & Seafood,Delivered,3,3.0,18987.33
ORD-103998,2024-09-23,Colombo-Central,Western,Dry Goods,Delivered,1,1.0,2595.3
ORD-103668,2024-06-04,Colombo-Central,Western,Produce,Delayed,5,9.0,2321.51
ORD-103256,2024-03-04,Galle-South,Southern,Frozen,Delayed,2,4.0,10572.47
ORD-101278,2024-01-03,Colombo-Central,Western,Produce,In Transit,4,,3066.63
ORD-103133,2024-01-30,Kandy-Hub,Central,Dry Goods,Delivered,5,5.0,1573.89
ORD-101621,2024-01-02,Kurunegala-West,North-Western,Dry Goods,Cancelled,3,,1314.97
ORD-103075,2024-09-30,Kurunegala-West,North-Western,Dry Goods,Delivered,2,2.0,3325.46
ORD-100915,2024-06-16,Colombo-Central,Western,Dry Goods,Delayed,3,4.0,2064.51
ORD-100067,2024-05-15,Colombo-Central,Western,Dry Goods,Delivered,3,3.0,2198.06
ORD-104740,2024-04-06,Kandy-Hub,Central,Frozen,Delivered,4,4.0,10989.12
ORD-102167,2024-11-03,Jaffna-North,Northern,Dairy,Cancelled,4,,5231.53
ORD-104745,2024-04-21,Jaffna-North,Northern,Dry Goods,Delivered,5,5.0,3369.38
ORD-100820,2024-01-09,Jaffna-North,Northern,Meat & Seafood,Delivered,2,2.0,10965.84
ORD-101226,2024-02-09,Galle-South,Southern,Meat & Seafood,Cancelled,5,,19522.55
ORD-103185,2024-12-12,Kurunegala-West,North-Western,Frozen,Delivered,5,5.0,9206.41
ORD-104890,2024-11-01,Galle-South,Southern,Beverages,Delivered,1,1.0,4627.34
ORD-102957,2024-06-26,Galle-South,Southern,Produce,Delivered,5,5.0,3234.81
ORD-104502,2024-12-30,Kandy-Hub,Central,Dry Goods,Delivered,1,1.0,1078.99
ORD-104313,2024-02-05,Kurunegala-West,North-Western,Meat & Seafood,Cancelled,5,,14029.22
ORD-104145,2024-04-12,Colombo-Central,Western,Produce,Delivered,2,2.0,3432.06
ORD-101143,2024-11-04,Kurunegala-West,North-Western,Dairy,Delivered,1,1.0,2715.16
ORD-100397,2024-03-12,Kandy-Hub,Central,Beverages,Delivered,4,4.0,5463.65
ORD-104243,2024-01-12,Kurunegala-West,North-Western,Dairy,Delivered,3,3.0,2854.32
ORD-104345,2024-07-02,Colombo-Central,Western,Beverages,Delivered,3,3.0,4003.29
ORD-104419,2024-02-08,Kandy-Hub,Central,Dry Goods,Delivered,4,4.0,1594.06
ORD-101398,2024-01-10,Galle-South,Southern,Dry Goods,Delivered,2,2.0,2291.74
ORD-101659,2024-04-02,Kandy-Hub,Central,Beverages,Delivered,3,3.0,4571.58
ORD-100979,2024-07-25,Jaffna-North,Northern,Beverages,Delayed,2,6.0,5229.75
ORD-101298,2024-07-12,Kandy-Hub,Central,Produce,Delivered,3,3.0,3715.53
ORD-103660,2024-07-22,Kurunegala-West,North-Western,Beverages,Delivered,3,3.0,3965.5
ORD-100082,2024-02-28,Colombo-Central,Western,Produce,Delivered,1,1.0,3440.3
ORD-102225,2024-08-14,Jaffna-North,Northern,Produce,Delayed,4,6.0,2770.32
ORD-102505,2024-02-12,Galle-South,Southern,Frozen,Delivered,5,5.0,8355.41
ORD-104316,2024-12-23,Kurunegala-West,North-Western,Frozen,Delivered,2,2.0,9681.47
ORD-104708,2024-10-07,Kurunegala-West,North-Western,Dairy,Delivered,3,3.0,3917.85
ORD-104098,2024-10-16,Galle-South,Southern,Frozen,Delayed,3,7.0,6718.47
ORD-100423,2024-07-31,Kandy-Hub,Central,Produce,Delivered,2,2.0,3970.06
ORD-104383,2024-07-24,Kandy-Hub,Central,Produce,In Transit,1,,3645.65
ORD-101904,2024-05-01,Jaffna-North,Northern,Dry Goods,Delayed,1,4.0,3251.7
ORD-104678,2024-08-26,Kurunegala-West,North-Western,Beverages,Delivered,1,1.0,4336.09
ORD-104056,2024-11-05,Kurunegala-West,North-Western,Dry Goods,Delivered,2,2.0,2606.22
ORD-103165,2024-05-26,Jaffna-North,Northern,Beverages,Delivered,2,2.0,4244.77
ORD-101565,2024-06-14,Kandy-Hub,Central,Frozen,Delivered,5,5.0,10920.08
ORD-103423,2024-05-19,Kandy-Hub,Central,Meat & Seafood,Delivered,3,3.0,12262.68
ORD-100839,2024-11-28,Jaffna-North,Northern,Frozen,Delayed,4,6.0,8999.34
ORD-100500,2024-02-11,Kurunegala-West,North-Western,Dairy,Delivered,2,2.0,2611.95
ORD-100141,2024-03-19,Colombo-Central,Western,Produce,In Transit,4,,3057.6
ORD-101377,2024-10-01,Colombo-Central,Western,Beverages,Delivered,1,1.0,3840.1
ORD-103770,2024-06-03,Galle-South,Southern,Beverages,Delivered,2,2.0,3271.73
ORD-102570,2024-10-19,Jaffna-North,Northern,Produce,Delivered,3,3.0,3913.02
ORD-101138,2024-09-28,Colombo-Central,Western,Dry Goods,Delivered,1,1.0,2210.62
ORD-102594,2024-04-21,Galle-South,Southern,Meat & Seafood,In Transit,4,,19043.63
ORD-101787,2024-02-06,Colombo-Central,Western,Meat & Seafood,Delivered,1,1.0,10760.83
ORD-102615,2024-09-01,Jaffna-North,Northern,Meat & Seafood,Delivered,2,2.0,8983.23
ORD-100550,2024-10-20,Jaffna-North,Northern,Meat & Seafood,Delivered,4,4.0,15628.2
ORD-103162,2024-02-28,Kandy-Hub,Central,Meat & Seafood,Cancelled,2,,16914.34
ORD-102019,2024-06-17,Kandy-Hub,Central,Meat & Seafood,Delivered,5,5.0,9273.24
ORD-100948,2024-12-11,Kurunegala-West,North-Western,Meat & Seafood,Delivered,5,5.0,9743.15
ORD-102303,2024-11-16,Kandy-Hub,Central,Beverages,Delayed,2,3.0,5125.55
ORD-100532,2024-02-26,Galle-South,Southern,Beverages,Delivered,1,1.0,2936.79
ORD-101829,2024-12-24,Kandy-Hub,Central,Produce,Delivered,2,2.0,3321.23
ORD-104847,2024-02-05,Kurunegala-West,North-Western,Frozen,Delivered,2,2.0,10559.98
ORD-104462,2024-08-02,Galle-South,Southern,Dairy,Delayed,4,7.0,5920.39
ORD-103947,2024-05-14,Colombo-Central,Western,Meat & Seafood,Delivered,1,1.0,8008.21
ORD-101602,2024-10-28,Galle-South,Southern,Beverages,Delivered,3,3.0,2539.01
ORD-100639,2024-12-12,Kurunegala-West,North-Western,Produce,Delivered,3,3.0,
ORD-104881,2024-12-30,Kurunegala-West,North-Western,Meat & Seafood,Delivered,3,3.0,9372.38
ORD-100967,2024-04-25,Jaffna-North,Northern,Frozen,Delivered,4,4.0,10773.43
ORD-104281,2024-11-22,Kandy-Hub,Central,Frozen,Delivered,4,4.0,11211.0
ORD-102677,2024-11-16,Jaffna-North,Northern,Dairy,Delayed,3,7.0,4033.76
ORD-101683,2024-10-17,Kurunegala-West,North-Western,Produce,Cancelled,1,,2918.2
ORD-104515,2024-10-16,Kurunegala-West,North-Western,Meat & Seafood,Delivered,5,5.0,17999.93
ORD-104544,2024-06-11,Jaffna-North,Northern,Frozen,Delivered,3,3.0,5251.9
ORD-100155,2024-08-29,Kurunegala-West,North-Western,Dairy,Delayed,5,7.0,2873.25
ORD-102534,2024-10-19,Kandy-Hub,Central,Dairy,Cancelled,1,,4139.43
ORD-103704,2024-12-10,Jaffna-North,Northern,Dry Goods,Delivered,3,3.0,3101.68
ORD-101089,2024-02-21,Jaffna-North,Northern,Dry Goods,Delivered,5,5.0,1689.62
ORD-102707,2024-04-20,Kandy-Hub,Central,Frozen,Delivered,2,2.0,11196.28
ORD-104284,2024-02-14,Colombo-Central,Western,Produce,Delivered,3,3.0,2023.31
ORD-100288,2024-07-16,Kandy-Hub,Central,Produce,Delivered,3,3.0,2108.58
ORD-100930,2024-07-15,Kurunegala-West,North-Western,Produce,Delivered,4,4.0,3261.93
ORD-102584,2024-05-07,Colombo-Central,Western,Meat & Seafood,Delivered,4,4.0,13172.64
ORD-102305,2024-02-05,Kandy-Hub,Central,Frozen,In Transit,1,,8144.04
ORD-103439,2024-10-29,Jaffna-North,Northern,Frozen,In Transit,1,,10599.17
ORD-104133,2024-07-02,Jaffna-North,Northern,Beverages,Delivered,4,4.0,4982.62
ORD-103357,2024-11-15,Jaffna-North,Northern,Dairy,Delivered,3,3.0,4919.36
ORD-100942,2024-11-29,Colombo-Central,Western,Dry Goods,Delivered,2,2.0,1501.76
ORD-103934,2024-03-07,Kandy-Hub,Central,Meat & Seafood,Delivered,4,4.0,13227.35
ORD-104709,2024-06-04,Colombo-Central,Western,Frozen,Delivered,5,5.0,7349.8
ORD-101698,2024-05-11,Kandy-Hub,Central,Meat & Seafood,Delivered,5,5.0,17906.02
ORD-104756,2024-07-28,Kandy-Hub,Central,Frozen,Delayed,1,5.0,5042.39
ORD-103016,2024-07-13,Galle-South,Southern,Beverages,Delivered,5,5.0,3673.06
ORD-103647,2024-08-07,Colombo-Central,Western,Dairy,Delivered,2,2.0,3192.95
ORD-103912,2024-03-10,Jaffna-North,Northern,Produce,Delayed,4,5.0,
ORD-100985,2024-08-26,Kandy-Hub,Central,Produce,Delayed,2,3.0,1593.25
ORD-102827,2024-12-10,Kandy-Hub,Central,Meat & Seafood,Delivered,1,1.0,19039.47
ORD-102231,2024-01-26,Jaffna-North,Northern,Beverages,Delivered,1,1.0,3875.9
ORD-102267,2024-09-22,Galle-South,Southern,Produce,Delivered,1,1.0,2331.27
ORD-104826,2024-03-12,Kurunegala-West,North-Western,Dairy,Delivered,2,2.0,5890.82
ORD-100981,2024-09-13,Jaffna-North,Northern,Produce,Delivered,3,3.0,2282.65
ORD-103407,2024-08-20,Jaffna-North,Northern,Dairy,Delivered,4,4.0,2520.12
ORD-104527,2024-02-03,Galle-South,Southern,Dairy,Delivered,2,2.0,3231.19
ORD-103225,2024-10-08,Jaffna-North,Northern,Dry Goods,Cancelled,3,,1118.14
ORD-103001,2024-09-02,Jaffna-North,Northern,Meat & Seafood,Delivered,3,3.0,8959.38
ORD-104587,2024-04-22,Kurunegala-West,North-Western,Dairy,Delivered,5,5.0,2514.06
ORD-103919,2024-08-12,Kurunegala-West,North-Western,Meat & Seafood,In Transit,2,,18586.6
ORD-101457,2024-06-15,Jaffna-North,Northern,Meat & Seafood,Delivered,1,1.0,12824.65
ORD-101395,2024-08-03,Colombo-Central,Western,Meat & Seafood,Delivered,5,5.0,18749.29
ORD-100264,2024-12-27,Kurunegala-West,North-Western,Dry Goods,Delivered,4,4.0,3117.81
ORD-102440,2024-05-12,Colombo-Central,Western,Frozen,In Transit,4,,9657.25
ORD-100929,2024-07-29,Kandy-Hub,Central,Dairy,Delivered,3,3.0,5847.62
ORD-103123,2024-08-11,Jaffna-North,Northern,Frozen,Delivered,2,2.0,5823.85
ORD-102178,2024-08-16,Kandy-Hub,Central,Dairy,Delivered,2,2.0,2509.03
ORD-103570,2024-10-18,Kurunegala-West,North-Western,Dairy,Cancelled,5,,5619.32
ORD-100246,2024-10-03,Galle-South,Southern,Produce,Delivered,2,2.0,2625.47
ORD-103662,2024-12-19,Jaffna-North,Northern,Dry Goods,Delivered,1,1.0,2799.34
ORD-101758,2024-07-27,Kandy-Hub,Central,Meat & Seafood,Delivered,3,3.0,15105.12
ORD-104914,2024-10-10,Galle-South,Southern,Dry Goods,Delivered,4,4.0,1167.05
ORD-102867,2024-02-27,Colombo-Central,Western,Meat & Seafood,Delivered,3,3.0,14714.47
ORD-100923,2024-02-22,Kurunegala-West,North-Western,Dairy,Cancelled,4,,3947.77
ORD-102389,2024-11-14,Jaffna-North,Northern,Dairy,In Transit,1,,4426.1
ORD-100268,2024-08-11,Jaffna-North,Northern,Frozen,Cancelled,2,,9231.37
ORD-100669,2024-02-18,Jaffna-North,Northern,Frozen,Delivered,2,2.0,10407.95
ORD-104935,2024-08-04,Kandy-Hub,Central,Produce,Delivered,2,2.0,2546.44
ORD-101910,2024-01-28,Jaffna-North,Northern,Produce,Delivered,5,5.0,3068.86
ORD-103046,2024-09-22,Galle-South,Southern,Meat & Seafood,Delivered,5,5.0,19244.96
ORD-101152,2024-06-06,Jaffna-North,Northern,Dairy,Cancelled,1,,5330.47
ORD-104866,2024-06-19,Kandy-Hub,Central,Dry Goods,In Transit,3,,
ORD-103523,2024-03-02,Kurunegala-West,North-Western,Dry Goods,Delayed,4,5.0,3126.92
ORD-104512,2024-02-14,Galle-South,Southern,Produce,In Transit,1,,3575.35
ORD-103963,2024-05-18,Jaffna-North,Northern,Meat & Seafood,Delivered,4,4.0,18387.84
ORD-104528,2024-06-10,Colombo-Central,Western,Beverages,Delivered,4,4.0,5360.67
ORD-103043,2024-07-12,Colombo-Central,Western,Frozen,Delayed,2,4.0,7691.51
ORD-101915,2024-07-07,Kurunegala-West,North-Western,Dairy,Delivered,4,4.0,5805.0
ORD-100612,2024-10-13,Jaffna-North,Northern,Dairy,In Transit,2,,2877.71
ORD-102450,2024-11-02,Jaffna-North,Northern,Dry Goods,Delivered,2,2.0,2711.23
ORD-104124,2024-10-14,Colombo-Central,Western,Dairy,Delayed,4,7.0,5758.22
ORD-101898,2024-09-29,Kurunegala-West,North-Western,Beverages,Delayed,3,5.0,3180.75
ORD-101649,2024-11-01,Jaffna-North,Northern,Frozen,Delivered,4,4.0,10872.42
ORD-102498,2024-01-12,Galle-South,Southern,Produce,Delivered,4,4.0,1881.08
ORD-100258,2024-03-04,Jaffna-North,Northern,Dry Goods,Delivered,1,1.0,
ORD-100847,2024-01-19,Jaffna-North,Northern,Dairy,Delivered,2,2.0,5630.62
ORD-104295,2024-12-28,Kandy-Hub,Central,Beverages,Delayed,5,6.0,2586.34
ORD-101233,2024-09-30,Colombo-Central,Western,Frozen,Delivered,3,3.0,9622.95
ORD-101127,2024-08-20,Kurunegala-West,North-Western,Produce,In Transit,5,,2032.98
ORD-101967,2024-06-20,Galle-South,Southern,Frozen,Delivered,1,1.0,8185.28
ORD-100558,2024-10-16,Galle-South,Southern,Dry Goods,Delayed,4,5.0,2832.65
ORD-103982,2024-09-01,Kurunegala-West,North-Western,Dairy,Delivered,1,1.0,4635.4
ORD-100484,2024-06-17,Galle-South,Southern,Dairy,Delayed,1,2.0,4787.57
ORD-102211,2024-10-09,Colombo-Central,Western,Meat & Seafood,Delivered,4,4.0,13809.0
ORD-101320,2024-02-11,Jaffna-North,Northern,Beverages,Delivered,1,1.0,3323.87
ORD-102574,2024-10-09,Galle-South,Southern,Produce,Delivered,3,3.0,3976.26
ORD-100007,2024-09-11,Kurunegala-West,North-Western,Dairy,Delayed,5,9.0,3252.98
ORD-104407,2024-03-08,Kandy-Hub,Central,Meat & Seafood,Delayed,1,2.0,18850.18
ORD-103254,2024-03-27,Kurunegala-West,North-Western,Dry Goods,Delivered,1,1.0,3202.68
ORD-101450,2024-04-17,Jaffna-North,Northern,Beverages,Delivered,1,1.0,2961.66
ORD-104058,2024-03-15,Kurunegala-West,North-Western,Meat & Seafood,Delayed,4,7.0,10626.03
ORD-101814,2024-11-18,Kandy-Hub,Central,Dairy,Delivered,2,2.0,3049.58
ORD-100773,2024-09-18,Colombo-Central,Western,Dairy,Delayed,2,5.0,4201.68
ORD-101011,2024-10-18,Jaffna-North,Northern,Frozen,Delivered,3,3.0,11334.63
ORD-103145,2024-07-20,Galle-South,Southern,Dry Goods,Delivered,3,3.0,2003.49
ORD-102815,2024-02-04,Kurunegala-West,North-Western,Produce,Delayed,3,5.0,2520.73
ORD-101991,2024-06-08,Kurunegala-West,North-Western,Frozen,In Transit,3,,8093.2
ORD-101277,2024-10-09,Jaffna-North,Northern,Dairy,Delayed,2,6.0,3228.25
ORD-101783,2024-12-14,Jaffna-North,Northern,Dry Goods,Delivered,5,5.0,1143.29
ORD-103168,2024-10-27,Galle-South,Southern,Frozen,Delivered,5,5.0,7266.38
ORD-100446,2024-04-24,Jaffna-North,Northern,Frozen,In Transit,5,,8038.89
ORD-100880,2024-02-01,Colombo-Central,Western,Dairy,Delivered,2,2.0,2780.22
ORD-104504,2024-01-07,Colombo-Central,Western,Produce,Delivered,4,4.0,2303.39
ORD-100781,2024-08-20,Colombo-Central,Western,Dry Goods,Delivered,4,4.0,1614.38
ORD-101749,2024-09-19,Galle-South,Southern,Dairy,Delayed,5,8.0,2797.68
ORD-103456,2024-09-30,Kurunegala-West,North-Western,Dairy,In Transit,5,,2741.22
ORD-104931,2024-09-24,Colombo-Central,Western,Dairy,In Transit,4,,
ORD-100883,2024-02-26,Kandy-Hub,Central,Beverages,Delivered,3,3.0,2152.14
ORD-103774,2024-06-05,Galle-South,Southern,Beverages,Delivered,3,3.0,5456.45
ORD-101091,2024-06-12,Kurunegala-West,North-Western,Produce,Delivered,4,4.0,3455.64
ORD-102997,2024-05-06,Kandy-Hub,Central,Frozen,Delivered,2,2.0,8191.94
ORD-100531,2024-03-01,Kurunegala-West,North-Western,Dairy,Delivered,1,1.0,4718.09
ORD-104100,2024-02-03,Kandy-Hub,Central,Meat & Seafood,Delayed,5,8.0,17466.19
ORD-104244,2024-05-08,Jaffna-North,Northern,Produce,Delivered,1,1.0,1504.97
ORD-104139,2024-07-03,Galle-South,Southern,Beverages,Cancelled,5,,3518.54
ORD-101727,2024-07-27,Galle-South,Southern,Beverages,Delayed,5,8.0,2011.05
ORD-100610,2024-10-31,Kandy-Hub,Central,Frozen,Delivered,1,1.0,6459.52
ORD-100570,2024-12-12,Jaffna-North,Northern,Beverages,Delivered,3,3.0,3993.98
ORD-104440,2024-04-29,Galle-South,Southern,Produce,Delivered,3,3.0,3810.84
ORD-104092,2024-05-13,Jaffna-North,Northern,Dairy,In Transit,4,,4023.95
ORD-100343,2024-07-06,Galle-South,Southern,Dry Goods,Delivered,5,5.0,2879.49
ORD-103269,2024-12-24,Galle-South,Southern,Beverages,Delayed,4,5.0,2661.45
ORD-103203,2024-02-21,Jaffna-North,Northern,Dairy,Delivered,2,2.0,5985.19
ORD-100434,2024-06-07,Galle-South,Southern,Dry Goods,Delivered,5,5.0,1232.77
ORD-101903,2024-03-31,Galle-South,Southern,Frozen,Delivered,4,4.0,5039.49
ORD-103877,2024-03-30,Kandy-Hub,Central,Dairy,Delivered,2,2.0,4306.57
ORD-103285,2024-06-19,Colombo-Central,Western,Produce,In Transit,4,,2751.85
ORD-102069,2024-06-02,Jaffna-North,Northern,Meat & Seafood,Delivered,3,3.0,12183.63
ORD-101537,2024-02-10,Kurunegala-West,North-Western,Frozen,Delivered,3,3.0,5973.89
ORD-102295,2024-10-19,Kandy-Hub,Central,Produce,Delivered,4,4.0,2293.75
ORD-102988,2024-11-25,Colombo-Central,Western,Produce,Cancelled,5,,1585.47
ORD-101517,2024-01-18,Galle-South,Southern,Produce,Delivered,1,1.0,3992.08
ORD-100965,2024-08-02,Colombo-Central,Western,Frozen,Delivered,4,4.0,5280.67
ORD-104450,2024-11-09,Jaffna-North,Northern,Beverages,In Transit,4,,4274.93
ORD-100528,2024-11-30,Colombo-Central,Western,Meat & Seafood,Cancelled,5,,12508.96
ORD-100176,2024-09-18,Kandy-Hub,Central,Beverages,Delivered,3,3.0,5033.82
ORD-103552,2024-12-08,Galle-South,Southern,Beverages,In Transit,5,,
ORD-102592,2024-07-13,Galle-South,Southern,Produce,Delivered,2,2.0,2157.61
ORD-104733,2024-04-06,Kandy-Hub,Central,Produce,Delivered,3,3.0,2516.48
ORD-100572,2024-04-13,Kandy-Hub,Central,Produce,Delivered,3,3.0,2920.32
ORD-103849,2024-03-22,Galle-South,Southern,Frozen,Cancelled,2,,5730.29
ORD-103859,2024-06-09,Colombo-Central,Western,Meat & Seafood,Delivered,4,4.0,15477.85
ORD-102873,2024-03-20,Kandy-Hub,Central,Dry Goods,Delivered,5,5.0,1513.39
ORD-103277,2024-03-30,Jaffna-North,Northern,Beverages,Delivered,2,2.0,2239.83
ORD-102633,2024-07-24,Galle-South,Southern,Dry Goods,Delayed,3,7.0,1148.93
ORD-102208,2024-03-26,Galle-South,Southern,Beverages,Delayed,1,5.0,3980.14
ORD-102614,2024-02-08,Jaffna-North,Northern,Frozen,Delivered,3,3.0,5991.92
ORD-102810,2024-07-06,Galle-South,Southern,Dairy,Delivered,1,1.0,5762.6
ORD-100383,2024-03-28,Kandy-Hub,Central,Beverages,Delayed,3,6.0,3787.44
ORD-100852,2024-12-17,Kandy-Hub,Central,Meat & Seafood,Delayed,5,9.0,10199.88
ORD-101880,2024-05-20,Kandy-Hub,Central,Produce,Delivered,1,1.0,3052.01
ORD-100370,2024-05-02,Jaffna-North,Northern,Dairy,Delivered,1,1.0,2678.97
ORD-102422,2024-02-07,Colombo-Central,Western,Frozen,Delivered,5,5.0,7982.97
ORD-104367,2024-02-21,Jaffna-North,Northern,Frozen,Delayed,4,6.0,7603.2
ORD-101105,2024-03-07,Jaffna-North,Northern,Frozen,Delivered,1,1.0,11628.86
ORD-104235,2024-01-15,Galle-South,Southern,Beverages,In Transit,4,,2963.95
ORD-104023,2024-04-14,Galle-South,Southern,Meat & Seafood,Delivered,5,5.0,14465.59
ORD-101336,2024-08-20,Galle-South,Southern,Frozen,Delivered,1,1.0,8711.71
ORD-102189,2024-08-01,Colombo-Central,Western,Meat & Seafood,Delivered,4,4.0,16066.7
ORD-104639,2024-12-01,Galle-South,Southern,Produce,Delayed,2,3.0,3029.7
ORD-101600,2024-04-20,Colombo-Central,Western,Meat & Seafood,Delivered,5,5.0,17899.71
ORD-103610,2024-07-23,Kandy-Hub,Central,Produce,Delivered,3,3.0,2865.84
ORD-103006,2024-08-06,Galle-South,Southern,Dry Goods,Delivered,5,5.0,
ORD-104897,2024-07-31,Jaffna-North,Northern,Frozen,Delivered,5,5.0,6287.23
ORD-101171,2024-08-18,Kandy-Hub,Central,Meat & Seafood,Delivered,4,4.0,15466.43
ORD-102644,2024-06-14,Colombo-Central,Western,Beverages,Delivered,4,4.0,4966.26
ORD-104003,2024-06-11,Galle-South,Southern,Meat & Seafood,Delivered,5,5.0,16845.92
ORD-101422,2024-08-02,Colombo-Central,Western,Meat & Seafood,Delivered,5,5.0,10524.44
ORD-102647,2024-10-14,Colombo-Central,Western,Dairy,Delivered,5,5.0,3115.69
ORD-104487,2024-04-02,Kandy-Hub,Central,Beverages,Delivered,3,3.0,2748.9
ORD-104197,2024-02-15,Kandy-Hub,Central,Produce,Delivered,3,3.0,3071.81
ORD-101464,2024-11-06,Colombo-Central,Western,Dairy,Delivered,4,4.0,5349.76
ORD-100874,2024-09-11,Jaffna-North,Northern,Frozen,Delivered,2,2.0,6241.62
ORD-102297,2024-06-28,Kandy-Hub,Central,Meat & Seafood,Delivered,1,1.0,15033.95
ORD-103593,2024-07-26,Galle-South,Southern,Beverages,Delivered,1,1.0,2381.98
ORD-104384,2024-05-19,Galle-South,Southern,Beverages,Delivered,4,4.0,3486.41
ORD-101251,2024-05-30,Colombo-Central,Western,Dry Goods,Delivered,1,1.0,1395.49
ORD-102706,2024-09-14,Kurunegala-West,North-Western,Frozen,Delivered,4,4.0,6578.2
ORD-100840,2024-04-15,Jaffna-North,Northern,Meat & Seafood,Delivered,5,5.0,10866.74
ORD-103132,2024-10-04,Jaffna-North,Northern,Beverages,Cancelled,2,,5453.97
ORD-100581,2024-10-31,Kurunegala-West,North-Western,Produce,Delivered,4,4.0,2919.73
ORD-100204,2024-06-15,Galle-South,Southern,Beverages,Delivered,1,1.0,4803.59
ORD-101641,2024-01-19,Colombo-Central,Western,Beverages,In Transit,1,,2124.67
ORD-102014,2024-08-24,Galle-South,Southern,Meat & Seafood,Delivered,2,2.0,14951.17
ORD-100905,2024-09-15,Colombo-Central,Western,Beverages,Delayed,2,5.0,4366.11
ORD-100631,2024-04-29,Galle-South,Southern,Frozen,In Transit,2,,8079.92
ORD-104010,2024-05-08,Galle-South,Southern,Beverages,Delivered,5,5.0,3061.89
ORD-101974,2024-07-23,Kandy-Hub,Central,Frozen,Delivered,5,5.0,9295.88
ORD-100162,2024-05-29,Kandy-Hub,Central,Frozen,Delivered,2,2.0,6592.92
ORD-103316,2024-08-18,Jaffna-North,Northern,Dry Goods,Delayed,3,7.0,
ORD-104529,2024-07-24,Galle-South,Southern,Dry Goods,Delivered,2,2.0,1840.73
ORD-104540,2024-08-06,Colombo-Central,Western,Produce,Delivered,4,4.0,1684.23
ORD-100617,2024-04-07,Colombo-Central,Western,Produce,Delivered,5,5.0,2353.2
ORD-100875,2024-07-03,Colombo-Central,Western,Produce,Delivered,2,2.0,1852.58
ORD-101431,2024-03-08,Jaffna-North,Northern,Produce,Delivered,1,1.0,3840.19
ORD-100547,2024-08-03,Colombo-Central,Western,Meat & Seafood,Cancelled,1,,16221.97
ORD-103402,2024-02-27,Colombo-Central,Western,Produce,Delivered,4,4.0,1944.74
ORD-104591,2024-01-15,Colombo-Central,Western,Meat & Seafood,Delivered,4,4.0,18062.09
ORD-104266,2024-05-08,Galle-South,Southern,Meat & Seafood,Delivered,4,4.0,18503.28
ORD-103931,2024-01-28,Colombo-Central,Western,Dry Goods,Delivered,4,4.0,3052.68
ORD-102718,2024-07-30,Galle-South,Southern,Meat & Seafood,Delivered,2,2.0,17381.93
ORD-104771,2024-10-05,Kurunegala-West,North-Western,Beverages,Delivered,4,4.0,3398.62
ORD-104122,2024-12-25,Kurunegala-West,North-Western,Meat & Seafood,Delivered,4,4.0,14989.15
ORD-101861,2024-04-18,Galle-South,Southern,Meat & Seafood,Delivered,5,5.0,15268.28
ORD-100640,2024-09-01,Jaffna-North,Northern,Frozen,Delivered,2,2.0,6267.11
ORD-103048,2024-03-02,Jaffna-North,Northern,Dairy,Delivered,2,2.0,4317.9
ORD-100637,2024-04-18,Galle-South,Southern,Frozen,Delivered,2,2.0,9831.85
ORD-104903,2024-09-19,Jaffna-North,Northern,Produce,Delivered,4,4.0,1643.98
ORD-104799,2024-07-21,Jaffna-North,Northern,Beverages,Delivered,4,4.0,4605.12
ORD-103047,2024-10-04,Kurunegala-West,North-Western,Produce,Delivered,2,2.0,3843.52
ORD-102096,2024-12-09,Colombo-Central,Western,Produce,Delivered,1,1.0,3358.94
ORD-102526,2024-06-19,Kandy-Hub,Central,Frozen,In Transit,3,,9400.27
ORD-103138,2024-06-20,Kurunegala-West,North-Western,Beverages,Delivered,3,3.0,4290.05
ORD-103747,2024-12-25,Colombo-Central,Western,Frozen,Delivered,1,1.0,6964.88
ORD-102899,2024-03-14,Kandy-Hub,Central,Beverages,Delayed,3,7.0,2923.5
ORD-100921,2024-07-27,Jaffna-North,Northern,Beverages,Delayed,1,4.0,4461.0
ORD-100546,2024-06-05,Colombo-Central,Western,Meat & Seafood,Delayed,2,4.0,17871.28
ORD-103739,2024-10-30,Galle-South,Southern,Dry Goods,Delivered,5,5.0,1737.29
ORD-101900,2024-07-14,Colombo-Central,Western,Meat & Seafood,Delivered,1,1.0,8688.74
ORD-102028,2024-07-10,Galle-South,Southern,Dry Goods,Delayed,4,8.0,3327.1
ORD-102301,2024-02-22,Kandy-Hub,Central,Beverages,Delivered,4,4.0,3475.58
ORD-101885,2024-03-06,Colombo-Central,Western,Dairy,Delivered,2,2.0,4455.18
ORD-101642,2024-06-12,Kurunegala-West,North-Western,Produce,Delivered,5,5.0,1613.97
ORD-104398,2024-01-26,Kurunegala-West,North-Western,Beverages,Delivered,1,1.0,2339.96
ORD-104858,2024-04-05,Kandy-Hub,Central,Meat & Seafood,In Transit,4,,18356.82
ORD-102097,2024-11-10,Colombo-Central,Western,Produce,Delivered,2,2.0,3047.51
ORD-104401,2024-02-13,Kurunegala-West,North-Western,Frozen,Delivered,5,5.0,9904.07
ORD-103633,2024-10-04,Kurunegala-West,North-Western,Dry Goods,Cancelled,4,,2601.67
ORD-104539,2024-11-13,Jaffna-North,Northern,Frozen,Delivered,2,2.0,11569.78
ORD-103351,2024-12-08,Galle-South,Southern,Dairy,Delivered,3,3.0,2886.49
ORD-100836,2024-10-22,Kurunegala-West,North-Western,Frozen,Delayed,5,9.0,9657.85
ORD-100601,2024-10-11,Kurunegala-West,North-Western,Dry Goods,Delivered,5,5.0,1520.24
ORD-102184,2024-08-19,Kandy-Hub,Central,Dairy,Delivered,3,3.0,4646.04
ORD-103941,2024-04-23,Kurunegala-West,North-Western,Beverages,Delivered,2,2.0,3543.68
ORD-102528,2024-02-01,Kurunegala-West,North-Western,Beverages,In Transit,2,,4637.97
ORD-104351,2024-07-25,Colombo-Central,Western,Dairy,Delivered,1,1.0,3266.5
ORD-101582,2024-07-07,Jaffna-North,Northern,Dairy,Delivered,3,3.0,3593.08
ORD-104310,2024-07-08,Jaffna-North,Northern,Dairy,Cancelled,1,,4738.36
ORD-103535,2024-01-28,Kurunegala-West,North-Western,Frozen,In Transit,5,,5945.8
ORD-103226,2024-07-30,Jaffna-North,Northern,Dairy,Delayed,3,5.0,5257.33
ORD-101070,2024-09-03,Colombo-Central,Western,Frozen,Delivered,5,5.0,10366.56
ORD-101775,2024-02-17,Kurunegala-West,North-Western,Dairy,Delivered,5,5.0,4280.88
ORD-104857,2024-08-18,Jaffna-North,Northern,Dry Goods,Delivered,3,3.0,3488.17
ORD-101283,2024-10-19,Colombo-Central,Western,Beverages,Delivered,1,1.0,
ORD-103112,2024-01-22,Colombo-Central,Western,Frozen,In Transit,5,,5080.9
ORD-104802,2024-03-21,Jaffna-North,Northern,Frozen,In Transit,5,,11170.91
ORD-101836,2024-12-09,Jaffna-North,Northern,Beverages,Delivered,5,5.0,3114.93
ORD-104286,2024-09-17,Galle-South,Southern,Frozen,Delivered,3,3.0,11556.2
ORD-101019,2024-02-12,Jaffna-North,Northern,Dry Goods,Delivered,2,2.0,2419.94
ORD-103271,2024-05-30,Colombo-Central,Western,Produce,Delivered,3,3.0,3456.5
ORD-101326,2024-09-04,Colombo-Central,Western,Dairy,Delayed,1,5.0,3679.67
ORD-100475,2024-10-13,Galle-South,Southern,Dairy,In Transit,5,,5654.26
ORD-103516,2024-03-02,Galle-South,Southern,Produce,Delivered,4,4.0,3344.6
ORD-101651,2024-01-07,Kurunegala-West,North-Western,Dairy,Delivered,3,3.0,2663.2
ORD-104077,2024-08-07,Colombo-Central,Western,Meat & Seafood,Delivered,5,5.0,19146.1
ORD-104329,2024-11-16,Galle-South,Southern,Meat & Seafood,Delivered,1,1.0,18040.59
ORD-104483,2024-01-23,Kandy-Hub,Central,Produce,Delivered,3,3.0,3928.66
ORD-102523,2024-05-26,Kandy-Hub,Central,Dairy,Cancelled,3,,3146.31
ORD-102634,2024-01-31,Colombo-Central,Western,Frozen,Delivered,3,3.0,5466.94
ORD-101373,2024-06-02,Jaffna-North,Northern,Dairy,Delayed,1,2.0,4863.85
ORD-100739,2024-11-23,Colombo-Central,Western,Produce,Delivered,1,1.0,3505.46
ORD-103691,2024-08-16,Kurunegala-West,North-Western,Dairy,Delivered,2,2.0,5799.52
ORD-104784,2024-11-04,Galle-South,Southern,Dairy,Delivered,4,4.0,4253.26
ORD-100867,2024-11-01,Kurunegala-West,North-Western,Frozen,Delayed,4,8.0,5503.06
ORD-101140,2024-11-17,Kandy-Hub,Central,Dairy,Delivered,1,1.0,5481.34
ORD-100997,2024-05-11,Kurunegala-West,North-Western,Dairy,In Transit,5,,3553.84
ORD-101337,2024-04-18,Colombo-Central,Western,Dry Goods,Delayed,3,6.0,1688.59
ORD-100541,2024-01-21,Colombo-Central,Western,Meat & Seafood,Delivered,3,3.0,16893.03
ORD-101099,2024-06-07,Kandy-Hub,Central,Frozen,Delivered,1,1.0,7552.86
ORD-101132,2024-10-16,Kurunegala-West,North-Western,Dry Goods,Delivered,1,1.0,1800.12
ORD-104901,2024-08-27,Kandy-Hub,Central,Produce,Delayed,4,8.0,2840.12
ORD-104898,2024-10-03,Jaffna-North,Northern,Frozen,Delivered,1,1.0,5780.18
ORD-102258,2024-01-01,Colombo-Central,Western,Dairy,Delivered,3,3.0,5857.95
ORD-104065,2024-05-05,Jaffna-North,Northern,Produce,Delivered,3,3.0,2893.93
ORD-100059,2024-09-06,Jaffna-North,Northern,Dairy,In Transit,1,,4654.59
ORD-102942,2024-10-05,Galle-South,Southern,Dairy,Cancelled,1,,5360.87
ORD-101938,2024-12-16,Jaffna-North,Northern,Dry Goods,Delivered,5,5.0,
ORD-102627,2024-01-02,Colombo-Central,Western,Dairy,Cancelled,4,,3985.3
ORD-104986,2024-12-18,Galle-South,Southern,Dairy,Delivered,3,3.0,2924.87
ORD-101078,2024-06-01,Galle-South,Southern,Beverages,Delivered,4,4.0,5100.11
ORD-102977,2024-11-23,Kurunegala-West,North-Western,Dairy,Delivered,5,5.0,3341.56
ORD-104880,2024-05-18,Kandy-Hub,Central,Frozen,Delayed,1,3.0,10512.77
ORD-102535,2024-12-23,Kandy-Hub,Central,Beverages,In Transit,2,,3461.08
ORD-100940,2024-09-09,Kandy-Hub,Central,Frozen,Delayed,4,8.0,10629.47
ORD-101080,2024-12-01,Kurunegala-West,North-Western,Dairy,Delivered,2,2.0,3390.87
ORD-100187,2024-05-19,Colombo-Central,Western,Frozen,Delivered,2,2.0,8675.78
ORD-102686,2024-03-30,Colombo-Central,Western,Frozen,Delivered,1,1.0,6242.65
ORD-102085,2024-08-27,Kurunegala-West,North-Western,Beverages,In Transit,1,,3908.64
ORD-102249,2024-06-03,Jaffna-North,Northern,Dairy,Delivered,1,1.0,5270.79
ORD-104940,2024-09-22,Galle-South,Southern,Frozen,Delayed,2,6.0,6897.22
ORD-102023,2024-08-06,Jaffna-North,Northern,Beverages,Delivered,2,2.0,2858.25
ORD-103782,2024-02-08,Colombo-Central,Western,Frozen,Delivered,4,4.0,6978.15
ORD-101492,2024-01-11,Kandy-Hub,Central,Dairy,Delivered,1,1.0,4125.87
ORD-103679,2024-09-24,Kurunegala-West,North-Western,Meat & Seafood,Delivered,3,3.0,11811.91
ORD-100226,2024-10-22,Kandy-Hub,Central,Frozen,Delivered,4,4.0,6673.61
ORD-103370,2024-12-26,Kurunegala-West,North-Western,Produce,Delivered,3,3.0,2342.47
ORD-101929,2024-12-13,Jaffna-North,Northern,Beverages,Delayed,4,7.0,5246.72
ORD-103641,2024-12-04,Kurunegala-West,North-Western,Dry Goods,Delivered,3,3.0,2161.36
ORD-104534,2024-01-11,Colombo-Central,Western,Produce,Delivered,5,5.0,2049.89
ORD-101404,2024-03-05,Kurunegala-West,North-Western,Meat & Seafood,In Transit,3,,14215.88
ORD-102179,2024-06-15,Kandy-Hub,Central,Beverages,Delivered,3,3.0,4244.21
ORD-100697,2024-08-03,Jaffna-North,Northern,Dry Goods,Delivered,1,1.0,1870.18
ORD-101124,2024-11-02,Colombo-Central,Western,Dry Goods,Delivered,2,2.0,2114.68
ORD-102890,2024-02-24,Kandy-Hub,Central,Dairy,Delivered,3,3.0,2769.24
ORD-102978,2024-04-13,Galle-South,Southern,Produce,Delivered,4,4.0,1791.73
ORD-101778,2024-04-22,Colombo-Central,Western,Meat & Seafood,Delivered,2,2.0,19635.64
ORD-102917,2024-12-11,Colombo-Central,Western,Dry Goods,Delivered,4,4.0,1851.51
ORD-101037,2024-01-06,Kandy-Hub,Central,Dairy,In Transit,2,,4882.73
ORD-104217,2024-05-04,Colombo-Central,Western,Frozen,Delayed,4,6.0,6741.87
ORD-102256,2024-10-17,Kurunegala-West,North-Western,Meat & Seafood,Delayed,1,2.0,10350.67
ORD-100313,2024-04-12,Kandy-Hub,Central,Produce,Delivered,1,1.0,3469.18
ORD-102281,2024-05-08,Kandy-Hub,Central,Produce,Delivered,1,1.0,2001.32
ORD-101416,2024-08-19,Kandy-Hub,Central,Beverages,Delivered,1,1.0,3951.34
ORD-101036,2024-11-25,Galle-South,Southern,Frozen,Delivered,4,4.0,8355.31
ORD-102159,2024-05-01,Colombo-Central,Western,Meat & Seafood,Delivered,2,2.0,17170.87
ORD-104205,2024-10-21,Kurunegala-West,North-Western,Dry Goods,Delivered,3,3.0,2499.53
ORD-101754,2024-08-16,Jaffna-North,Northern,Frozen,Delayed,5,6.0,6868.63
ORD-103176,2024-08-12,Colombo-Central,Western,Meat & Seafood,Delivered,2,2.0,15518.06
ORD-104303,2024-01-13,Kurunegala-West,North-Western,Beverages,Delayed,1,5.0,2742.15
ORD-102751,2024-01-30,Galle-South,Southern,Produce,Cancelled,2,,1519.49
ORD-103273,2024-05-27,Galle-South,Southern,Dairy,Delivered,3,3.0,3309.02
ORD-103413,2024-02-04,Colombo-Central,Western,Produce,Delivered,4,4.0,3984.41
ORD-103499,2024-06-13,Kurunegala-West,North-Western,Beverages,In Transit,3,,3749.38
ORD-101506,2024-11-29,Kurunegala-West,North-Western,Produce,Delivered,1,1.0,3216.07
ORD-101923,2024-06-07,Jaffna-North,Northern,Dairy,Delivered,3,3.0,4101.75
ORD-100448,2024-07-09,Galle-South,Southern,Frozen,Delivered,1,1.0,10029.59
ORD-102488,2024-07-10,Colombo-Central,Western,Dairy,Delivered,5,5.0,4897.32
ORD-102576,2024-04-08,Kurunegala-West,North-Western,Produce,Delivered,2,2.0,3176.18
ORD-101084,2024-03-14,Jaffna-North,Northern,Dairy,Delayed,2,5.0,3599.85
ORD-104990,2024-08-24,Kandy-Hub,Central,Beverages,Delivered,1,1.0,4302.55
ORD-100361,2024-11-21,Kurunegala-West,North-Western,Dry Goods,Delivered,5,5.0,2341.28
ORD-102183,2024-08-23,Kandy-Hub,Central,Dairy,Delivered,4,4.0,4658.15
ORD-101134,2024-08-12,Jaffna-North,Northern,Meat & Seafood,Delivered,4,4.0,9448.91
ORD-103956,2024-07-09,Jaffna-North,Northern,Beverages,Delivered,5,5.0,4778.62
ORD-102155,2024-06-27,Kandy-Hub,Central,Frozen,Delayed,5,7.0,10324.84
ORD-101830,2024-05-09,Jaffna-North,Northern,Dry Goods,Delivered,5,5.0,2939.28
ORD-101053,2024-12-15,Kandy-Hub,Central,Produce,Delayed,2,3.0,3761.09
ORD-102460,2024-05-04,Galle-South,Southern,Frozen,Delivered,4,4.0,5523.04
ORD-100022,2024-03-07,Jaffna-North,Northern,Dry Goods,Delivered,5,5.0,1412.01
ORD-102066,2024-09-21,Colombo-Central,Western,Produce,Delivered,5,5.0,2366.85
ORD-101653,2024-08-05,Galle-South,Southern,Beverages,Cancelled,5,,3896.29
ORD-102638,2024-02-25,Kurunegala-West,North-Western,Dry Goods,Delivered,1,1.0,2626.55
ORD-103276,2024-01-27,Jaffna-North,Northern,Produce,In Transit,1,,3558.05
ORD-103881,2024-03-22,Colombo-Central,Western,Beverages,Delivered,2,2.0,3982.74
ORD-104110,2024-01-02,Colombo-Central,Western,Dairy,Delivered,4,4.0,4076.2
ORD-102468,2024-01-10,Kurunegala-West,North-Western,Frozen,Delivered,2,2.0,5638.15
ORD-102325,2024-10-27,Kurunegala-West,North-Western,Frozen,Delivered,5,5.0,7825.11
ORD-100460,2024-09-21,Kurunegala-West,North-Western,Meat & Seafood,Delivered,2,2.0,14394.47
ORD-101067,2024-08-21,Kandy-Hub,Central,Frozen,Delivered,1,1.0,5732.26
ORD-100087,2024-04-24,Kandy-Hub,Central,Frozen,Cancelled,3,,5302.78
ORD-101430,2024-06-20,Kurunegala-West,North-Western,Frozen,Delivered,2,2.0,
ORD-102699,2024-02-13,Kandy-Hub,Central,Beverages,Delayed,2,6.0,5459.21
ORD-100282,2024-09-01,Kurunegala-West,North-Western,Dairy,Delivered,3,3.0,
ORD-102483,2024-04-26,Colombo-Central,Western,Produce,Delivered,3,3.0,2849.28
ORD-100462,2024-09-30,Jaffna-North,Northern,Dairy,Delivered,3,3.0,4000.99
ORD-100212,2024-10-14,Galle-South,Southern,Meat & Seafood,Delivered,3,3.0,14514.84
ORD-103870,2024-01-17,Colombo-Central,Western,Dairy,Delivered,5,5.0,4002.54
ORD-101368,2024-12-17,Colombo-Central,Western,Meat & Seafood,Delivered,1,1.0,15760.03
ORD-100234,2024-06-28,Kandy-Hub,Central,Beverages,Delayed,5,7.0,4137.51
ORD-102825,2024-11-03,Kurunegala-West,North-Western,Frozen,Delivered,5,5.0,7487.02
ORD-100597,2024-10-11,Jaffna-North,Northern,Produce,Delivered,3,3.0,
ORD-104464,2024-06-11,Colombo-Central,Western,Beverages,Delivered,5,5.0,5342.8
ORD-102250,2024-07-03,Kandy-Hub,Central,Produce,Cancelled,2,,2891.6
ORD-104108,2024-07-06,Kandy-Hub,Central,Dairy,Delivered,3,3.0,2988.98
ORD-102283,2024-10-14,Colombo-Central,Western,Dairy,Delivered,4,4.0,5084.74
ORD-100662,2024-01-13,Kurunegala-West,North-Western,Produce,Delivered,4,4.0,1976.08
ORD-100794,2024-06-06,Galle-South,Southern,Produce,Delivered,1,1.0,3787.99
ORD-102285,2024-10-30,Kurunegala-West,North-Western,Dairy,Delivered,3,3.0,3281.05
ORD-104764,2024-06-08,Jaffna-North,Northern,Dry Goods,Delayed,3,6.0,1171.36
ORD-103258,2024-07-24,Galle-South,Southern,Frozen,In Transit,3,,9077.87
ORD-102550,2024-08-26,Kandy-Hub,Central,Frozen,Delivered,4,4.0,7889.21
ORD-103699,2024-10-04,Kurunegala-West,North-Western,Meat & Seafood,Delivered,5,5.0,12483.22
ORD-100779,2024-11-06,Colombo-Central,Western,Meat & Seafood,Delivered,3,3.0,
ORD-104769,2024-01-18,Kurunegala-West,North-Western,Dairy,Delivered,4,4.0,5732.5
ORD-103494,2024-12-04,Kandy-Hub,Central,Dairy,Delayed,1,2.0,2773.61
ORD-103353,2024-09-22,Jaffna-North,Northern,Frozen,Delayed,3,6.0,11456.9
ORD-103262,2024-09-27,Jaffna-North,Northern,Dry Goods,Delivered,1,1.0,2760.42
ORD-104884,2024-01-03,Kandy-Hub,Central,Meat & Seafood,Delivered,1,1.0,16309.18
ORD-100685,2024-10-19,Galle-South,Southern,Meat & Seafood,In Transit,5,,19378.74
ORD-103414,2024-08-06,Jaffna-North,Northern,Frozen,In Transit,1,,6948.14
ORD-102802,2024-12-27,Jaffna-North,Northern,Produce,Delivered,1,1.0,2766.5
ORD-104472,2024-06-27,Jaffna-North,Northern,Meat & Seafood,In Transit,1,,12704.16
ORD-102171,2024-09-28,Kurunegala-West,North-Western,Beverages,Cancelled,5,,2470.73
ORD-103750,2024-07-31,Kandy-Hub,Central,Frozen,Delivered,3,3.0,7878.41
ORD-101850,2024-01-30,Kandy-Hub,Central,Frozen,Delayed,1,4.0,6296.97
ORD-100487,2024-07-12,Jaffna-North,Northern,Produce,In Transit,3,,1624.32
ORD-101688,2024-12-08,Jaffna-North,Northern,Dairy,Delayed,4,5.0,2558.21
ORD-102230,2024-08-18,Galle-South,Southern,Dairy,Delivered,1,1.0,2623.28
ORD-104939,2024-05-03,Jaffna-North,Northern,Dry Goods,Delivered,5,5.0,
ORD-102320,2024-02-06,Kandy-Hub,Central,Dairy,Delayed,5,8.0,5211.21
ORD-100782,2024-02-14,Kurunegala-West,North-Western,Frozen,Delivered,3,3.0,9366.83
ORD-100521,2024-02-23,Jaffna-North,Northern,Dry Goods,Delivered,5,5.0,1796.49
ORD-100522,2024-03-11,Jaffna-North,Northern,Produce,In Transit,3,,3601.09
ORD-102895,2024-07-15,Colombo-Central,Western,Frozen,Delivered,1,1.0,7034.61
ORD-104030,2024-07-16,Kandy-Hub,Central,Beverages,Delivered,1,1.0,4811.58
ORD-102398,2024-04-01,Colombo-Central,Western,Meat & Seafood,Delivered,1,1.0,8808.83
ORD-102207,2024-11-02,Kandy-Hub,Central,Meat & Seafood,In Transit,2,,8839.67
ORD-103905,2024-10-05,Jaffna-North,Northern,Dairy,Delivered,1,1.0,5490.13
ORD-103622,2024-04-30,Kurunegala-West,North-Western,Dry Goods,Delivered,4,4.0,3356.73
ORD-103810,2024-03-24,Kurunegala-West,North-Western,Dry Goods,Delivered,2,2.0,3343.57
ORD-102879,2024-12-22,Colombo-Central,Western,Dry Goods,Delivered,5,5.0,2846.05
ORD-101511,2024-03-24,Kurunegala-West,North-Western,Dry Goods,Delivered,1,1.0,1823.52
ORD-101882,2024-03-05,Jaffna-North,Northern,Dry Goods,Delivered,2,2.0,1296.45
ORD-100651,2024-08-26,Jaffna-North,Northern,Dairy,Delivered,5,5.0,5408.35
ORD-102843,2024-06-25,Kurunegala-West,North-Western,Dry Goods,Cancelled,3,,
ORD-103813,2024-06-10,Kurunegala-West,North-Western,Beverages,Delivered,2,2.0,4920.73
ORD-100369,2024-10-08,Kandy-Hub,Central,Dairy,Delivered,1,1.0,3744.28
ORD-104385,2024-09-20,Jaffna-North,Northern,Dry Goods,Delivered,4,4.0,3237.61
ORD-100118,2024-03-30,Kurunegala-West,North-Western,Dry Goods,Delayed,3,6.0,1879.14
ORD-103885,2024-05-31,Kurunegala-West,North-Western,Dry Goods,Delivered,1,1.0,3303.39
ORD-103096,2024-03-04,Kandy-Hub,Central,Dairy,Delivered,4,4.0,5772.74
ORD-102216,2024-06-13,Jaffna-North,Northern,Dairy,Delivered,5,5.0,2677.82
ORD-103612,2024-08-10,Kandy-Hub,Central,Beverages,Delivered,4,4.0,4109.92
ORD-101613,2024-09-09,Colombo-Central,Western,Beverages,Delivered,5,5.0,4394.78
ORD-104073,2024-12-09,Jaffna-North,Northern,Dairy,In Transit,2,,3124.49
ORD-100962,2024-11-02,Kurunegala-West,North-Western,Dairy,Delivered,1,1.0,3619.65
ORD-102510,2024-03-13,Kandy-Hub,Central,Dry Goods,Delayed,1,5.0,1352.26
ORD-103617,2024-05-29,Kurunegala-West,North-Western,Frozen,Delivered,3,3.0,8200.04
ORD-102880,2024-01-15,Kandy-Hub,Central,Beverages,Delivered,4,4.0,4422.26
ORD-103513,2024-02-21,Colombo-Central,Western,Beverages,Delivered,1,1.0,2401.29
ORD-103094,2024-11-28,Kandy-Hub,Central,Dairy,Delayed,4,7.0,4713.29
ORD-102415,2024-06-26,Jaffna-North,Northern,Produce,Delivered,3,3.0,2780.8
ORD-104701,2024-01-21,Kandy-Hub,Central,Dairy,Delayed,3,5.0,4723.09
ORD-104280,2024-06-23,Galle-South,Southern,Dry Goods,Delivered,5,5.0,2101.87
ORD-102185,2024-04-15,Kurunegala-West,North-Western,Dry Goods,Delivered,4,4.0,1928.7
ORD-104362,2024-06-30,Kurunegala-West,North-Western,Meat & Seafood,Delayed,2,4.0,9451.51
ORD-102567,2024-08-19,Kandy-Hub,Central,Dairy,Cancelled,1,,4375.74
ORD-102037,2024-01-15,Galle-South,Southern,Beverages,Delivered,3,3.0,4734.32
ORD-104305,2024-10-08,Colombo-Central,Western,Meat & Seafood,Delivered,3,3.0,8805.1
ORD-100772,2024-01-02,Galle-South,Southern,Dry Goods,Cancelled,1,,1944.33
ORD-101284,2024-05-19,Galle-South,Southern,Dry Goods,Delayed,5,6.0,2668.22
ORD-104649,2024-04-05,Galle-South,Southern,Beverages,Delivered,3,3.0,2980.38
ORD-104785,2024-05-11,Galle-South,Southern,Produce,Delivered,1,1.0,3409.08
ORD-104621,2024-12-29,Galle-South,Southern,Frozen,Delayed,5,9.0,11970.65
ORD-101414,2024-08-01,Kandy-Hub,Central,Frozen,Delivered,3,3.0,9865.27
ORD-101234,2024-08-20,Jaffna-North,Northern,Dairy,Delayed,1,5.0,3755.78
ORD-103477,2024-07-12,Galle-South,Southern,Beverages,Delivered,4,4.0,5362.0
ORD-100435,2024-02-15,Kurunegala-West,North-Western,Dairy,Delivered,4,4.0,5218.52
ORD-101674,2024-09-18,Galle-South,Southern,Meat & Seafood,In Transit,5,,13780.4
ORD-100365,2024-07-08,Colombo-Central,Western,Dairy,Delivered,1,1.0,3129.48
ORD-104905,2024-08-22,Kandy-Hub,Central,Frozen,Delayed,3,7.0,7338.46
ORD-100231,2024-11-08,Galle-South,Southern,Meat & Seafood,Delivered,4,4.0,12868.31
ORD-104311,2024-11-08,Kurunegala-West,North-Western,Beverages,Delivered,1,1.0,5249.72
ORD-100147,2024-03-26,Kurunegala-West,North-Western,Dry Goods,Delivered,2,2.0,2994.98
ORD-104443,2024-06-14,Galle-South,Southern,Produce,Delivered,2,2.0,3571.33
ORD-100407,2024-02-22,Kurunegala-West,North-Western,Frozen,Delayed,4,8.0,7324.8
ORD-102090,2024-11-19,Jaffna-North,Northern,Frozen,Delayed,4,8.0,11740.0
ORD-100086,2024-02-05,Kurunegala-West,North-Western,Dry Goods,Delivered,3,3.0,3202.43
ORD-100844,2024-01-02,Kurunegala-West,North-Western,Beverages,Delayed,3,7.0,3517.21
ORD-101031,2024-03-04,Jaffna-North,Northern,Meat & Seafood,Delivered,1,1.0,17118.36
ORD-102683,2024-10-23,Jaffna-North,Northern,Meat & Seafood,Delivered,3,3.0,12757.99
ORD-104608,2024-11-14,Galle-South,Southern,Frozen,Delivered,4,4.0,9022.25
ORD-102778,2024-05-21,Galle-South,Southern,Frozen,Delivered,5,5.0,11803.47
ORD-103295,2024-10-17,Jaffna-North,Northern,Dairy,Delivered,5,5.0,2582.45
ORD-102906,2024-08-16,Jaffna-North,Northern,Frozen,Delayed,3,5.0,
ORD-100855,2024-11-06,Galle-South,Southern,Beverages,Delayed,1,5.0,2339.67
ORD-100078,2024-07-25,Kurunegala-West,North-Western,Meat & Seafood,Delivered,2,2.0,12291.62
ORD-102247,2024-03-05,Kurunegala-West,North-Western,Frozen,In Transit,5,,11247.02
ORD-104615,2024-06-06,Galle-South,Southern,Beverages,Delivered,1,1.0,4843.2
ORD-103729,2024-08-21,Jaffna-North,Northern,Dry Goods,Delayed,2,6.0,1512.86
ORD-104087,2024-12-05,Galle-South,Southern,Produce,Delivered,5,5.0,3916.48
ORD-102968,2024-09-19,Colombo-Central,Western,Dairy,Delivered,2,2.0,
ORD-102279,2024-09-02,Galle-South,Southern,Frozen,Delayed,1,3.0,5402.22
ORD-102649,2024-04-30,Jaffna-North,Northern,Dry Goods,Delivered,1,1.0,2664.55
ORD-104201,2024-09-29,Jaffna-North,Northern,Frozen,Delayed,4,7.0,7836.23
ORD-103946,2024-01-09,Colombo-Central,Western,Meat & Seafood,Delayed,3,4.0,18954.33
ORD-103496,2024-02-07,Kurunegala-West,North-Western,Beverages,Delivered,2,2.0,2189.31
ORD-102176,2024-02-08,Jaffna-North,Northern,Meat & Seafood,Delivered,5,5.0,18579.22
ORD-100424,2024-06-01,Kandy-Hub,Central,Dairy,Delayed,5,7.0,5077.79
ORD-100392,2024-05-14,Kurunegala-West,North-Western,Beverages,Delivered,2,2.0,4362.64
ORD-104774,2024-04-08,Colombo-Central,Western,Beverages,Delayed,2,3.0,4545.41
ORD-103483,2024-03-25,Kurunegala-West,North-Western,Frozen,Delivered,1,1.0,10987.49
ORD-100104,2024-10-17,Colombo-Central,Western,Frozen,In Transit,5,,5704.32
ORD-103032,2024-07-24,Jaffna-North,Northern,Dry Goods,Delivered,5,5.0,3461.54
ORD-102622,2024-02-07,Kurunegala-West,North-Western,Produce,Delivered,4,4.0,3970.46
ORD-103200,2024-12-02,Galle-South,Southern,Dry Goods,Delayed,5,6.0,1561.73
ORD-103895,2024-12-05,Galle-South,Southern,Beverages,Delivered,4,4.0,2029.17
ORD-101948,2024-01-01,Kandy-Hub,Central,Produce,Delivered,2,2.0,1648.99
ORD-101459,2024-07-07,Galle-South,Southern,Produce,Delivered,4,4.0,3682.25
ORD-103323,2024-08-21,Kandy-Hub,Central,Meat & Seafood,Delivered,4,4.0,11228.13
ORD-102860,2024-03-11,Jaffna-North,Northern,Meat & Seafood,Delayed,3,4.0,13301.91
ORD-102759,2024-06-05,Galle-South,Southern,Frozen,In Transit,2,,7228.85
ORD-104838,2024-11-06,Colombo-Central,Western,Produce,Delayed,4,8.0,3563.6
ORD-101587,2024-01-29,Galle-South,Southern,Dairy,Delayed,1,2.0,3877.43
ORD-103732,2024-05-26,Kandy-Hub,Central,Produce,Delivered,1,1.0,3092.67
ORD-101731,2024-11-25,Kandy-Hub,Central,Produce,Delayed,2,4.0,3331.93
ORD-104813,2024-07-21,Kurunegala-West,North-Western,Meat & Seafood,Delivered,4,4.0,14994.71
ORD-103786,2024-03-05,Kandy-Hub,Central,Beverages,Cancelled,3,,4948.03
ORD-103754,2024-01-14,Jaffna-North,Northern,Meat & Seafood,Delivered,1,1.0,10988.74
ORD-101791,2024-11-17,Kurunegala-West,North-Western,Beverages,In Transit,5,,4512.92
ORD-102355,2024-05-14,Galle-South,Southern,Frozen,Delivered,2,2.0,11934.15
ORD-101940,2024-03-01,Kurunegala-West,North-Western,Produce,Delivered,4,4.0,1548.96
ORD-100702,2024-03-02,Kandy-Hub,Central,Frozen,Delivered,1,1.0,9872.01
ORD-102442,2024-01-04,Galle-South,Southern,Meat & Seafood,Delayed,1,2.0,12869.02
ORD-104460,2024-02-07,Colombo-Central,Western,Meat & Seafood,Delivered,2,2.0,11225.1
ORD-100496,2024-02-13,Jaffna-North,Northern,Dry Goods,Delivered,4,4.0,3247.51
ORD-100464,2024-01-03,Colombo-Central,Western,Produce,Delivered,2,2.0,3822.11
ORD-103101,2024-02-17,Kurunegala-West,North-Western,Meat & Seafood,Delayed,2,3.0,12427.4
ORD-104377,2024-04-06,Kurunegala-West,North-Western,Dairy,Delivered,4,4.0,
ORD-100172,2024-10-08,Kurunegala-West,North-Western,Dry Goods,In Transit,3,,2498.2
ORD-104456,2024-08-03,Colombo-Central,Western,Meat & Seafood,Delayed,4,8.0,19203.43
ORD-104845,2024-10-06,Kandy-Hub,Central,Produce,Delivered,2,2.0,3571.55
ORD-102540,2024-04-15,Jaffna-North,Northern,Beverages,Delivered,5,5.0,2839.81
ORD-104809,2024-10-21,Jaffna-North,Northern,Dry Goods,Delivered,2,2.0,2210.62
ORD-103010,2024-05-14,Galle-South,Southern,Produce,Delivered,5,5.0,1746.09
ORD-102260,2024-01-09,Kandy-Hub,Central,Dairy,In Transit,5,,5120.38
ORD-102112,2024-11-29,Kurunegala-West,North-Western,Meat & Seafood,Delivered,3,3.0,17347.08
ORD-100900,2024-01-02,Kurunegala-West,North-Western,Dairy,Delivered,5,5.0,5944.81
ORD-101446,2024-12-08,Kandy-Hub,Central,Beverages,Delivered,2,2.0,
ORD-104950,2024-04-30,Galle-South,Southern,Frozen,Delivered,3,3.0,
ORD-100741,2024-10-05,Jaffna-North,Northern,Dairy,Cancelled,5,,5832.36
ORD-102293,2024-09-30,Kandy-Hub,Central,Beverages,Delivered,4,4.0,2930.25
ORD-102452,2024-02-04,Kurunegala-West,North-Western,Meat & Seafood,Delayed,5,7.0,14232.8
ORD-102805,2024-12-19,Jaffna-North,Northern,Dairy,Delivered,4,4.0,2989.32
ORD-104128,2024-07-18,Colombo-Central,Western,Frozen,Delivered,3,3.0,6422.77
ORD-101206,2024-07-07,Jaffna-North,Northern,Frozen,Delivered,1,1.0,10074.77
ORD-100509,2024-03-27,Kurunegala-West,North-Western,Beverages,Delivered,5,5.0,2352.68
ORD-104196,2024-07-21,Kurunegala-West,North-Western,Dairy,Delayed,4,8.0,5095.79
ORD-102672,2024-11-06,Jaffna-North,Northern,Produce,In Transit,5,,3975.59
ORD-102859,2024-06-11,Kurunegala-West,North-Western,Dairy,Delayed,3,6.0,2598.58
ORD-103400,2024-10-24,Jaffna-North,Northern,Meat & Seafood,Delivered,3,3.0,
ORD-101549,2024-01-02,Jaffna-North,Northern,Produce,Delivered,4,4.0,1883.25
ORD-103333,2024-11-05,Colombo-Central,Western,Beverages,Delivered,3,3.0,3879.11
ORD-102202,2024-01-15,Kandy-Hub,Central,Beverages,Cancelled,1,,3413.35
ORD-102566,2024-10-19,Galle-South,Southern,Frozen,Delivered,3,3.0,7389.35
ORD-102732,2024-12-05,Kandy-Hub,Central,Dry Goods,Delivered,2,2.0,2699.7
ORD-102044,2024-04-11,Kurunegala-West,North-Western,Beverages,Delivered,1,1.0,5111.44
ORD-100767,2024-06-23,Kandy-Hub,Central,Produce,Delivered,5,5.0,1998.21
ORD-104922,2024-07-21,Jaffna-North,Northern,Produce,Delivered,3,3.0,2746.52
ORD-103811,2024-06-11,Galle-South,Southern,Beverages,Delivered,5,5.0,3844.55
ORD-100421,2024-09-10,Kurunegala-West,North-Western,Frozen,Delivered,4,4.0,8958.49
ORD-100123,2024-06-20,Jaffna-North,Northern,Dairy,Delivered,2,2.0,5986.72
ORD-104204,2024-04-18,Jaffna-North,Northern,Beverages,Delivered,2,2.0,3036.11
ORD-102680,2024-02-12,Kandy-Hub,Central,Dry Goods,In Transit,5,,2861.89
ORD-100819,2024-12-30,Galle-South,Southern,Beverages,Delivered,1,1.0,3039.42
ORD-101403,2024-04-27,Kurunegala-West,North-Western,Dairy,Delivered,1,1.0,3059.88
ORD-101382,2024-05-06,Jaffna-North,Northern,Dairy,Delivered,2,2.0,3618.74
ORD-102148,2024-11-05,Kandy-Hub,Central,Dairy,Delivered,2,2.0,3973.81
ORD-101575,2024-04-26,Galle-South,Southern,Beverages,Delivered,5,5.0,2497.99
ORD-101638,2024-03-07,Jaffna-North,Northern,Produce,Delivered,4,4.0,3163.27
ORD-101795,2024-03-14,Colombo-Central,Western,Meat & Seafood,Delivered,2,2.0,12310.36
ORD-104864,2024-11-16,Jaffna-North,Northern,Beverages,Cancelled,4,,4543.75
ORD-100399,2024-04-23,Kurunegala-West,North-Western,Dry Goods,Delivered,3,3.0,1987.48
ORD-102310,2024-04-12,Kurunegala-West,North-Western,Produce,Delivered,3,3.0,1514.34
ORD-100882,2024-06-12,Kurunegala-West,North-Western,Frozen,Delivered,1,1.0,11714.13
ORD-100642,2024-11-07,Jaffna-North,Northern,Beverages,Delivered,4,4.0,5317.89
ORD-104626,2024-01-02,Kandy-Hub,Central,Beverages,Delivered,3,3.0,4231.45
ORD-101352,2024-06-29,Colombo-Central,Western,Dry Goods,Delivered,1,1.0,2634.21
ORD-104346,2024-01-19,Kurunegala-West,North-Western,Produce,Delayed,2,5.0,3148.17
ORD-104595,2024-01-16,Galle-South,Southern,Dairy,Delivered,1,1.0,3761.94
ORD-102130,2024-09-19,Kandy-Hub,Central,Meat & Seafood,Delayed,5,9.0,17817.67
ORD-100982,2024-07-18,Kurunegala-West,North-Western,Meat & Seafood,Delayed,4,6.0,18627.12
ORD-100456,2024-02-24,Colombo-Central,Western,Frozen,Delivered,2,2.0,5915.14
ORD-103601,2024-08-10,Galle-South,Southern,Frozen,Delivered,5,5.0,9053.56
ORD-101079,2024-11-01,Jaffna-North,Northern,Dairy,Delivered,5,5.0,3682.62
ORD-101950,2024-11-30,Jaffna-North,Northern,Beverages,In Transit,2,,3315.8
ORD-104358,2024-09-01,Jaffna-North,Northern,Dry Goods,Delivered,5,5.0,1849.65
ORD-100689,2024-10-12,Kandy-Hub,Central,Produce,Delayed,1,5.0,1571.64
ORD-102429,2024-04-08,Kurunegala-West,North-Western,Produce,Delivered,4,4.0,3456.27
ORD-100641,2024-11-30,Kandy-Hub,Central,Dairy,Delivered,1,1.0,5088.53
ORD-102392,2024-08-13,Kandy-Hub,Central,Frozen,Delivered,2,2.0,9560.99
ORD-101953,2024-06-18,Kurunegala-West,North-Western,Beverages,Delivered,3,3.0,4940.45
ORD-102803,2024-01-24,Kurunegala-West,North-Western,Produce,Delivered,4,4.0,3581.36
ORD-103298,2024-07-15,Colombo-Central,Western,Produce,In Transit,1,,3541.15
ORD-103503,2024-03-14,Colombo-Central,Western,Produce,Cancelled,2,,2967.4
ORD-102710,2024-01-25,Kandy-Hub,Central,Meat & Seafood,Delivered,1,1.0,17052.02
ORD-103404,2024-05-23,Kurunegala-West,North-Western,Frozen,Delivered,5,5.0,7074.18
ORD-104815,2024-04-18,Colombo-Central,Western,Dry Goods,Delivered,1,1.0,2764.35
ORD-102990,2024-06-15,Kandy-Hub,Central,Dairy,Delivered,4,4.0,4848.14
ORD-101884,2024-08-13,Colombo-Central,Western,Beverages,Delivered,2,2.0,4587.89
ORD-100389,2024-02-25,Kurunegala-West,North-Western,Meat & Seafood,Delivered,3,3.0,16638.68
ORD-102494,2024-06-01,Kurunegala-West,North-Western,Dry Goods,Delivered,4,4.0,1253.8
ORD-103181,2024-03-12,Colombo-Central,Western,Produce,Delayed,3,5.0,3331.24
ORD-104727,2024-11-19,Jaffna-North,Northern,Beverages,Delivered,1,1.0,4405.83
ORD-100845,2024-01-02,Colombo-Central,Western,Beverages,Delivered,1,1.0,3526.3
ORD-100542,2024-03-12,Kandy-Hub,Central,Dry Goods,Delayed,1,5.0,1218.07
ORD-100091,2024-10-20,Kandy-Hub,Central,Meat & Seafood,In Transit,4,,12821.14
ORD-103966,2024-10-13,Jaffna-North,Northern,Frozen,Delivered,4,4.0,10493.54
ORD-101979,2024-10-16,Galle-South,Southern,Frozen,Delayed,5,6.0,11157.7
ORD-104807,2024-11-21,Kurunegala-West,North-Western,Dry Goods,Delayed,2,5.0,2195.99
ORD-104726,2024-02-05,Kurunegala-West,North-Western,Frozen,Delivered,5,5.0,8328.48
ORD-103252,2024-02-27,Colombo-Central,Western,Meat & Seafood,Delivered,5,5.0,16536.33
ORD-102529,2024-07-29,Colombo-Central,Western,Frozen,Delivered,4,4.0,11481.74
ORD-101676,2024-02-24,Kurunegala-West,North-Western,Meat & Seafood,Delivered,1,1.0,17937.22
ORD-101048,2024-08-31,Colombo-Central,Western,Dairy,Delayed,3,5.0,2941.09
ORD-101960,2024-11-02,Kandy-Hub,Central,Meat & Seafood,In Transit,2,,14819.81
ORD-102530,2024-11-30,Galle-South,Southern,Frozen,Delivered,2,2.0,10276.85
ORD-104688,2024-01-03,Kandy-Hub,Central,Frozen,Delivered,4,4.0,8147.22
ORD-100237,2024-06-06,Kurunegala-West,North-Western,Dairy,Delivered,2,2.0,3210.94
ORD-103026,2024-02-11,Galle-South,Southern,Produce,Cancelled,4,,2434.12
ORD-103558,2024-03-02,Galle-South,Southern,Dry Goods,In Transit,4,,1652.25
ORD-101133,2024-10-05,Galle-South,Southern,Dry Goods,Delivered,4,4.0,2913.75
ORD-101805,2024-01-17,Galle-South,Southern,Dairy,Delivered,2,2.0,4420.36
ORD-104477,2024-05-14,Colombo-Central,Western,Frozen,Delivered,2,2.0,10250.91
ORD-100163,2024-05-28,Kurunegala-West,North-Western,Dry Goods,In Transit,1,,2352.37
ORD-103861,2024-08-23,Kandy-Hub,Central,Produce,Delivered,2,2.0,3600.48
ORD-104757,2024-02-18,Kandy-Hub,Central,Frozen,Delivered,1,1.0,5380.89
ORD-103411,2024-12-26,Jaffna-North,Northern,Frozen,Delivered,1,1.0,11446.6
ORD-104714,2024-01-11,Jaffna-North,Northern,Produce,Delivered,1,1.0,1938.01
ORD-103265,2024-08-22,Galle-South,Southern,Meat & Seafood,Delivered,5,5.0,12700.42
ORD-103707,2024-10-02,Colombo-Central,Western,Frozen,Delivered,1,1.0,8809.08
ORD-104016,2024-04-08,Kandy-Hub,Central,Produce,Cancelled,4,,2549.54
ORD-101811,2024-08-26,Kurunegala-West,North-Western,Meat & Seafood,Delivered,3,3.0,14171.59
ORD-103173,2024-05-05,Galle-South,Southern,Dairy,Delayed,1,4.0,4932.35
ORD-103213,2024-12-18,Jaffna-North,Northern,Meat & Seafood,Delivered,4,4.0,10795.08
ORD-101428,2024-04-07,Jaffna-North,Northern,Dry Goods,Delivered,1,1.0,2647.5
ORD-103686,2024-02-08,Colombo-Central,Western,Dairy,In Transit,1,,4421.38
ORD-102856,2024-07-26,Colombo-Central,Western,Dairy,Delivered,1,1.0,4779.31
ORD-103464,2024-05-11,Galle-South,Southern,Beverages,Delivered,2,2.0,3056.47
ORD-104505,2024-05-18,Kandy-Hub,Central,Meat & Seafood,Delivered,2,2.0,9170.26
ORD-104696,2024-01-28,Galle-South,Southern,Dry Goods,Delivered,5,5.0,1576.15
ORD-102877,2024-12-07,Galle-South,Southern,Meat & Seafood,Delivered,4,4.0,14354.13
ORD-101452,2024-01-19,Kurunegala-West,North-Western,Beverages,Delivered,5,5.0,
ORD-100593,2024-12-23,Jaffna-North,Northern,Meat & Seafood,Cancelled,5,,13465.53
ORD-102725,2024-08-13,Jaffna-North,Northern,Dry Goods,Delayed,3,4.0,2629.12
ORD-100041,2024-10-03,Colombo-Central,Western,Meat & Seafood,Delivered,3,3.0,10400.76
ORD-100560,2024-07-14,Galle-South,Southern,Beverages,Delivered,3,3.0,3416.12
ORD-102995,2024-08-18,Galle-South,Southern,Frozen,In Transit,3,,8783.96
ORD-103103,2024-06-09,Jaffna-North,Northern,Produce,Delayed,5,7.0,3205.41
ORD-100243,2024-08-25,Kurunegala-West,North-Western,Produce,In Transit,4,,3352.95
ORD-101339,2024-05-28,Jaffna-North,Northern,Beverages,Delivered,2,2.0,3304.63
ORD-102836,2024-12-18,Kandy-Hub,Central,Dairy,Delivered,3,3.0,4846.01
ORD-103021,2024-02-17,Kandy-Hub,Central,Beverages,Delayed,5,7.0,3485.32
ORD-103872,2024-11-11,Kurunegala-West,North-Western,Dairy,Delivered,5,5.0,4484.83
ORD-101442,2024-12-07,Galle-South,Southern,Produce,Delivered,5,5.0,3217.21
ORD-100261,2024-03-03,Colombo-Central,Western,Produce,In Transit,2,,2526.37
ORD-102819,2024-09-15,Kurunegala-West,North-Western,Produce,Delivered,2,2.0,1756.45
ORD-101689,2024-02-04,Galle-South,Southern,Frozen,Delivered,1,1.0,6189.25
ORD-101725,2024-10-12,Galle-South,Southern,Dry Goods,Delayed,2,4.0,2259.05
ORD-101203,2024-10-04,Colombo-Central,Western,Dairy,Delivered,1,1.0,5335.05
ORD-100834,2024-11-07,Kandy-Hub,Central,Dairy,Delivered,3,3.0,4974.3
ORD-101866,2024-02-10,Galle-South,Southern,Dry Goods,Delayed,3,6.0,1204.96
ORD-102496,2024-10-19,Jaffna-North,Northern,Frozen,Delivered,4,4.0,5500.28
ORD-102010,2024-06-30,Colombo-Central,Western,Dairy,Delivered,1,1.0,4408.91
ORD-100340,2024-08-19,Kandy-Hub,Central,Dry Goods,In Transit,4,,3151.26
ORD-103049,2024-09-15,Jaffna-North,Northern,Frozen,Delivered,3,3.0,8567.09
ORD-101601,2024-09-26,Kurunegala-West,North-Western,Frozen,Delivered,4,4.0,6434.34
ORD-103064,2024-09-15,Jaffna-North,Northern,Produce,Delivered,2,2.0,3567.98
ORD-104741,2024-06-17,Galle-South,Southern,Produce,Delivered,3,3.0,2336.28
ORD-100480,2024-04-15,Kurunegala-West,North-Western,Produce,Delivered,5,5.0,2433.23
ORD-102882,2024-07-24,Kurunegala-West,North-Western,Beverages,Delivered,3,3.0,4120.72
ORD-103605,2024-02-19,Kurunegala-West,North-Western,Frozen,Delivered,4,4.0,8328.09
ORD-103977,2024-12-26,Kandy-Hub,Central,Dairy,In Transit,2,,2647.22
ORD-104842,2024-02-05,Jaffna-North,Northern,Dry Goods,Delivered,5,5.0,1965.87
ORD-104685,2024-09-22,Kandy-Hub,Central,Meat & Seafood,Delivered,2,2.0,15480.59
ORD-104832,2024-05-22,Kandy-Hub,Central,Frozen,Delivered,4,4.0,5183.68
ORD-104069,2024-02-06,Galle-South,Southern,Dairy,Delivered,5,5.0,5973.21
ORD-101766,2024-07-03,Jaffna-North,Northern,Beverages,Delivered,4,4.0,4908.73
ORD-104518,2024-09-16,Kurunegala-West,North-Western,Frozen,Delivered,1,1.0,5419.58
ORD-102453,2024-06-20,Kurunegala-West,North-Western,Frozen,Delivered,3,3.0,5971.41
ORD-103339,2024-11-12,Galle-South,Southern,Meat & Seafood,Delayed,4,7.0,9918.41
ORD-103889,2024-10-27,Colombo-Central,Western,Frozen,Delivered,4,4.0,5203.18
ORD-104095,2024-07-18,Kandy-Hub,Central,Produce,Delivered,1,1.0,3650.86
ORD-104724,2024-04-16,Kandy-Hub,Central,Beverages,Delivered,1,1.0,4389.55
ORD-103752,2024-12-16,Galle-South,Southern,Meat & Seafood,Delivered,5,5.0,16969.13
ORD-101271,2024-02-09,Jaffna-North,Northern,Beverages,Cancelled,5,,4746.41
ORD-104569,2024-03-15,Kurunegala-West,North-Western,Meat & Seafood,Delivered,1,1.0,18834.06
ORD-104546,2024-08-03,Colombo-Central,Western,Meat & Seafood,Delivered,1,1.0,15414.16
ORD-103790,2024-02-10,Galle-South,Southern,Dairy,Delayed,5,9.0,5239.44
ORD-104184,2024-01-21,Kurunegala-West,North-Western,Dry Goods,Delayed,4,8.0,1268.24
ORD-100347,2024-12-07,Galle-South,Southern,Dairy,Delivered,4,4.0,4815.18
ORD-103957,2024-09-24,Kurunegala-West,North-Western,Beverages,Delivered,1,1.0,5288.34
ORD-104670,2024-02-04,Jaffna-North,Northern,Meat & Seafood,Delivered,3,3.0,11512.96
ORD-102562,2024-08-31,Galle-South,Southern,Beverages,Delayed,2,3.0,2037.59
ORD-104635,2024-10-05,Galle-South,Southern,Meat & Seafood,Delivered,5,5.0,10690.09
ORD-101423,2024-09-03,Jaffna-North,Northern,Dry Goods,Delivered,2,2.0,2812.09
ORD-100656,2024-10-06,Kurunegala-West,North-Western,Beverages,In Transit,2,,2816.36
ORD-102102,2024-03-03,Jaffna-North,Northern,Dairy,Delivered,2,2.0,3058.94
ORD-100632,2024-06-07,Galle-South,Southern,Dry Goods,Delayed,5,6.0,2795.95
ORD-102951,2024-07-04,Kandy-Hub,Central,Dairy,In Transit,5,,5234.8
ORD-102493,2024-08-10,Kandy-Hub,Central,Meat & Seafood,Delivered,5,5.0,15246.52
ORD-102665,2024-07-14,Galle-South,Southern,Dry Goods,Cancelled,3,,1302.28
ORD-104127,2024-02-03,Kurunegala-West,North-Western,Dairy,Cancelled,4,,4614.92
ORD-104304,2024-09-01,Galle-South,Southern,Dairy,Delivered,5,5.0,3946.65
ORD-104623,2024-01-29,Jaffna-North,Northern,Produce,In Transit,2,,2112.3
ORD-103159,2024-11-14,Galle-South,Southern,Meat & Seafood,Delivered,3,3.0,10862.72
ORD-103667,2024-03-07,Galle-South,Southern,Meat & Seafood,In Transit,1,,11401.38
ORD-102500,2024-09-12,Kurunegala-West,North-Western,Produce,Delayed,5,8.0,2582.68
ORD-101465,2024-02-10,Galle-South,Southern,Beverages,Delivered,4,4.0,2575.18
ORD-103151,2024-03-23,Galle-South,Southern,Dry Goods,Delivered,2,2.0,3272.74
ORD-100115,2024-07-26,Kandy-Hub,Central,Dry Goods,Delayed,2,6.0,2681.96
ORD-101821,2024-10-06,Jaffna-North,Northern,Meat & Seafood,Delivered,5,5.0,8829.28
ORD-101494,2024-05-29,Kandy-Hub,Central,Meat & Seafood,Delivered,1,1.0,16262.2
ORD-102401,2024-07-25,Kurunegala-West,North-Western,Dry Goods,Delivered,5,5.0,3231.68
ORD-101232,2024-12-20,Colombo-Central,Western,Dairy,Delivered,3,3.0,2915.17
ORD-102661,2024-10-09,Galle-South,Southern,Frozen,Delivered,2,2.0,11487.69
ORD-102817,2024-11-12,Galle-South,Southern,Dry Goods,Delivered,3,3.0,1165.03
ORD-103438,2024-12-07,Kandy-Hub,Central,Frozen,Delivered,5,5.0,9297.75
ORD-104618,2024-08-19,Galle-South,Southern,Produce,Delivered,2,2.0,3177.01
ORD-101153,2024-11-27,Kandy-Hub,Central,Meat & Seafood,Delivered,3,3.0,18787.43
ORD-104816,2024-11-14,Kandy-Hub,Central,Meat & Seafood,Delayed,1,4.0,12836.44
ORD-100057,2024-02-26,Kurunegala-West,North-Western,Dry Goods,Delivered,4,4.0,2262.27
ORD-103463,2024-01-19,Colombo-Central,Western,Dry Goods,Delivered,2,2.0,1306.98
ORD-104332,2024-11-10,Jaffna-North,Northern,Frozen,Delivered,2,2.0,9270.04
ORD-104995,2024-03-18,Galle-South,Southern,Dry Goods,In Transit,1,,1733.12
ORD-101735,2024-10-18,Jaffna-North,Northern,Beverages,Delivered,2,2.0,4884.8
ORD-102823,2024-12-22,Galle-South,Southern,Beverages,Delivered,1,1.0,2352.61
ORD-102196,2024-04-16,Kandy-Hub,Central,Dairy,Delivered,3,3.0,5467.01
ORD-103623,2024-06-09,Jaffna-North,Northern,Produce,Delivered,1,1.0,2203.21
ORD-102475,2024-06-03,Jaffna-North,Northern,Beverages,Delivered,2,2.0,3021.18
ORD-102564,2024-06-09,Kandy-Hub,Central,Beverages,Delivered,3,3.0,4535.21
ORD-103764,2024-05-30,Kandy-Hub,Central,Frozen,Delivered,4,4.0,9823.68
ORD-102608,2024-07-11,Kandy-Hub,Central,Frozen,In Transit,4,,9800.74
ORD-103728,2024-05-04,Kurunegala-West,North-Western,Frozen,Delivered,3,3.0,10833.88
ORD-100707,2024-07-27,Kandy-Hub,Central,Dry Goods,Delivered,2,2.0,1014.53
ORD-104324,2024-12-20,Galle-South,Southern,Produce,Delivered,4,4.0,2481.24
ORD-101093,2024-05-23,Galle-South,Southern,Meat & Seafood,Delivered,4,4.0,19372.98
ORD-103632,2024-01-14,Galle-South,Southern,Beverages,Delivered,2,2.0,4056.0
ORD-101376,2024-12-17,Colombo-Central,Western,Meat & Seafood,In Transit,4,,11032.89
ORD-104963,2024-03-26,Kandy-Hub,Central,Meat & Seafood,Delivered,4,4.0,10942.82
ORD-100072,2024-06-17,Colombo-Central,Western,Frozen,Delivered,2,2.0,11206.31
ORD-101922,2024-10-28,Galle-South,Southern,Dairy,Delivered,1,1.0,4321.15
ORD-103238,2024-11-18,Galle-South,Southern,Dairy,Delayed,2,6.0,4339.02
ORD-101764,2024-07-29,Galle-South,Southern,Frozen,Delivered,4,4.0,9865.16
ORD-100743,2024-04-08,Galle-South,Southern,Meat & Seafood,Delivered,1,1.0,10256.48
ORD-102937,2024-09-20,Galle-South,Southern,Meat & Seafood,In Transit,2,,19649.42
ORD-101005,2024-12-02,Kandy-Hub,Central,Dairy,Delivered,4,4.0,3730.12
ORD-102668,2024-01-28,Kandy-Hub,Central,Meat & Seafood,In Transit,2,,15498.61
ORD-101190,2024-05-31,Kurunegala-West,North-Western,Produce,Delivered,3,3.0,3094.73
ORD-104874,2024-03-10,Kurunegala-West,North-Western,Frozen,Delivered,5,5.0,5052.56
ORD-102601,2024-03-19,Colombo-Central,Western,Produce,Delayed,2,6.0,2872.02
ORD-101125,2024-11-03,Kandy-Hub,Central,Dairy,Delivered,3,3.0,5278.73
ORD-101241,2024-10-10,Colombo-Central,Western,Frozen,Delivered,1,1.0,8238.15
ORD-102908,2024-02-16,Colombo-Central,Western,Produce,Delivered,5,5.0,1567.05
ORD-104172,2024-07-03,Colombo-Central,Western,Produce,Delivered,2,2.0,
ORD-104876,2024-05-30,Kurunegala-West,North-Western,Dairy,Delivered,4,4.0,5128.03
ORD-100998,2024-12-17,Jaffna-North,Northern,Dry Goods,Delivered,4,4.0,1126.48
ORD-103454,2024-10-25,Kurunegala-West,North-Western,Produce,In Transit,4,,1990.87
ORD-102684,2024-07-03,Galle-South,Southern,Dairy,Delivered,1,1.0,5060.73
ORD-101577,2024-10-18,Colombo-Central,Western,Beverages,Delivered,3,3.0,3657.95
ORD-104839,2024-12-05,Galle-South,Southern,Dairy,Delivered,3,3.0,5801.08
ORD-101826,2024-02-08,Galle-South,Southern,Dry Goods,Delivered,5,5.0,3237.98
ORD-103920,2024-12-08,Jaffna-North,Northern,Produce,Delayed,5,8.0,3298.53
ORD-102099,2024-03-31,Kurunegala-West,North-Western,Dry Goods,Delivered,2,2.0,2516.57
ORD-103606,2024-04-29,Kandy-Hub,Central,Meat & Seafood,Delayed,3,7.0,8855.68
ORD-100440,2024-12-21,Galle-South,Southern,Frozen,Delivered,5,5.0,10401.03
ORD-102586,2024-05-14,Kurunegala-West,North-Western,Meat & Seafood,Delivered,2,2.0,18988.57
ORD-101100,2024-06-24,Kandy-Hub,Central,Meat & Seafood,Delivered,1,1.0,17731.14
ORD-104089,2024-12-24,Kandy-Hub,Central,Meat & Seafood,Delivered,1,1.0,11605.89
ORD-103121,2024-12-30,Kurunegala-West,North-Western,Frozen,Delivered,1,1.0,10555.04
ORD-100649,2024-11-05,Kurunegala-West,North-Western,Dairy,Delivered,4,4.0,4239.69
ORD-101546,2024-09-07,Jaffna-North,Northern,Meat & Seafood,Delivered,4,4.0,19551.17
ORD-103806,2024-02-07,Galle-South,Southern,Meat & Seafood,Delivered,2,2.0,19911.85
ORD-103630,2024-06-18,Galle-South,Southern,Frozen,Delivered,3,3.0,5651.55
ORD-104189,2024-11-24,Kandy-Hub,Central,Beverages,Delivered,1,1.0,5029.17
ORD-104651,2024-12-25,Galle-South,Southern,Frozen,In Transit,4,,8523.74
ORD-103814,2024-05-19,Galle-South,Southern,Beverages,Delivered,5,5.0,5290.86
ORD-100630,2024-09-25,Galle-South,Southern,Dairy,Delivered,3,3.0,3733.88
ORD-100672,2024-08-20,Kurunegala-West,North-Western,Produce,Delivered,3,3.0,3952.9
ORD-101249,2024-12-22,Colombo-Central,Western,Dairy,Delivered,5,5.0,2580.58
ORD-100482,2024-04-01,Kandy-Hub,Central,Meat & Seafood,In Transit,5,,12897.7
ORD-101584,2024-08-20,Jaffna-North,Northern,Frozen,Delivered,2,2.0,9190.41
ORD-103137,2024-06-23,Kurunegala-West,North-Western,Dry Goods,In Transit,4,,3416.75
ORD-104674,2024-10-30,Galle-South,Southern,Meat & Seafood,Cancelled,2,,18133.93
ORD-103100,2024-05-13,Galle-South,Southern,Produce,Delayed,4,8.0,3092.3
ORD-101462,2024-01-18,Kandy-Hub,Central,Dry Goods,Delayed,4,8.0,1749.79
ORD-104006,2024-04-01,Jaffna-North,Northern,Produce,Delivered,5,5.0,3149.61
ORD-103694,2024-05-24,Galle-South,Southern,Dairy,Delivered,2,2.0,3047.67
ORD-100393,2024-08-06,Kurunegala-West,North-Western,Frozen,Delivered,4,4.0,5830.48
ORD-102578,2024-12-19,Jaffna-North,Northern,Frozen,Delayed,2,3.0,10412.42
ORD-104034,2024-06-04,Kurunegala-West,North-Western,Dry Goods,Delivered,2,2.0,1644.52
ORD-100049,2024-10-11,Kurunegala-West,North-Western,Dry Goods,Delivered,4,4.0,
ORD-104333,2024-11-22,Kurunegala-West,North-Western,Beverages,Delivered,1,1.0,2845.84
ORD-103119,2024-11-12,Kurunegala-West,North-Western,Produce,Delayed,1,4.0,2888.0
ORD-100858,2024-09-01,Kandy-Hub,Central,Dairy,In Transit,4,,2888.47
ORD-101072,2024-10-03,Jaffna-North,Northern,Frozen,Delayed,5,9.0,6435.84
ORD-100719,2024-08-06,Galle-South,Southern,Beverages,Delayed,3,7.0,5402.77
ORD-104790,2024-03-12,Kandy-Hub,Central,Meat & Seafood,Delivered,2,2.0,16162.11
ORD-102631,2024-09-05,Kandy-Hub,Central,Dry Goods,Delivered,5,5.0,3158.33
ORD-104923,2024-09-04,Colombo-Central,Western,Dry Goods,Delivered,1,1.0,3386.72
ORD-101660,2024-08-14,Colombo-Central,Western,Frozen,Delivered,4,4.0,8180.91
ORD-101656,2024-11-05,Kurunegala-West,North-Western,Frozen,Delivered,5,5.0,11748.04
ORD-102425,2024-07-23,Kurunegala-West,North-Western,Frozen,Cancelled,5,,11996.69
ORD-103996,2024-01-10,Kandy-Hub,Central,Meat & Seafood,Delivered,3,3.0,12667.05
ORD-104272,2024-12-06,Kurunegala-West,North-Western,Dry Goods,Delivered,5,5.0,2435.5
ORD-104767,2024-01-04,Kandy-Hub,Central,Dairy,Delivered,1,1.0,4177.74
ORD-103375,2024-07-03,Colombo-Central,Western,Meat & Seafood,Delivered,3,3.0,15718.74
ORD-104521,2024-09-11,Galle-South,Southern,Meat & Seafood,Delivered,2,2.0,12740.14
ORD-103371,2024-03-27,Kurunegala-West,North-Western,Frozen,Delivered,1,1.0,10925.86
ORD-104800,2024-08-11,Jaffna-North,Northern,Meat & Seafood,Delivered,4,4.0,9673.18
ORD-104168,2024-07-04,Jaffna-North,Northern,Meat & Seafood,Delivered,3,3.0,14811.1
ORD-102606,2024-07-13,Galle-South,Southern,Dry Goods,Delivered,1,1.0,1067.58
ORD-101385,2024-03-26,Galle-South,Southern,Dry Goods,Delivered,1,1.0,3480.03
ORD-103909,2024-11-26,Galle-South,Southern,Beverages,Delivered,4,4.0,2478.04
ORD-101399,2024-04-19,Kurunegala-West,North-Western,Dairy,Delivered,3,3.0,2635.11
ORD-101195,2024-08-19,Kandy-Hub,Central,Frozen,Delivered,1,1.0,7255.9
ORD-101408,2024-01-01,Galle-South,Southern,Dry Goods,Delivered,5,5.0,2859.0
ORD-103898,2024-04-20,Jaffna-North,Northern,Meat & Seafood,Delivered,1,1.0,14500.14
ORD-101798,2024-06-23,Galle-South,Southern,Meat & Seafood,Delivered,5,5.0,18341.03
ORD-101475,2024-04-20,Kandy-Hub,Central,Beverages,Delivered,4,4.0,3377.14
ORD-103282,2024-12-19,Colombo-Central,Western,Beverages,Delivered,1,1.0,3885.3
ORD-100035,2024-01-24,Kandy-Hub,Central,Frozen,Cancelled,2,,5984.6
ORD-103611,2024-09-06,Colombo-Central,Western,Beverages,Delivered,3,3.0,3850.63
ORD-102345,2024-04-03,Kandy-Hub,Central,Frozen,Delivered,2,2.0,9854.42
ORD-104930,2024-01-06,Kandy-Hub,Central,Frozen,Delivered,1,1.0,5226.14
ORD-102359,2024-03-17,Colombo-Central,Western,Frozen,Delivered,1,1.0,8788.02
ORD-102206,2024-02-19,Kurunegala-West,North-Western,Produce,Delayed,2,3.0,3640.13
ORD-104944,2024-01-14,Colombo-Central,Western,Frozen,Delivered,3,3.0,11363.16
ORD-101286,2024-11-27,Colombo-Central,Western,Dairy,Delivered,4,4.0,5087.94
ORD-100349,2024-03-01,Galle-South,Southern,Produce,Delayed,2,4.0,3981.67
ORD-102137,2024-01-09,Kurunegala-West,North-Western,Produce,Delayed,2,6.0,1520.5
ORD-102691,2024-08-09,Galle-South,Southern,Dry Goods,Delivered,1,1.0,3395.13
ORD-103040,2024-05-24,Kurunegala-West,North-Western,Dairy,In Transit,4,,5710.68
ORD-103189,2024-10-31,Kandy-Hub,Central,Meat & Seafood,Cancelled,1,,13849.6
ORD-101681,2024-01-05,Kandy-Hub,Central,Frozen,Delivered,1,1.0,5994.81
ORD-104099,2024-05-02,Kandy-Hub,Central,Produce,Delivered,1,1.0,2686.48
ORD-101443,2024-06-07,Kurunegala-West,North-Western,Dairy,Delayed,4,7.0,5679.46
ORD-103309,2024-12-10,Galle-South,Southern,Dry Goods,In Transit,3,,1118.99
ORD-101671,2024-07-25,Kandy-Hub,Central,Dairy,Delivered,2,2.0,3475.99
ORD-103013,2024-09-25,Galle-South,Southern,Meat & Seafood,Delivered,5,5.0,19035.82
ORD-101179,2024-01-10,Kurunegala-West,North-Western,Dry Goods,Delivered,5,5.0,
ORD-102798,2024-09-15,Galle-South,Southern,Dry Goods,Delivered,3,3.0,3087.45
ORD-101692,2024-08-27,Kurunegala-West,North-Western,Beverages,Delivered,4,4.0,2069.71
ORD-103950,2024-05-17,Colombo-Central,Western,Beverages,Delayed,1,5.0,4548.33
ORD-100372,2024-05-29,Kandy-Hub,Central,Produce,Delivered,4,4.0,2742.99
ORD-103683,2024-07-27,Colombo-Central,Western,Meat & Seafood,In Transit,2,,19923.78
ORD-101916,2024-04-13,Colombo-Central,Western,Frozen,Delivered,5,5.0,8003.89
ORD-101357,2024-02-19,Colombo-Central,Western,Beverages,Cancelled,2,,5380.54
ORD-101825,2024-11-25,Galle-South,Southern,Dry Goods,Delivered,4,4.0,3160.52
ORD-100786,2024-01-12,Jaffna-North,Northern,Dairy,Delivered,1,1.0,4621.52
ORD-100469,2024-12-06,Kandy-Hub,Central,Beverages,Delivered,4,4.0,5298.98
ORD-100140,2024-12-24,Kandy-Hub,Central,Frozen,Delivered,1,1.0,5616.09
ORD-100788,2024-07-17,Galle-South,Southern,Dairy,Delivered,1,1.0,3406.1
ORD-100323,2024-11-30,Kandy-Hub,Central,Meat & Seafood,Delivered,2,2.0,17932.5
ORD-100050,2024-10-04,Galle-South,Southern,Produce,In Transit,1,,3478.07
ORD-100714,2024-12-01,Kurunegala-West,North-Western,Produce,Delivered,2,2.0,3873.48
ORD-104533,2024-10-01,Jaffna-North,Northern,Produce,Delivered,1,1.0,3547.16
ORD-102840,2024-06-08,Galle-South,Southern,Dairy,Delayed,4,8.0,4851.46
ORD-102446,2024-10-09,Colombo-Central,Western,Dairy,Delayed,4,5.0,
ORD-104862,2024-11-21,Kurunegala-West,North-Western,Dry Goods,Delivered,1,1.0,1253.5
ORD-104463,2024-08-27,Kurunegala-West,North-Western,Produce,Delivered,2,2.0,2824.12
ORD-104641,2024-01-12,Jaffna-North,Northern,Dairy,Delivered,1,1.0,5491.7
ORD-103076,2024-02-09,Galle-South,Southern,Dairy,Delayed,1,5.0,5118.4
ORD-102666,2024-03-28,Galle-South,Southern,Frozen,In Transit,5,,5682.38
ORD-100406,2024-06-07,Jaffna-North,Northern,Produce,Delivered,3,3.0,
ORD-103427,2024-11-18,Colombo-Central,Western,Dry Goods,In Transit,2,,1033.54
ORD-101004,2024-02-16,Galle-South,Southern,Dry Goods,Delivered,5,5.0,2149.28
ORD-103066,2024-10-29,Kandy-Hub,Central,Beverages,Delivered,5,5.0,3715.36
ORD-100890,2024-02-06,Jaffna-North,Northern,Frozen,Delivered,3,3.0,11848.39
ORD-102411,2024-01-19,Colombo-Central,Western,Beverages,Delivered,4,4.0,2160.71
ORD-102545,2024-05-25,Jaffna-North,Northern,Dry Goods,Delivered,4,4.0,2039.29
ORD-103504,2024-01-07,Colombo-Central,Western,Dairy,Delayed,5,6.0,3724.25
ORD-102390,2024-06-14,Kurunegala-West,North-Western,Dairy,Delivered,1,1.0,5678.16
ORD-104017,2024-02-25,Jaffna-North,Northern,Dairy,Delivered,4,4.0,2811.51
ORD-100042,2024-09-12,Kandy-Hub,Central,Frozen,Delivered,5,5.0,8799.85
ORD-102830,2024-12-02,Colombo-Central,Western,Meat & Seafood,Delivered,3,3.0,9905.61
ORD-104883,2024-02-28,Colombo-Central,Western,Beverages,Delivered,5,5.0,4973.05
ORD-100303,2024-11-23,Galle-South,Southern,Dairy,Delivered,4,4.0,5306.22
ORD-104558,2024-09-30,Jaffna-North,Northern,Frozen,Delivered,5,5.0,7471.31
ORD-103820,2024-02-16,Galle-South,Southern,Frozen,Delivered,1,1.0,10235.15
ORD-100664,2024-08-06,Galle-South,Southern,Produce,Delivered,1,1.0,3495.21
ORD-101177,2024-03-10,Galle-South,Southern,Frozen,Delivered,5,5.0,8721.84
ORD-102676,2024-12-17,Jaffna-North,Northern,Frozen,Delivered,1,1.0,5557.03
ORD-101947,2024-11-30,Galle-South,Southern,Meat & Seafood,Delivered,1,1.0,14078.14
ORD-102501,2024-02-06,Colombo-Central,Western,Beverages,Delayed,4,6.0,3136.7
ORD-101473,2024-03-16,Kurunegala-West,North-Western,Dry Goods,Delivered,1,1.0,
ORD-103553,2024-09-17,Galle-South,Southern,Frozen,Delivered,4,4.0,10266.25
ORD-103785,2024-07-21,Galle-South,Southern,Dairy,Delivered,3,3.0,
ORD-102132,2024-07-08,Jaffna-North,Northern,Produce,Delivered,2,2.0,
ORD-101026,2024-01-29,Galle-South,Southern,Beverages,Delayed,2,6.0,3064.24
ORD-102989,2024-06-05,Kandy-Hub,Central,Meat & Seafood,Delivered,2,2.0,12171.9
ORD-100961,2024-05-29,Jaffna-North,Northern,Dairy,Delivered,2,2.0,4863.94
ORD-102889,2024-03-12,Colombo-Central,Western,Produce,Delivered,1,1.0,3199.08
ORD-103275,2024-12-03,Kurunegala-West,North-Western,Beverages,Delivered,5,5.0,4133.43
ORD-102009,2024-08-18,Jaffna-North,Northern,Dairy,Delivered,1,1.0,5916.84
ORD-102149,2024-11-07,Kandy-Hub,Central,Beverages,Delivered,3,3.0,3280.3
ORD-104679,2024-01-26,Colombo-Central,Western,Meat & Seafood,Delivered,1,1.0,19811.06
ORD-102338,2024-01-16,Colombo-Central,Western,Dairy,In Transit,1,,3281.57
ORD-103965,2024-11-06,Jaffna-North,Northern,Produce,Delayed,5,6.0,2587.25
ORD-100304,2024-07-17,Kandy-Hub,Central,Meat & Seafood,Delivered,2,2.0,9508.49
ORD-101440,2024-10-11,Kurunegala-West,North-Western,Beverages,Delivered,4,4.0,3061.46
ORD-101496,2024-07-20,Jaffna-North,Northern,Frozen,Delayed,3,7.0,9690.33
ORD-102652,2024-12-26,Kandy-Hub,Central,Meat & Seafood,Delivered,1,1.0,10751.92
ORD-102875,2024-07-07,Jaffna-North,Northern,Produce,Delayed,2,4.0,2260.77
ORD-100916,2024-07-17,Kandy-Hub,Central,Frozen,In Transit,5,,6114.31
ORD-104224,2024-10-12,Colombo-Central,Western,Beverages,Delivered,4,4.0,2238.01
ORD-103794,2024-11-21,Galle-South,Southern,Dry Goods,Delivered,4,4.0,3247.99
ORD-102772,2024-03-15,Galle-South,Southern,Dry Goods,Delivered,3,3.0,1129.76
ORD-101624,2024-07-20,Galle-South,Southern,Dry Goods,In Transit,3,,2270.03
ORD-103911,2024-12-20,Kandy-Hub,Central,Frozen,Delivered,2,2.0,10966.56
ORD-100821,2024-08-30,Jaffna-North,Northern,Produce,Delivered,3,3.0,2893.82
ORD-103366,2024-08-14,Kandy-Hub,Central,Dairy,Delivered,5,5.0,3931.51
ORD-101354,2024-03-21,Jaffna-North,Northern,Meat & Seafood,Delivered,5,5.0,12683.16
ORD-104542,2024-12-04,Kandy-Hub,Central,Dry Goods,In Transit,5,,3078.33
ORD-100850,2024-12-23,Colombo-Central,Western,Dairy,In Transit,3,,2982.88
ORD-101000,2024-10-22,Jaffna-North,Northern,Meat & Seafood,Delivered,2,2.0,19985.89
ORD-104387,2024-01-22,Kurunegala-West,North-Western,Frozen,Delivered,2,2.0,7300.16
ORD-100018,2024-11-02,Jaffna-North,Northern,Beverages,Delivered,2,2.0,5363.68
ORD-101637,2024-08-14,Colombo-Central,Western,Frozen,Delivered,4,4.0,8394.66
ORD-101667,2024-09-04,Kandy-Hub,Central,Dry Goods,Delivered,2,2.0,3160.84
ORD-100493,2024-08-08,Kandy-Hub,Central,Dry Goods,In Transit,5,,2662.03
ORD-101347,2024-09-12,Kurunegala-West,North-Western,Dry Goods,Delivered,3,3.0,1483.5
ORD-103018,2024-08-06,Kandy-Hub,Central,Meat & Seafood,Delivered,2,2.0,18841.06
ORD-103800,2024-12-02,Jaffna-North,Northern,Frozen,Delivered,2,2.0,9158.46
ORD-103321,2024-02-29,Galle-South,Southern,Produce,Delivered,3,3.0,3239.12
ORD-104216,2024-06-27,Jaffna-North,Northern,Dairy,Delivered,3,3.0,4098.83
ORD-103551,2024-07-09,Colombo-Central,Western,Frozen,Delivered,4,4.0,9073.56
ORD-100687,2024-08-04,Kandy-Hub,Central,Dry Goods,Delivered,2,2.0,3074.93
ORD-103804,2024-01-09,Galle-South,Southern,Beverages,Delayed,5,9.0,5077.37
ORD-101608,2024-03-27,Colombo-Central,Western,Dry Goods,Delayed,1,3.0,2418.31
ORD-104590,2024-09-10,Kandy-Hub,Central,Dry Goods,Delivered,4,4.0,3253.3
ORD-103470,2024-03-22,Galle-South,Southern,Dry Goods,Delivered,3,3.0,1740.53
ORD-101009,2024-07-08,Colombo-Central,Western,Meat & Seafood,In Transit,3,,13883.7
ORD-102408,2024-06-18,Galle-South,Southern,Produce,Delivered,4,4.0,3584.21
ORD-101092,2024-11-03,Colombo-Central,Western,Dairy,In Transit,3,,3250.05
ORD-101327,2024-01-31,Jaffna-North,Northern,Dairy,Cancelled,1,,4129.38
ORD-101677,2024-06-02,Kandy-Hub,Central,Frozen,Delivered,4,4.0,11478.02
ORD-101999,2024-04-12,Kurunegala-West,North-Western,Beverages,Delivered,4,4.0,3707.03
ORD-101310,2024-07-10,Galle-South,Southern,Meat & Seafood,Delayed,3,4.0,9902.23
ORD-104698,2024-04-19,Jaffna-North,Northern,Produce,Delivered,3,3.0,1605.12
ORD-101987,2024-03-18,Jaffna-North,Northern,Meat & Seafood,Delivered,3,3.0,8246.66
ORD-103721,2024-07-31,Kandy-Hub,Central,Produce,Delivered,1,1.0,2537.39
ORD-100344,2024-11-26,Kandy-Hub,Central,Beverages,Delivered,2,2.0,5313.88
ORD-104228,2024-05-06,Kurunegala-West,North-Western,Beverages,Delayed,3,5.0,2754.25
ORD-100986,2024-08-13,Kurunegala-West,North-Western,Meat & Seafood,In Transit,1,,13027.44
ORD-103926,2024-07-02,Kandy-Hub,Central,Frozen,Delayed,3,4.0,6467.76
ORD-103880,2024-11-11,Galle-South,Southern,Produce,Delivered,2,2.0,2780.64
ORD-104356,2024-12-18,Jaffna-North,Northern,Meat & Seafood,Delivered,5,5.0,15676.29
ORD-104081,2024-04-13,Colombo-Central,Western,Dry Goods,Delayed,4,7.0,3038.38
ORD-103154,2024-01-26,Galle-South,Southern,Meat & Seafood,Delivered,3,3.0,11942.85
ORD-104635,2024-10-05,Galle-South,Southern,Meat & Seafood,Delivered,5,5.0,10690.09
ORD-101142,2024-12-05,Galle-South,Southern,Beverages,Delivered,5,5.0,4849.46
ORD-102358,2024-08-16,Kurunegala-West,North-Western,Meat & Seafood,Delivered,5,5.0,13591.9
ORD-101198,2024-10-20,Colombo-Central,Western,Dry Goods,Delivered,2,2.0,
ORD-100085,2024-09-12,Kandy-Hub,Central,Produce,Delivered,1,1.0,1645.13
ORD-101518,2024-06-29,Colombo-Central,Western,Dairy,Delayed,4,8.0,5771.11
ORD-100516,2024-11-17,Galle-South,Southern,Beverages,Delayed,3,6.0,2627.7
ORD-101381,2024-04-13,Colombo-Central,Western,Dry Goods,In Transit,2,,2898.12
ORD-102716,2024-06-07,Jaffna-North,Northern,Dairy,Delivered,2,2.0,3303.44
ORD-104672,2024-03-17,Kurunegala-West,North-Western,Produce,Delivered,1,1.0,3551.46
ORD-101014,2024-07-08,Galle-South,Southern,Frozen,Delivered,2,2.0,5504.15
ORD-100128,2024-07-28,Jaffna-North,Northern,Produce,Delivered,4,4.0,1773.32
ORD-101364,2024-07-21,Kurunegala-West,North-Western,Meat & Seafood,Delivered,1,1.0,8903.46
ORD-104888,2024-05-03,Kurunegala-West,North-Western,Beverages,Delayed,2,6.0,2267.44
ORD-104055,2024-05-17,Jaffna-North,Northern,Produce,Delivered,5,5.0,3405.53
ORD-103626,2024-10-08,Jaffna-North,Northern,Dairy,Delivered,2,2.0,5721.64
ORD-100891,2024-09-16,Galle-South,Southern,Produce,Delivered,3,3.0,3981.33
ORD-102793,2024-07-14,Kandy-Hub,Central,Beverages,Delivered,2,2.0,5199.39
ORD-104251,2024-05-20,Jaffna-North,Northern,Meat & Seafood,Delivered,1,1.0,19736.74
ORD-101359,2024-05-13,Galle-South,Southern,Frozen,Delivered,5,5.0,10719.92
ORD-100307,2024-07-21,Jaffna-North,Northern,Produce,Delivered,4,4.0,2254.65
ORD-101661,2024-08-10,Kurunegala-West,North-Western,Beverages,In Transit,2,,4783.27
ORD-102431,2024-07-09,Kurunegala-West,North-Western,Dairy,Delivered,1,1.0,5568.24
ORD-104011,2024-11-19,Kandy-Hub,Central,Frozen,Cancelled,4,,5917.18
ORD-101317,2024-08-03,Kurunegala-West,North-Western,Dairy,Delayed,5,9.0,3183.89
ORD-104347,2024-02-25,Kandy-Hub,Central,Dry Goods,Delivered,3,3.0,1796.1
ORD-102474,2024-02-08,Galle-South,Southern,Beverages,Delivered,2,2.0,4621.88
ORD-102542,2024-12-15,Kandy-Hub,Central,Dairy,Delivered,5,5.0,5747.4
ORD-101246,2024-11-09,Jaffna-North,Northern,Dairy,Delivered,5,5.0,3417.56
ORD-101208,2024-04-13,Kandy-Hub,Central,Dry Goods,Delivered,1,1.0,2992.8
ORD-100216,2024-01-29,Jaffna-North,Northern,Dry Goods,Delivered,1,1.0,1088.56
ORD-104336,2024-10-03,Kandy-Hub,Central,Frozen,Delivered,5,5.0,10795.4
ORD-104666,2024-04-22,Jaffna-North,Northern,Produce,Delivered,1,1.0,3594.6
ORD-101239,2024-01-15,Kandy-Hub,Central,Dairy,Delivered,4,4.0,5227.47
ORD-102289,2024-06-01,Colombo-Central,Western,Dry Goods,In Transit,2,,2661.37
ORD-102740,2024-03-08,Colombo-Central,Western,Frozen,Delivered,2,2.0,9844.24
ORD-100275,2024-06-25,Kandy-Hub,Central,Dairy,Delivered,4,4.0,4627.82
ORD-100489,2024-08-09,Kandy-Hub,Central,Frozen,In Transit,5,,
ORD-101035,2024-09-28,Colombo-Central,Western,Produce,Delivered,3,3.0,3136.06
ORD-101229,2024-04-15,Galle-South,Southern,Dry Goods,Delivered,1,1.0,3138.32
ORD-104630,2024-02-23,Colombo-Central,Western,Dry Goods,Delivered,3,3.0,
ORD-101008,2024-09-24,Colombo-Central,Western,Frozen,In Transit,5,,9558.95
ORD-104777,2024-09-30,Kandy-Hub,Central,Dairy,Delivered,5,5.0,5163.2
ORD-104427,2024-06-25,Kurunegala-West,North-Western,Dry Goods,Delayed,1,4.0,2692.58
ORD-103247,2024-02-02,Kandy-Hub,Central,Frozen,Delayed,3,5.0,6565.14
ORD-102532,2024-12-03,Kurunegala-West,North-Western,Produce,Delayed,1,2.0,2134.47
ORD-104211,2024-09-16,Kandy-Hub,Central,Dairy,Delivered,5,5.0,5997.24
ORD-101058,2024-06-03,Jaffna-North,Northern,Meat & Seafood,Delivered,5,5.0,13813.01
ORD-102166,2024-04-25,Galle-South,Southern,Dry Goods,Cancelled,2,,1483.57
ORD-104140,2024-09-22,Galle-South,Southern,Dairy,Delayed,1,5.0,3183.08
ORD-103441,2024-01-09,Colombo-Central,Western,Frozen,In Transit,3,,9427.45
ORD-100281,2024-06-26,Jaffna-North,Northern,Dry Goods,Delivered,3,3.0,2461.37
ORD-104441,2024-05-09,Galle-South,Southern,Produce,Delivered,5,5.0,1926.71
ORD-101316,2024-09-16,Jaffna-North,Northern,Dairy,In Transit,3,,3118.17
ORD-104684,2024-07-07,Jaffna-North,Northern,Dry Goods,Delivered,5,5.0,2129.77
ORD-100968,2024-12-01,Colombo-Central,Western,Dairy,Delivered,5,5.0,5995.97
ORD-103990,2024-10-02,Colombo-Central,Western,Dairy,Delivered,3,3.0,4613.99
ORD-103997,2024-11-04,Kurunegala-West,North-Western,Meat & Seafood,Cancelled,3,,19355.85
ORD-103231,2024-03-18,Kandy-Hub,Central,Dairy,Delivered,1,1.0,4901.07
ORD-103589,2024-11-28,Kurunegala-West,North-Western,Dry Goods,Delivered,3,3.0,1418.32
ORD-100619,2024-02-21,Colombo-Central,Western,Produce,Delayed,2,6.0,2618.67
ORD-104390,2024-03-06,Kandy-Hub,Central,Produce,Delivered,2,2.0,1930.48
ORD-101742,2024-06-15,Galle-South,Southern,Dry Goods,Delivered,5,5.0,2472.41
ORD-101390,2024-04-21,Jaffna-North,Northern,Dairy,Delayed,5,6.0,5993.35
ORD-104866,2024-06-19,Kandy-Hub,Central,Dry Goods,In Transit,3,,
ORD-101847,2024-07-16,Galle-South,Southern,Produce,Delayed,3,6.0,2864.17
ORD-101579,2024-08-07,Galle-South,Southern,Frozen,Delivered,5,5.0,6212.93
ORD-101655,2024-03-25,Kurunegala-West,North-Western,Produce,In Transit,2,,3383.91
ORD-102352,2024-09-17,Kandy-Hub,Central,Dry Goods,Delivered,4,4.0,2945.55
ORD-102212,2024-08-08,Galle-South,Southern,Produce,In Transit,3,,1775.97
ORD-102020,2024-04-20,Galle-South,Southern,Frozen,In Transit,3,,
ORD-101117,2024-08-02,Kandy-Hub,Central,Beverages,Delivered,3,3.0,4777.57
ORD-101956,2024-07-11,Colombo-Central,Western,Meat & Seafood,Delivered,3,3.0,19060.16
ORD-101307,2024-03-27,Colombo-Central,Western,Frozen,Delayed,4,7.0,6892.16
ORD-102003,2024-06-16,Galle-South,Southern,Dairy,Delivered,2,2.0,5310.23
ORD-104500,2024-09-09,Kurunegala-West,North-Western,Dry Goods,Delivered,4,4.0,1291.58
ORD-100575,2024-05-16,Galle-South,Southern,Dry Goods,Delivered,4,4.0,3220.52
ORD-102360,2024-08-24,Colombo-Central,Western,Dairy,Delivered,1,1.0,3128.51
ORD-104245,2024-04-11,Jaffna-North,Northern,Meat & Seafood,In Transit,5,,8606.79
ORD-104481,2024-04-18,Kandy-Hub,Central,Dry Goods,Delivered,4,4.0,2268.68
ORD-101706,2024-12-24,Colombo-Central,Western,Meat & Seafood,Delivered,4,4.0,13857.32
ORD-103815,2024-01-27,Kandy-Hub,Central,Beverages,Delivered,4,4.0,3676.21
ORD-103540,2024-09-25,Galle-South,Southern,Dairy,Cancelled,4,,5750.06
ORD-101280,2024-09-27,Colombo-Central,Western,Produce,Delivered,2,2.0,1718.93
ORD-100861,2024-12-04,Galle-South,Southern,Frozen,In Transit,3,,11164.49
ORD-104187,2024-03-19,Kandy-Hub,Central,Beverages,Delivered,5,5.0,2602.08
ORD-101801,2024-06-19,Colombo-Central,Western,Beverages,Delivered,2,2.0,3099.65
ORD-101628,2024-05-21,Galle-South,Southern,Frozen,Delivered,3,3.0,9468.88
ORD-101993,2024-08-21,Jaffna-North,Northern,Dry Goods,Delivered,2,2.0,2241.61
ORD-102639,2024-11-07,Kurunegala-West,North-Western,Dry Goods,Delivered,5,5.0,2355.02
ORD-100269,2024-08-03,Galle-South,Southern,Meat & Seafood,Delivered,1,1.0,
ORD-100629,2024-05-13,Colombo-Central,Western,Frozen,Delivered,2,2.0,9999.63
ORD-103081,2024-10-26,Galle-South,Southern,Meat & Seafood,Delivered,3,3.0,12629.29
ORD-102334,2024-07-20,Kandy-Hub,Central,Beverages,Delayed,3,6.0,4174.98
ORD-102966,2024-03-28,Kandy-Hub,Central,Beverages,Delivered,2,2.0,4294.95
ORD-100300,2024-05-12,Colombo-Central,Western,Dairy,Delivered,2,2.0,4773.88
ORD-100459,2024-02-08,Kurunegala-West,North-Western,Produce,In Transit,4,,3238.14
ORD-101447,2024-12-16,Jaffna-North,Northern,Meat & Seafood,Delayed,2,4.0,8164.84
ORD-101472,2024-06-12,Galle-South,Southern,Meat & Seafood,Delayed,4,5.0,8639.32
ORD-102046,2024-06-14,Galle-South,Southern,Dry Goods,Delivered,3,3.0,2204.97
ORD-104271,2024-07-13,Colombo-Central,Western,Beverages,Delivered,4,4.0,2984.63
ORD-103837,2024-08-06,Colombo-Central,Western,Produce,Delivered,3,3.0,
ORD-102113,2024-11-28,Galle-South,Southern,Dairy,Delivered,3,3.0,2754.14
ORD-100027,2024-10-27,Colombo-Central,Western,Beverages,Delayed,4,6.0,2595.81
ORD-104628,2024-10-05,Jaffna-North,Northern,Produce,Delivered,1,1.0,3469.97
ORD-104567,2024-09-13,Galle-South,Southern,Dairy,Cancelled,5,,2701.24
ORD-100837,2024-03-13,Colombo-Central,Western,Dairy,Delivered,2,2.0,4031.09
ORD-104373,2024-10-25,Kandy-Hub,Central,Produce,Delivered,2,2.0,3756.94
ORD-103433,2024-05-02,Jaffna-North,Northern,Beverages,Delivered,5,5.0,2326.83
ORD-102008,2024-10-14,Kurunegala-West,North-Western,Dry Goods,Delayed,1,5.0,2505.22
ORD-104957,2024-05-16,Kurunegala-West,North-Western,Frozen,Delivered,5,5.0,6084.93
ORD-100503,2024-11-12,Jaffna-North,Northern,Dairy,Delivered,1,1.0,5384.65
ORD-103954,2024-08-04,Kurunegala-West,North-Western,Meat & Seafood,Delayed,3,5.0,17410.52
ORD-104348,2024-10-06,Colombo-Central,Western,Meat & Seafood,Delivered,3,3.0,8290.77
ORD-100380,2024-01-02,Colombo-Central,Western,Beverages,Delivered,2,2.0,3044.96
ORD-101851,2024-04-02,Galle-South,Southern,Produce,Delivered,2,2.0,3707.71
ORD-101525,2024-01-18,Colombo-Central,Western,Beverages,Delivered,2,2.0,2696.29
ORD-102365,2024-02-01,Galle-South,Southern,Beverages,Delivered,1,1.0,4222.04
ORD-104722,2024-12-10,Colombo-Central,Western,Beverages,Delayed,2,6.0,3102.53
ORD-103052,2024-10-01,Galle-South,Southern,Produce,In Transit,2,,2858.87
ORD-102884,2024-05-09,Kurunegala-West,North-Western,Dry Goods,Delayed,3,5.0,2122.29
ORD-102340,2024-06-03,Kurunegala-West,North-Western,Dry Goods,Delivered,3,3.0,2754.98
ORD-100374,2024-11-19,Jaffna-North,Northern,Beverages,Delivered,1,1.0,3641.35
ORD-103326,2024-02-28,Kandy-Hub,Central,Beverages,Delivered,3,3.0,3913.51
ORD-102381,2024-06-12,Colombo-Central,Western,Meat & Seafood,Delivered,1,1.0,14099.04
ORD-104353,2024-05-30,Colombo-Central,Western,Dairy,In Transit,3,,5849.9
ORD-100939,2024-07-04,Colombo-Central,Western,Dairy,Delivered,2,2.0,3677.36
ORD-104654,2024-02-14,Kurunegala-West,North-Western,Frozen,Delayed,1,5.0,10054.27
ORD-104207,2024-12-07,Jaffna-North,Northern,Dairy,Delivered,5,5.0,3343.85
ORD-102799,2024-05-24,Colombo-Central,Western,Beverages,Cancelled,3,,4966.64
ORD-102147,2024-12-07,Galle-South,Southern,Produce,Delivered,4,4.0,3692.35
ORD-103891,2024-12-03,Galle-South,Southern,Beverages,Delivered,2,2.0,2268.34
ORD-104585,2024-08-10,Kandy-Hub,Central,Beverages,Delayed,5,6.0,4264.53
ORD-104259,2024-01-10,Kandy-Hub,Central,Produce,Delivered,3,3.0,3225.79
ORD-102068,2024-04-30,Jaffna-North,Northern,Meat & Seafood,Delivered,1,1.0,14817.14
ORD-100529,2024-12-02,Colombo-Central,Western,Frozen,Delivered,3,3.0,7995.43
ORD-103803,2024-01-08,Jaffna-North,Northern,Dry Goods,Delayed,2,6.0,2228.51
ORD-100636,2024-03-26,Kandy-Hub,Central,Dairy,Delivered,4,4.0,2510.77
ORD-101269,2024-01-18,Jaffna-North,Northern,Dairy,Delivered,1,1.0,5875.3
ORD-100185,2024-06-11,Jaffna-North,Northern,Frozen,Delayed,4,8.0,10747.06
ORD-103892,2024-06-08,Jaffna-North,Northern,Meat & Seafood,Delayed,4,7.0,16864.96
ORD-103244,2024-09-23,Galle-South,Southern,Produce,Delayed,2,6.0,2492.13
ORD-104523,2024-12-26,Galle-South,Southern,Beverages,Delivered,3,3.0,2731.06
ORD-101797,2024-03-08,Jaffna-North,Northern,Dry Goods,In Transit,4,,2859.62
ORD-102979,2024-06-22,Kurunegala-West,North-Western,Meat & Seafood,In Transit,2,,9435.04
ORD-101441,2024-07-06,Kandy-Hub,Central,Beverages,Delivered,3,3.0,5492.35
ORD-104093,2024-06-11,Kurunegala-West,North-Western,Frozen,Delivered,3,3.0,5523.26
ORD-104924,2024-04-30,Colombo-Central,Western,Beverages,Delivered,5,5.0,4497.93
ORD-101535,2024-01-12,Jaffna-North,Northern,Dry Goods,Delivered,3,3.0,2079.4
ORD-103711,2024-12-30,Jaffna-North,Northern,Frozen,Delayed,4,8.0,8838.41
ORD-103188,2024-01-22,Colombo-Central,Western,Meat & Seafood,Delivered,3,3.0,17732.85
ORD-101273,2024-09-03,Kurunegala-West,North-Western,Produce,Delayed,1,4.0,2726.91
ORD-102467,2024-09-05,Galle-South,Southern,Produce,Delivered,4,4.0,1693.36
ORD-100607,2024-07-06,Galle-South,Southern,Frozen,Delayed,1,4.0,9052.53
ORD-103455,2024-11-11,Colombo-Central,Western,Produce,Cancelled,2,,3311.05
ORD-101712,2024-11-17,Galle-South,Southern,Meat & Seafood,Delivered,2,2.0,16626.49
ORD-102199,2024-03-02,Galle-South,Southern,Dairy,Delivered,4,4.0,3933.92
ORD-100955,2024-08-11,Jaffna-North,Northern,Frozen,Delivered,3,3.0,7311.63
ORD-102579,2024-07-26,Jaffna-North,Northern,Meat & Seafood,Delayed,4,5.0,15306.32
ORD-104609,2024-06-08,Kurunegala-West,North-Western,Dry Goods,Delivered,4,4.0,2088.43
ORD-104469,2024-09-30,Kurunegala-West,North-Western,Dry Goods,Delivered,4,4.0,2795.51
ORD-104315,2024-04-10,Colombo-Central,Western,Meat & Seafood,Delayed,2,4.0,11359.22
ORD-103758,2024-01-30,Kandy-Hub,Central,Meat & Seafood,Delivered,1,1.0,8620.57
ORD-100403,2024-12-20,Galle-South,Southern,Produce,Delivered,4,4.0,2038.29
ORD-102071,2024-08-24,Jaffna-North,Northern,Meat & Seafood,Delivered,3,3.0,8202.69
ORD-104804,2024-09-09,Kurunegala-West,North-Western,Produce,Delivered,2,2.0,1791.48
ORD-101977,2024-05-04,Kandy-Hub,Central,Meat & Seafood,Delayed,3,4.0,14331.66
ORD-100158,2024-07-03,Colombo-Central,Western,Meat & Seafood,Delivered,1,1.0,15066.28
ORD-101748,2024-10-20,Kandy-Hub,Central,Dairy,Delivered,2,2.0,3836.07
ORD-102909,2024-05-06,Colombo-Central,Western,Beverages,Delivered,5,5.0,5027.1
ORD-103604,2024-12-03,Colombo-Central,Western,Produce,In Transit,2,,3543.12
ORD-100902,2024-03-20,Colombo-Central,Western,Dairy,Delivered,2,2.0,3582.13
ORD-100352,2024-04-19,Colombo-Central,Western,Produce,Delivered,3,3.0,1926.38
ORD-101230,2024-10-26,Galle-South,Southern,Meat & Seafood,Delivered,3,3.0,12411.05
ORD-104717,2024-12-27,Colombo-Central,Western,Produce,Delivered,2,2.0,2224.43
ORD-102140,2024-09-12,Colombo-Central,Western,Frozen,Delayed,1,2.0,8241.05
ORD-100444,2024-07-04,Kandy-Hub,Central,Meat & Seafood,Delivered,4,4.0,12411.74
ORD-104998,2024-09-04,Galle-South,Southern,Frozen,Delivered,4,4.0,8860.91
ORD-100754,2024-07-21,Colombo-Central,Western,Beverages,Delivered,2,2.0,3432.19
ORD-101737,2024-02-06,Colombo-Central,Western,Dairy,Delivered,4,4.0,2650.22
ORD-102971,2024-01-19,Colombo-Central,Western,Meat & Seafood,Delivered,2,2.0,17311.49
ORD-100486,2024-05-01,Kandy-Hub,Central,Meat & Seafood,In Transit,4,,13748.55
ORD-102920,2024-04-28,Kandy-Hub,Central,Meat & Seafood,Delivered,2,2.0,16783.42
ORD-100311,2024-09-02,Kurunegala-West,North-Western,Dairy,Delivered,3,3.0,3062.42
ORD-100548,2024-07-07,Kandy-Hub,Central,Frozen,Delivered,2,2.0,7663.83
ORD-100661,2024-09-25,Kandy-Hub,Central,Beverages,Delivered,2,2.0,3718.72
ORD-104810,2024-03-15,Kurunegala-West,North-Western,Beverages,In Transit,4,,3189.68
ORD-101989,2024-12-03,Colombo-Central,Western,Dry Goods,In Transit,4,,1688.94
ORD-100306,2024-04-20,Kandy-Hub,Central,Dry Goods,Delayed,2,4.0,3366.96
ORD-102335,2024-07-15,Colombo-Central,Western,Frozen,Delivered,5,5.0,9718.89
ORD-100694,2024-02-02,Galle-South,Southern,Beverages,In Transit,3,,4340.73
ORD-102356,2024-05-30,Kandy-Hub,Central,Meat & Seafood,Delivered,2,2.0,9468.92
ORD-101927,2024-02-15,Kandy-Hub,Central,Produce,Delivered,2,2.0,3898.89
ORD-100684,2024-03-02,Galle-South,Southern,Dry Goods,Delivered,3,3.0,1868.6
ORD-100749,2024-02-27,Colombo-Central,Western,Dry Goods,Delivered,2,2.0,2137.07
ORD-103559,2024-06-19,Jaffna-North,Northern,Beverages,Delivered,3,3.0,5486.68
ORD-103312,2024-12-05,Galle-South,Southern,Dairy,Delivered,3,3.0,4837.52
ORD-101266,2024-01-21,Jaffna-North,Northern,Dairy,Delayed,5,6.0,4967.66
ORD-103351,2024-12-08,Galle-South,Southern,Dairy,Delivered,3,3.0,2886.49
ORD-103599,2024-08-14,Jaffna-North,Northern,Dairy,Delivered,3,3.0,4969.72
ORD-104467,2024-12-12,Kandy-Hub,Central,Frozen,Delivered,4,4.0,
ORD-104062,2024-08-18,Jaffna-North,Northern,Dry Goods,Delivered,2,2.0,1841.2
ORD-103083,2024-03-28,Jaffna-North,Northern,Produce,Delivered,5,5.0,2665.51
ORD-103061,2024-04-22,Galle-South,Southern,Produce,Delivered,2,2.0,2033.54
ORD-103025,2024-08-16,Kurunegala-West,North-Western,Produce,Delivered,4,4.0,3305.67
ORD-100970,2024-04-19,Jaffna-North,Northern,Produce,Delivered,2,2.0,1550.32
ORD-100013,2024-10-04,Kurunegala-West,North-Western,Beverages,Delivered,4,4.0,3940.73
ORD-100873,2024-02-15,Kandy-Hub,Central,Beverages,Delivered,2,2.0,2247.47
ORD-100808,2024-05-22,Galle-South,Southern,Dairy,Delivered,4,4.0,5819.63
ORD-103198,2024-12-23,Galle-South,Southern,Dairy,In Transit,3,,5685.91
ORD-100514,2024-12-16,Galle-South,Southern,Frozen,Delivered,5,5.0,10427.93
ORD-104517,2024-01-22,Colombo-Central,Western,Beverages,In Transit,1,,3845.45
ORD-100409,2024-01-06,Jaffna-North,Northern,Produce,Delivered,2,2.0,3461.95
ORD-104153,2024-12-22,Kurunegala-West,North-Western,Produce,Delivered,4,4.0,3312.7
ORD-104386,2024-04-04,Jaffna-North,Northern,Dairy,Cancelled,2,,3802.75
ORD-100207,2024-12-19,Jaffna-North,Northern,Dry Goods,Delivered,1,1.0,1717.04
ORD-103289,2024-03-08,Galle-South,Southern,Dry Goods,Delivered,3,3.0,2378.18
ORD-100458,2024-11-02,Galle-South,Southern,Dairy,Delivered,5,5.0,5819.16
ORD-103541,2024-07-30,Kurunegala-West,North-Western,Frozen,Delivered,5,5.0,5576.38
ORD-102430,2024-02-18,Kurunegala-West,North-Western,Produce,Delivered,2,2.0,3653.13
ORD-104650,2024-05-25,Kandy-Hub,Central,Dry Goods,Delivered,2,2.0,1441.86
ORD-100110,2024-04-11,Galle-South,Southern,Dry Goods,Delayed,5,7.0,2768.88
ORD-103819,2024-11-21,Colombo-Central,Western,Frozen,Delivered,4,4.0,7615.45
ORD-101107,2024-11-27,Jaffna-North,Northern,Produce,Delayed,2,3.0,3959.7
ORD-101883,2024-11-04,Colombo-Central,Western,Dry Goods,In Transit,1,,2445.6
ORD-101713,2024-09-24,Galle-South,Southern,Dry Goods,Delivered,2,2.0,1241.88
ORD-104036,2024-09-07,Jaffna-North,Northern,Dry Goods,Delivered,4,4.0,2190.57
ORD-103467,2024-04-04,Jaffna-North,Northern,Beverages,In Transit,2,,5142.93
ORD-100552,2024-10-29,Jaffna-North,Northern,Meat & Seafood,In Transit,5,,8935.31
ORD-101439,2024-12-14,Kandy-Hub,Central,Dairy,In Transit,3,,4815.57
ORD-102270,2024-04-26,Kandy-Hub,Central,Meat & Seafood,Delivered,3,3.0,8640.89
ORD-103144,2024-10-05,Jaffna-North,Northern,Meat & Seafood,Delivered,4,4.0,14548.44
ORD-102821,2024-10-29,Galle-South,Southern,Dairy,Delivered,4,4.0,3572.79
ORD-104830,2024-05-07,Colombo-Central,Western,Frozen,Delivered,5,5.0,11402.16
ORD-101925,2024-02-18,Colombo-Central,Western,Frozen,Delayed,3,7.0,11379.31
ORD-100634,2024-03-07,Jaffna-North,Northern,Dairy,Delivered,4,4.0,4342.21
ORD-104854,2024-01-21,Jaffna-North,Northern,Dry Goods,Delivered,4,4.0,1615.2
ORD-100316,2024-09-23,Galle-South,Southern,Produce,Delivered,3,3.0,3940.44
ORD-104260,2024-03-23,Kandy-Hub,Central,Meat & Seafood,Delivered,4,4.0,11166.18
ORD-104747,2024-04-01,Galle-South,Southern,Beverages,Delivered,3,3.0,3985.52
ORD-101328,2024-09-03,Colombo-Central,Western,Dairy,Delivered,1,1.0,4752.42
ORD-100427,2024-10-20,Colombo-Central,Western,Meat & Seafood,Delivered,3,3.0,8262.5
ORD-103442,2024-06-15,Kandy-Hub,Central,Dairy,Delivered,3,3.0,5441.44
ORD-100105,2024-10-14,Jaffna-North,Northern,Dry Goods,Cancelled,4,,3064.78
ORD-103041,2024-04-16,Kandy-Hub,Central,Meat & Seafood,Delivered,4,4.0,8359.08
ORD-100142,2024-04-10,Jaffna-North,Northern,Frozen,Delivered,4,4.0,7979.89
ORD-102169,2024-12-23,Kurunegala-West,North-Western,Dairy,In Transit,3,,3061.35
ORD-103396,2024-06-14,Jaffna-North,Northern,Frozen,Delivered,1,1.0,6017.68
ORD-100089,2024-10-30,Galle-South,Southern,Produce,Delivered,3,3.0,1950.46
ORD-102918,2024-11-06,Colombo-Central,Western,Dairy,Delivered,5,5.0,5342.59
ORD-103237,2024-12-28,Kandy-Hub,Central,Produce,Delivered,4,4.0,2966.12
ORD-102241,2024-08-30,Jaffna-North,Northern,Dairy,Delivered,4,4.0,3174.45
ORD-103174,2024-12-29,Colombo-Central,Western,Dairy,In Transit,1,,5471.58
ORD-103480,2024-10-18,Jaffna-North,Northern,Produce,Delivered,2,2.0,3279.55
ORD-102163,2024-11-29,Jaffna-North,Northern,Dairy,Delayed,2,5.0,3719.19
ORD-102636,2024-05-02,Colombo-Central,Western,Meat & Seafood,Delayed,5,7.0,19023.49
ORD-101949,2024-04-27,Galle-South,Southern,Meat & Seafood,Delivered,3,3.0,9526.21
ORD-101768,2024-01-25,Galle-South,Southern,Frozen,In Transit,2,,6658.33
ORD-103349,2024-10-12,Jaffna-North,Northern,Beverages,Delivered,2,2.0,4318.51
ORD-102272,2024-04-18,Galle-South,Southern,Produce,Delayed,1,2.0,1720.57
ORD-100001,2024-10-09,Colombo-Central,Western,Produce,Delayed,4,5.0,2189.05
ORD-104602,2024-04-24,Colombo-Central,Western,Beverages,Delivered,1,1.0,4401.8
ORD-102468,2024-01-10,Kurunegala-West,North-Western,Frozen,Delivered,2,2.0,5638.15
ORD-101951,2024-08-09,Galle-South,Southern,Produce,Delivered,3,3.0,2306.35
ORD-100935,2024-12-09,Kandy-Hub,Central,Dairy,Delayed,2,5.0,5990.69
ORD-104340,2024-01-19,Jaffna-North,Northern,Produce,In Transit,1,,
ORD-102720,2024-08-16,Colombo-Central,Western,Dry Goods,Delayed,1,2.0,1958.38
ORD-103543,2024-10-09,Galle-South,Southern,Dry Goods,Delivered,5,5.0,1486.3
ORD-101109,2024-01-17,Jaffna-North,Northern,Dry Goods,Delivered,2,2.0,1938.71
ORD-103659,2024-06-29,Kurunegala-West,North-Western,Beverages,Delivered,1,1.0,4697.65
ORD-100591,2024-11-25,Galle-South,Southern,Dry Goods,Delivered,4,4.0,2738.7
ORD-101695,2024-09-06,Galle-South,Southern,Produce,Delivered,4,4.0,2869.47
ORD-103518,2024-09-04,Kurunegala-West,North-Western,Meat & Seafood,Delivered,4,4.0,19875.65
ORD-102936,2024-10-07,Colombo-Central,Western,Dry Goods,Delivered,1,1.0,1054.52
ORD-104247,2024-03-11,Kurunegala-West,North-Western,Meat & Seafood,Delivered,4,4.0,19213.96
ORD-103479,2024-10-11,Jaffna-North,Northern,Produce,Delivered,1,1.0,3509.4
ORD-101576,2024-07-19,Colombo-Central,Western,Beverages,Delayed,5,6.0,2576.97
ORD-104032,2024-04-08,Jaffna-North,Northern,Dry Goods,Delivered,2,2.0,2089.23
ORD-100213,2024-06-13,Jaffna-North,Northern,Dairy,Delivered,4,4.0,4189.81
ORD-100778,2024-04-08,Jaffna-North,Northern,Produce,In Transit,3,,3770.31
ORD-101415,2024-10-13,Colombo-Central,Western,Meat & Seafood,Delivered,5,5.0,14866.93
ORD-103832,2024-10-22,Kurunegala-West,North-Western,Meat & Seafood,Delivered,4,4.0,19745.59
ORD-102043,2024-09-30,Kurunegala-West,North-Western,Meat & Seafood,Delivered,5,5.0,8283.21
ORD-102848,2024-04-12,Colombo-Central,Western,Produce,Delivered,4,4.0,1536.95
ORD-104582,2024-03-01,Kurunegala-West,North-Western,Produce,Delivered,1,1.0,3935.48
ORD-103575,2024-09-07,Kandy-Hub,Central,Beverages,Delivered,1,1.0,4736.95
ORD-103886,2024-01-31,Jaffna-North,Northern,Produce,Delivered,5,5.0,3881.89
ORD-101567,2024-08-08,Colombo-Central,Western,Meat & Seafood,Delivered,2,2.0,12585.7
ORD-100165,2024-10-24,Colombo-Central,Western,Frozen,Delivered,4,4.0,6506.81
ORD-104762,2024-02-05,Kurunegala-West,North-Western,Dry Goods,Delivered,2,2.0,2420.03
ORD-103655,2024-06-24,Jaffna-North,Northern,Meat & Seafood,Delivered,1,1.0,15841.66
ORD-104976,2024-07-28,Kandy-Hub,Central,Frozen,Delivered,5,5.0,6285.5
ORD-101343,2024-07-28,Jaffna-North,Northern,Meat & Seafood,Delivered,1,1.0,9891.35
ORD-102013,2024-12-02,Galle-South,Southern,Dry Goods,Delayed,1,3.0,1071.03
ORD-100273,2024-12-15,Galle-South,Southern,Dairy,Cancelled,1,,3615.29
ORD-100071,2024-03-10,Galle-South,Southern,Produce,In Transit,5,,3150.4
ORD-103964,2024-03-13,Kurunegala-West,North-Western,Dry Goods,In Transit,2,,2618.65
ORD-101087,2024-12-27,Galle-South,Southern,Dry Goods,Delivered,4,4.0,
ORD-100394,2024-09-19,Galle-South,Southern,Produce,Delivered,2,2.0,2644.91
ORD-100583,2024-01-19,Colombo-Central,Western,Frozen,Delivered,1,1.0,11825.79
ORD-101367,2024-06-14,Colombo-Central,Western,Dry Goods,Delivered,1,1.0,3373.25
ORD-104315,2024-04-10,Colombo-Central,Western,Meat & Seafood,Delayed,2,4.0,11359.22
ORD-104689,2024-09-21,Kandy-Hub,Central,Produce,Delivered,1,1.0,1606.41
ORD-102548,2024-06-20,Galle-South,Southern,Dairy,Cancelled,4,,4715.21
ORD-101013,2024-04-24,Galle-South,Southern,Produce,Cancelled,3,,3954.32
ORD-104947,2024-07-08,Kurunegala-West,North-Western,Frozen,Delivered,5,5.0,9241.51
ORD-103003,2024-12-16,Kandy-Hub,Central,Produce,Delivered,4,4.0,3020.33
ORD-104837,2024-01-25,Kurunegala-West,North-Western,Frozen,Delivered,5,5.0,10051.76
ORD-104594,2024-08-13,Galle-South,Southern,Dairy,Delivered,3,3.0,3077.17
ORD-104525,2024-06-16,Kurunegala-West,North-Western,Dry Goods,Delivered,3,3.0,3478.05
ORD-101763,2024-08-07,Kurunegala-West,North-Western,Produce,In Transit,3,,1658.68
ORD-101875,2024-02-14,Kandy-Hub,Central,Frozen,Delivered,2,2.0,
ORD-101259,2024-10-19,Kurunegala-West,North-Western,Produce,Delivered,1,1.0,2541.97
ORD-103344,2024-07-15,Kandy-Hub,Central,Dry Goods,Delivered,5,5.0,1239.09
ORD-104575,2024-10-05,Jaffna-North,Northern,Dairy,Cancelled,5,,5834.22
ORD-102253,2024-07-01,Kurunegala-West,North-Western,Produce,Delivered,4,4.0,3750.88
ORD-102781,2024-12-07,Colombo-Central,Western,Dairy,Delayed,5,8.0,5094.2
ORD-103665,2024-06-13,Colombo-Central,Western,Produce,Delivered,1,1.0,3602.71
ORD-100526,2024-12-03,Galle-South,Southern,Meat & Seafood,Delivered,5,5.0,
ORD-104035,2024-01-12,Kandy-Hub,Central,Dairy,Delivered,1,1.0,4878.25
ORD-102946,2024-08-02,Jaffna-North,Northern,Beverages,Delayed,2,5.0,3421.0
ORD-100377,2024-09-29,Kandy-Hub,Central,Meat & Seafood,Delayed,1,3.0,8762.01
ORD-101559,2024-11-08,Colombo-Central,Western,Dairy,Delayed,3,4.0,2796.21
ORD-103894,2024-08-10,Galle-South,Southern,Meat & Seafood,In Transit,4,,10213.37
ORD-101963,2024-10-25,Jaffna-North,Northern,Dry Goods,Delivered,1,1.0,2458.32
ORD-104781,2024-08-04,Kandy-Hub,Central,Produce,Cancelled,5,,1635.76
ORD-100348,2024-03-06,Kandy-Hub,Central,Beverages,Delivered,5,5.0,5240.28
ORD-102434,2024-06-13,Galle-South,Southern,Frozen,In Transit,5,,10836.54
ORD-102246,2024-07-29,Colombo-Central,Western,Produce,Delivered,2,2.0,2531.58
ORD-104861,2024-10-29,Jaffna-North,Northern,Beverages,Delivered,2,2.0,2575.77
ORD-101709,2024-03-18,Galle-South,Southern,Dairy,Delayed,5,7.0,4886.68
ORD-101050,2024-07-04,Galle-South,Southern,Meat & Seafood,Delivered,4,4.0,
ORD-100590,2024-10-19,Colombo-Central,Western,Meat & Seafood,Delivered,2,2.0,11571.39
ORD-100519,2024-08-04,Galle-South,Southern,Produce,Delivered,3,3.0,2727.13
ORD-103380,2024-10-30,Kandy-Hub,Central,Dry Goods,Delivered,2,2.0,
ORD-104538,2024-10-31,Galle-South,Southern,Beverages,Delayed,4,6.0,2147.68
ORD-104165,2024-09-05,Kurunegala-West,North-Western,Beverages,Delivered,3,3.0,5065.03
ORD-102477,2024-03-05,Jaffna-North,Northern,Meat & Seafood,Delayed,5,8.0,15688.48
ORD-101083,2024-07-21,Kurunegala-West,North-Western,Dry Goods,Delivered,3,3.0,1148.36
ORD-103661,2024-06-19,Colombo-Central,Western,Frozen,Delayed,2,3.0,7124.88
ORD-104827,2024-07-15,Kurunegala-West,North-Western,Dry Goods,Delivered,3,3.0,2423.15
ORD-104554,2024-09-15,Galle-South,Southern,Frozen,In Transit,2,,10042.46
ORD-101294,2024-12-13,Colombo-Central,Western,Beverages,Delivered,1,1.0,3808.7
ORD-101809,2024-12-16,Kurunegala-West,North-Western,Frozen,Delivered,1,1.0,
ORD-100791,2024-06-14,Colombo-Central,Western,Frozen,In Transit,3,,5542.22
ORD-100792,2024-09-20,Kandy-Hub,Central,Produce,Delivered,3,3.0,2518.26
ORD-104375,2024-08-01,Galle-South,Southern,Produce,Delivered,3,3.0,3105.74
ORD-101855,2024-11-06,Kurunegala-West,North-Western,Beverages,Delivered,3,3.0,2244.35
ORD-104806,2024-06-19,Kurunegala-West,North-Western,Beverages,Delivered,5,5.0,2384.78
ORD-101980,2024-08-28,Kandy-Hub,Central,Dry Goods,Cancelled,5,,3365.0
ORD-103233,2024-01-02,Galle-South,Southern,Frozen,Cancelled,5,,11219.27
ORD-103985,2024-05-04,Kurunegala-West,North-Western,Meat & Seafood,Delivered,5,5.0,18395.13
ORD-103453,2024-05-07,Jaffna-North,Northern,Dairy,Delayed,1,3.0,
ORD-103328,2024-05-23,Colombo-Central,Western,Meat & Seafood,Delivered,5,5.0,18685.95
ORD-101530,2024-02-02,Colombo-Central,Western,Beverages,Delivered,1,1.0,3618.84
ORD-101410,2024-01-23,Kurunegala-West,North-Western,Dairy,Delivered,2,2.0,4756.02
ORD-104338,2024-09-27,Jaffna-North,Northern,Frozen,Delivered,1,1.0,11731.88
ORD-104695,2024-10-31,Jaffna-North,Northern,Frozen,Delivered,3,3.0,11910.01
ORD-100083,2024-10-30,Galle-South,Southern,Dairy,Delayed,3,6.0,2689.58
ORD-100868,2024-06-11,Kurunegala-West,North-Western,Frozen,Delivered,1,1.0,7722.77
ORD-102350,2024-07-15,Jaffna-North,Northern,Produce,Delivered,5,5.0,2503.55
ORD-100020,2024-07-01,Kurunegala-West,North-Western,Produce,Delivered,5,5.0,2231.61
ORD-103492,2024-05-15,Galle-South,Southern,Frozen,Delivered,4,4.0,10050.38
ORD-102795,2024-11-30,Galle-South,Southern,Dairy,Delivered,2,2.0,2608.37
ORD-104617,2024-08-06,Galle-South,Southern,Dairy,Delayed,3,6.0,5464.96
ORD-101562,2024-03-31,Galle-South,Southern,Meat & Seafood,Delivered,1,1.0,10675.19
ORD-103093,2024-03-28,Kandy-Hub,Central,Dairy,Delivered,5,5.0,4289.01
ORD-103155,2024-11-05,Galle-South,Southern,Beverages,Delivered,2,2.0,2236.27
ORD-100973,2024-06-22,Colombo-Central,Western,Meat & Seafood,Delivered,5,5.0,18713.3
ORD-101710,2024-05-05,Kandy-Hub,Central,Dry Goods,In Transit,1,,1231.67
ORD-103201,2024-11-29,Kandy-Hub,Central,Dairy,Delivered,1,1.0,5201.29
ORD-104059,2024-08-04,Galle-South,Southern,Meat & Seafood,Delivered,1,1.0,10573.83
ORD-104868,2024-12-02,Galle-South,Southern,Meat & Seafood,Delivered,4,4.0,8753.8
ORD-101098,2024-01-16,Jaffna-North,Northern,Dairy,Delivered,2,2.0,5094.8
ORD-104203,2024-02-17,Kurunegala-West,North-Western,Produce,Delivered,5,5.0,2187.07
ORD-102844,2024-06-15,Colombo-Central,Western,Beverages,Delivered,3,3.0,3619.89
ORD-100886,2024-01-20,Kurunegala-West,North-Western,Dairy,Cancelled,1,,4826.67
ORD-104981,2024-12-16,Colombo-Central,Western,Meat & Seafood,Delivered,5,5.0,11861.78
ORD-103751,2024-10-18,Colombo-Central,Western,Dry Goods,Delayed,3,5.0,3101.47
ORD-104625,2024-05-20,Galle-South,Southern,Frozen,Delayed,5,9.0,7906.36
ORD-104489,2024-05-20,Colombo-Central,Western,Frozen,Delivered,5,5.0,
ORD-104445,2024-05-31,Kandy-Hub,Central,Dry Goods,Delivered,4,4.0,2457.07
ORD-100515,2024-02-08,Jaffna-North,Northern,Frozen,Delivered,2,2.0,10799.54
ORD-104667,2024-02-20,Jaffna-North,Northern,Dry Goods,Cancelled,2,,1358.96
ORD-100737,2024-05-01,Kurunegala-West,North-Western,Beverages,Delivered,1,1.0,5488.69
ORD-101453,2024-03-30,Jaffna-North,Northern,Dry Goods,Cancelled,4,,3060.09
ORD-104049,2024-06-15,Jaffna-North,Northern,Dairy,Delivered,5,5.0,5914.37
ORD-104748,2024-11-11,Jaffna-North,Northern,Produce,Delivered,2,2.0,1601.81
ORD-102506,2024-06-16,Colombo-Central,Western,Produce,Delivered,4,4.0,3508.26
ORD-102994,2024-10-08,Kurunegala-West,North-Western,Produce,In Transit,4,,1552.72
ORD-102126,2024-04-22,Kurunegala-West,North-Western,Meat & Seafood,Delivered,3,3.0,15784.48
ORD-102926,2024-08-13,Kurunegala-West,North-Western,Beverages,Delivered,2,2.0,
ORD-104794,2024-05-24,Kurunegala-West,North-Western,Dry Goods,Delivered,1,1.0,2355.91
ORD-100906,2024-05-30,Galle-South,Southern,Meat & Seafood,Delivered,5,5.0,13556.97
ORD-103720,2024-08-21,Jaffna-North,Northern,Produce,Delivered,4,4.0,1626.84
ORD-101030,2024-06-26,Kurunegala-West,North-Western,Produce,Delivered,4,4.0,1884.58
ORD-102507,2024-08-14,Jaffna-North,Northern,Frozen,Cancelled,1,,9906.74
ORD-102428,2024-10-02,Kurunegala-West,North-Western,Meat & Seafood,Delayed,1,2.0,10549.26
ORD-100947,2024-02-18,Kurunegala-West,North-Western,Produce,Delivered,5,5.0,3089.21
ORD-103879,2024-01-16,Kandy-Hub,Central,Produce,Delivered,4,4.0,2068.69
ORD-100762,2024-12-12,Colombo-Central,Western,Beverages,Delayed,3,6.0,2697.62
ORD-100715,2024-10-18,Galle-South,Southern,Frozen,Delivered,1,1.0,7142.05
ORD-100284,2024-06-10,Kurunegala-West,North-Western,Dry Goods,Delivered,3,3.0,1454.36
ORD-100686,2024-05-28,Jaffna-North,Northern,Beverages,Delivered,4,4.0,2576.74
ORD-100703,2024-03-03,Galle-South,Southern,Beverages,Delivered,5,5.0,5014.86
ORD-103341,2024-04-21,Kurunegala-West,North-Western,Frozen,Delivered,5,5.0,10553.72
ORD-102353,2024-06-18,Kandy-Hub,Central,Beverages,Delivered,3,3.0,2569.53
ORD-102257,2024-08-26,Jaffna-North,Northern,Dry Goods,Delivered,5,5.0,1361.09
ORD-103621,2024-03-22,Galle-South,Southern,Produce,Delivered,1,1.0,3956.08
ORD-100473,2024-06-19,Colombo-Central,Western,Produce,Delivered,2,2.0,2556.53
ORD-100021,2024-05-15,Galle-South,Southern,Produce,Delivered,1,1.0,2464.91
ORD-102752,2024-07-31,Kandy-Hub,Central,Frozen,In Transit,3,,6272.89
ORD-100885,2024-09-25,Kurunegala-West,North-Western,Beverages,Delivered,4,4.0,2978.12
ORD-102448,2024-10-11,Jaffna-North,Northern,Dry Goods,Delivered,1,1.0,2251.04
ORD-100917,2024-10-13,Kandy-Hub,Central,Produce,In Transit,5,,3904.66
ORD-103830,2024-11-23,Kurunegala-West,North-Western,Beverages,Delivered,5,5.0,4657.08
ORD-103824,2024-08-04,Jaffna-North,Northern,Dry Goods,Delivered,1,1.0,1972.37
ORD-102239,2024-11-18,Kurunegala-West,North-Western,Dairy,Delivered,4,4.0,3215.08
ORD-103918,2024-01-23,Jaffna-North,Northern,Produce,Delayed,2,3.0,2498.61
ORD-103395,2024-10-17,Kurunegala-West,North-Western,Dairy,Cancelled,2,,3969.73
ORD-101265,2024-01-14,Colombo-Central,Western,Frozen,Delivered,2,2.0,7499.69
ORD-100483,2024-10-17,Kurunegala-West,North-Western,Produce,Cancelled,1,,3928.31
ORD-104381,2024-02-12,Galle-South,Southern,Dry Goods,Delayed,5,6.0,2408.51
ORD-102963,2024-01-25,Galle-South,Southern,Frozen,Delayed,2,5.0,9196.26
ORD-101219,2024-06-09,Kurunegala-West,North-Western,Beverages,Delivered,1,1.0,4467.55
ORD-100277,2024-10-12,Kurunegala-West,North-Western,Produce,In Transit,3,,3452.24
ORD-100988,2024-03-30,Kurunegala-West,North-Western,Frozen,Delayed,1,5.0,7844.33
ORD-102084,2024-02-17,Galle-South,Southern,Beverages,Delayed,3,4.0,4188.78
ORD-101245,2024-12-25,Kandy-Hub,Central,Dry Goods,Delivered,2,2.0,2746.59
ORD-102382,2024-12-01,Kandy-Hub,Central,Produce,Delivered,3,3.0,3832.65
ORD-100571,2024-05-31,Jaffna-North,Northern,Dairy,Delivered,2,2.0,3122.39
ORD-101435,2024-02-07,Colombo-Central,Western,Meat & Seafood,Cancelled,3,,15797.7
ORD-100993,2024-06-06,Jaffna-North,Northern,Meat & Seafood,In Transit,5,,15796.11
ORD-103520,2024-10-28,Galle-South,Southern,Meat & Seafood,Delivered,5,5.0,16451.29
ORD-103515,2024-12-20,Galle-South,Southern,Meat & Seafood,Delivered,3,3.0,12977.59
ORD-100585,2024-12-03,Jaffna-North,Northern,Meat & Seafood,Delayed,3,4.0,17608.97
ORD-103731,2024-11-09,Colombo-Central,Western,Frozen,Cancelled,4,,7534.17
ORD-102514,2024-02-07,Kandy-Hub,Central,Beverages,In Transit,2,,2611.64
ORD-101349,2024-08-05,Jaffna-North,Northern,Dry Goods,Cancelled,1,,3039.77
ORD-101007,2024-07-02,Jaffna-North,Northern,Dry Goods,Delivered,3,3.0,1931.27
ORD-100674,2024-08-14,Galle-South,Southern,Beverages,Delivered,4,4.0,3482.69
ORD-102412,2024-12-05,Jaffna-North,Northern,Frozen,In Transit,2,,7097.26
ORD-102903,2024-08-13,Kurunegala-West,North-Western,Produce,Delivered,4,4.0,2450.27
ORD-100447,2024-12-14,Galle-South,Southern,Dairy,Delivered,5,5.0,5573.24
ORD-103542,2024-02-01,Galle-South,Southern,Dairy,Delayed,5,7.0,5671.91
ORD-103831,2024-03-15,Jaffna-North,Northern,Meat & Seafood,Cancelled,3,,10892.48
ORD-103921,2024-08-12,Galle-South,Southern,Frozen,Delivered,4,4.0,11375.13
ORD-100359,2024-09-30,Kandy-Hub,Central,Dry Goods,Delayed,3,4.0,2234.93
ORD-102064,2024-08-03,Colombo-Central,Western,Produce,Delivered,2,2.0,3502.89
ORD-104494,2024-04-22,Galle-South,Southern,Dairy,Delivered,2,2.0,2856.58
ORD-103883,2024-06-15,Kandy-Hub,Central,Frozen,Delivered,4,4.0,7299.96
ORD-101690,2024-10-08,Galle-South,Southern,Dairy,Delivered,5,5.0,5981.05
ORD-104370,2024-07-22,Kandy-Hub,Central,Dairy,Delivered,2,2.0,2611.04
ORD-101548,2024-06-29,Galle-South,Southern,Produce,Cancelled,2,,1862.75
ORD-101247,2024-06-18,Galle-South,Southern,Dry Goods,In Transit,5,,2354.56
ORD-101985,2024-10-16,Kurunegala-West,North-Western,Meat & Seafood,Delivered,5,5.0,8546.75
ORD-100294,2024-07-17,Kurunegala-West,North-Western,Beverages,Delivered,4,4.0,2590.88
ORD-101547,2024-11-06,Jaffna-North,Northern,Dry Goods,Delivered,2,2.0,1672.12
ORD-102012,2024-02-25,Jaffna-North,Northern,Dry Goods,Delivered,1,1.0,2412.41
ORD-100588,2024-11-01,Kurunegala-West,North-Western,Meat & Seafood,Delivered,5,5.0,8634.66
ORD-103329,2024-11-30,Jaffna-North,Northern,Produce,Delivered,1,1.0,3497.12
ORD-102403,2024-07-20,Kandy-Hub,Central,Frozen,Delivered,2,2.0,11820.96
ORD-102129,2024-04-26,Kurunegala-West,North-Western,Produce,Delivered,4,4.0,1728.16
ORD-104432,2024-11-23,Kurunegala-West,North-Western,Meat & Seafood,Delivered,4,4.0,15569.71
ORD-103508,2024-01-22,Colombo-Central,Western,Frozen,Delivered,1,1.0,9803.88
ORD-102410,2024-07-12,Colombo-Central,Western,Meat & Seafood,Delivered,1,1.0,18482.33
ORD-102719,2024-02-29,Colombo-Central,Western,Frozen,Delivered,5,5.0,
ORD-104599,2024-09-23,Jaffna-North,Northern,Dry Goods,Delivered,4,4.0,1840.4
ORD-100425,2024-03-13,Kandy-Hub,Central,Meat & Seafood,Delivered,4,4.0,
ORD-102582,2024-04-16,Jaffna-North,Northern,Meat & Seafood,Delivered,4,4.0,12736.8
ORD-101054,2024-01-28,Kurunegala-West,North-Western,Dairy,Delayed,1,4.0,3089.98
ORD-104044,2024-05-30,Kurunegala-West,North-Western,Beverages,Delivered,3,3.0,3721.4
ORD-104607,2024-06-26,Galle-South,Southern,Frozen,Delivered,1,1.0,9549.76
ORD-100556,2024-09-25,Colombo-Central,Western,Beverages,Delivered,2,2.0,5155.92
ORD-104402,2024-05-25,Kurunegala-West,North-Western,Frozen,Delivered,1,1.0,7072.66
ORD-104015,2024-02-21,Colombo-Central,Western,Dairy,Delivered,1,1.0,4960.83
ORD-104760,2024-12-19,Galle-South,Southern,Dry Goods,Delivered,2,2.0,1676.06
ORD-102469,2024-03-19,Colombo-Central,Western,Frozen,Delivered,5,5.0,8699.4
ORD-104758,2024-06-13,Kurunegala-West,North-Western,Frozen,Delivered,4,4.0,9098.91
ORD-100355,2024-12-28,Kurunegala-West,North-Western,Dairy,Delayed,4,7.0,5295.27
ORD-101193,2024-09-13,Colombo-Central,Western,Meat & Seafood,Delivered,1,1.0,9802.05
ORD-101716,2024-08-23,Galle-South,Southern,Frozen,Cancelled,3,,7191.89
ORD-103416,2024-08-12,Galle-South,Southern,Dry Goods,Delivered,1,1.0,1450.62
ORD-102604,2024-10-03,Colombo-Central,Western,Meat & Seafood,Delivered,2,2.0,15770.8
ORD-104577,2024-03-13,Colombo-Central,Western,Dry Goods,Cancelled,3,,1530.38
ORD-102828,2024-08-16,Galle-South,Southern,Dry Goods,Delivered,5,5.0,1153.96
ORD-101704,2024-12-01,Kurunegala-West,North-Western,Dairy,Delivered,4,4.0,5621.67
ORD-102863,2024-08-11,Galle-South,Southern,Frozen,Delivered,3,3.0,8248.55
ORD-102618,2024-08-27,Kandy-Hub,Central,Dairy,Delivered,2,2.0,
ORD-102400,2024-01-03,Jaffna-North,Northern,Dairy,Delivered,1,1.0,3242.11
ORD-102139,2024-05-26,Kandy-Hub,Central,Dairy,Delivered,5,5.0,5392.36
ORD-103239,2024-01-15,Galle-South,Southern,Produce,Delivered,2,2.0,3529.69
ORD-102383,2024-05-23,Jaffna-North,Northern,Dairy,Delivered,4,4.0,3980.96
ORD-103218,2024-12-25,Galle-South,Southern,Produce,Delivered,1,1.0,1869.98
ORD-103817,2024-10-20,Kurunegala-West,North-Western,Meat & Seafood,Delivered,2,2.0,15300.47
ORD-101285,2024-01-18,Kurunegala-West,North-Western,Beverages,Delivered,1,1.0,2402.81
ORD-103869,2024-09-16,Galle-South,Southern,Dry Goods,Delayed,1,5.0,1272.16
ORD-103914,2024-10-15,Jaffna-North,Northern,Meat & Seafood,In Transit,1,,9903.05
ORD-104513,2024-11-28,Galle-South,Southern,Frozen,Delivered,2,2.0,8304.68
ORD-102087,2024-08-29,Kandy-Hub,Central,Meat & Seafood,Delivered,2,2.0,12355.13
ORD-101889,2024-06-13,Kurunegala-West,North-Western,Dairy,Delivered,3,3.0,5098.92
ORD-103576,2024-08-23,Galle-South,Southern,Beverages,Delivered,3,3.0,3487.99
ORD-101591,2024-05-06,Kurunegala-West,North-Western,Dry Goods,Delivered,2,2.0,3422.06
ORD-101346,2024-11-08,Galle-South,Southern,Dry Goods,Delayed,1,5.0,3287.68
ORD-104475,2024-04-26,Colombo-Central,Western,Dry Goods,Delivered,3,3.0,1499.9
ORD-102162,2024-05-27,Jaffna-North,Northern,Produce,Delivered,2,2.0,2260.82
ORD-102396,2024-12-11,Galle-South,Southern,Meat & Seafood,Delivered,3,3.0,14957.63
ORD-103716,2024-05-07,Jaffna-North,Northern,Dry Goods,In Transit,1,,2171.35
ORD-102271,2024-04-26,Colombo-Central,Western,Produce,Delayed,2,3.0,3302.11
ORD-104535,2024-07-04,Galle-South,Southern,Dry Goods,In Transit,3,,3049.64
ORD-103111,2024-10-05,Kurunegala-West,North-Western,Frozen,Delivered,1,1.0,11267.88
ORD-101137,2024-05-13,Jaffna-North,Northern,Produce,Delivered,1,1.0,2845.33
ORD-103972,2024-02-15,Kandy-Hub,Central,Produce,Delivered,3,3.0,3284.27
ORD-100972,2024-06-23,Galle-South,Southern,Beverages,Delivered,1,1.0,2966.96
ORD-100795,2024-04-17,Kandy-Hub,Central,Produce,Delivered,3,3.0,3357.01
ORD-103020,2024-05-07,Kandy-Hub,Central,Beverages,In Transit,1,,4606.98
ORD-101711,2024-06-20,Kandy-Hub,Central,Beverages,Delivered,3,3.0,5219.44
ORD-103387,2024-09-25,Kurunegala-West,North-Western,Beverages,Delayed,5,9.0,5092.96
ORD-100036,2024-11-09,Kurunegala-West,North-Western,Frozen,Delivered,3,3.0,8006.04
ORD-100453,2024-01-10,Jaffna-North,Northern,Dairy,Delivered,5,5.0,4611.8
ORD-100913,2024-12-23,Colombo-Central,Western,Produce,Delivered,2,2.0,3122.37
ORD-104130,2024-01-04,Galle-South,Southern,Dairy,Delivered,1,1.0,3665.99
ORD-101199,2024-08-14,Colombo-Central,Western,Frozen,Delivered,2,2.0,5279.87
ORD-101274,2024-10-05,Galle-South,Southern,Dairy,Delivered,2,2.0,2807.12
ORD-102375,2024-12-27,Kurunegala-West,North-Western,Produce,Delivered,2,2.0,3445.56
ORD-100037,2024-10-29,Galle-South,Southern,Dry Goods,Delayed,1,4.0,3072.55
ORD-100974,2024-02-23,Kurunegala-West,North-Western,Beverages,Delivered,4,4.0,4490.26
ORD-103195,2024-03-05,Jaffna-North,Northern,Produce,Delivered,2,2.0,2776.78
ORD-100983,2024-08-24,Kurunegala-West,North-Western,Dry Goods,Delivered,3,3.0,
ORD-104415,2024-06-10,Galle-South,Southern,Dairy,Delayed,2,5.0,3130.4
ORD-104352,2024-07-20,Colombo-Central,Western,Frozen,Delivered,5,5.0,7202.53
ORD-101418,2024-11-10,Kurunegala-West,North-Western,Dry Goods,In Transit,4,,2075.09
ORD-103332,2024-03-31,Jaffna-North,Northern,Beverages,Delivered,5,5.0,2142.59
ORD-101560,2024-04-16,Jaffna-North,Northern,Frozen,In Transit,2,,11012.76
ORD-100039,2024-08-18,Kandy-Hub,Central,Frozen,Delivered,2,2.0,5066.94
ORD-101486,2024-02-29,Jaffna-North,Northern,Produce,Delivered,1,1.0,2480.85
ORD-103959,2024-03-19,Kurunegala-West,North-Western,Beverages,Delivered,3,3.0,4588.81
ORD-100169,2024-01-09,Colombo-Central,Western,Meat & Seafood,Delivered,4,4.0,16424.46
ORD-101355,2024-06-30,Kandy-Hub,Central,Dry Goods,Delivered,2,2.0,3359.61
ORD-102785,2024-02-12,Galle-South,Southern,Produce,Delivered,5,5.0,1538.18
ORD-103705,2024-07-01,Jaffna-North,Northern,Beverages,Delivered,3,3.0,3218.96
ORD-104797,2024-02-15,Kurunegala-West,North-Western,Meat & Seafood,Delivered,1,1.0,17638.15
ORD-104083,2024-10-14,Colombo-Central,Western,Produce,Delivered,5,5.0,1681.73
ORD-102682,2024-05-22,Kurunegala-West,North-Western,Meat & Seafood,Delivered,5,5.0,18388.47
ORD-104752,2024-10-21,Jaffna-North,Northern,Dairy,Delayed,2,3.0,
ORD-104103,2024-01-06,Jaffna-North,Northern,Produce,Cancelled,1,,3649.41
ORD-101640,2024-09-20,Kandy-Hub,Central,Dry Goods,Delivered,1,1.0,2552.17
ORD-101290,2024-03-26,Galle-South,Southern,Beverages,In Transit,4,,5341.78
ORD-101380,2024-12-23,Kandy-Hub,Central,Produce,Delayed,4,5.0,3735.84
ORD-101933,2024-12-13,Jaffna-North,Northern,Beverages,Delivered,2,2.0,5180.28
ORD-100579,2024-02-07,Kandy-Hub,Central,Dry Goods,Cancelled,2,,1311.45
ORD-104263,2024-10-03,Galle-South,Southern,Dry Goods,Delivered,1,1.0,1386.33
ORD-103160,2024-02-13,Colombo-Central,Western,Frozen,Delivered,3,3.0,10034.24
ORD-102030,2024-07-21,Kurunegala-West,North-Western,Beverages,Delivered,1,1.0,4576.26
ORD-100892,2024-07-09,Colombo-Central,Western,Produce,Delivered,3,3.0,1689.64
ORD-104909,2024-08-16,Kandy-Hub,Central,Meat & Seafood,Delivered,4,4.0,12783.96
ORD-100780,2024-11-16,Colombo-Central,Western,Produce,Delivered,4,4.0,1952.46
ORD-100159,2024-10-13,Kurunegala-West,North-Western,Beverages,Delivered,3,3.0,5266.16
ORD-100002,2024-08-26,Jaffna-North,Northern,Dry Goods,Delivered,3,3.0,3246.88
ORD-102263,2024-07-07,Kurunegala-West,North-Western,Dry Goods,Delivered,5,5.0,3219.37
ORD-103216,2024-01-02,Galle-South,Southern,Dry Goods,Delivered,1,1.0,1455.37
ORD-102109,2024-04-13,Kandy-Hub,Central,Dairy,Delivered,5,5.0,5123.8
ORD-100849,2024-08-09,Colombo-Central,Western,Meat & Seafood,Delivered,5,5.0,18923.52
ORD-102737,2024-03-09,Jaffna-North,Northern,Dry Goods,Delivered,1,1.0,1342.12
ORD-102466,2024-04-19,Jaffna-North,Northern,Beverages,Delivered,4,4.0,5220.31
ORD-104713,2024-06-27,Galle-South,Southern,Beverages,In Transit,4,,2056.52
ORD-104834,2024-12-22,Colombo-Central,Western,Dairy,Delivered,1,1.0,5137.86
ORD-101596,2024-08-28,Kurunegala-West,North-Western,Dry Goods,Delivered,5,5.0,1102.79
ORD-101776,2024-05-01,Galle-South,Southern,Beverages,In Transit,5,,3920.77
ORD-101913,2024-10-10,Kurunegala-West,North-Western,Dry Goods,Cancelled,1,,1509.7
ORD-101043,2024-05-15,Jaffna-North,Northern,Produce,Cancelled,3,,2703.55
ORD-104761,2024-11-05,Colombo-Central,Western,Frozen,Delivered,1,1.0,5045.84
ORD-101544,2024-03-25,Colombo-Central,Western,Meat & Seafood,Delivered,4,4.0,16678.79
ORD-102736,2024-07-28,Colombo-Central,Western,Frozen,Delayed,4,7.0,6943.11
ORD-103779,2024-06-11,Galle-South,Southern,Dry Goods,Delivered,1,1.0,2247.08
ORD-104664,2024-04-24,Colombo-Central,Western,Frozen,Delivered,4,4.0,7534.22
ORD-100053,2024-06-19,Kurunegala-West,North-Western,Frozen,Delivered,4,4.0,10622.77
ORD-101796,2024-12-22,Colombo-Central,Western,Frozen,Delivered,1,1.0,9249.14
ORD-103588,2024-08-25,Galle-South,Southern,Dairy,In Transit,3,,4348.96
ORD-101911,2024-11-20,Jaffna-North,Northern,Dry Goods,Delivered,3,3.0,1484.82
ORD-102306,2024-04-28,Galle-South,Southern,Meat & Seafood,Delivered,1,1.0,11145.81
ORD-102553,2024-03-11,Jaffna-North,Northern,Produce,Delivered,3,3.0,3916.86
ORD-102800,2024-10-16,Galle-South,Southern,Meat & Seafood,Delivered,4,4.0,12852.67
ORD-100936,2024-02-27,Colombo-Central,Western,Meat & Seafood,Delivered,2,2.0,16436.27
ORD-104169,2024-09-03,Jaffna-North,Northern,Dry Goods,Delivered,4,4.0,1207.22
ORD-100824,2024-08-15,Galle-South,Southern,Beverages,In Transit,5,,3987.79
ORD-104782,2024-05-05,Kurunegala-West,North-Western,Produce,Cancelled,3,,2535.95
ORD-103178,2024-03-19,Jaffna-North,Northern,Produce,Delivered,2,2.0,2290.52
ORD-103401,2024-12-01,Kandy-Hub,Central,Produce,Delivered,3,3.0,3889.28
ORD-101389,2024-11-27,Jaffna-North,Northern,Beverages,Delivered,2,2.0,2519.82
ORD-103564,2024-10-12,Colombo-Central,Western,Dry Goods,Delivered,4,4.0,1978.62
ORD-104926,2024-05-25,Galle-South,Southern,Dry Goods,Delivered,3,3.0,1523.82
ORD-100884,2024-10-23,Colombo-Central,Western,Dairy,Delivered,2,2.0,5826.15
ORD-103878,2024-03-06,Kandy-Hub,Central,Meat & Seafood,Delivered,5,5.0,19150.51
ORD-103646,2024-08-22,Jaffna-North,Northern,Frozen,Delivered,2,2.0,5653.28
ORD-101607,2024-08-04,Kurunegala-West,North-Western,Dry Goods,Delivered,5,5.0,2162.07
ORD-101594,2024-09-13,Kurunegala-West,North-Western,Dry Goods,Delivered,2,2.0,3451.3
ORD-100771,2024-12-26,Kandy-Hub,Central,Beverages,Delivered,5,5.0,2408.73
ORD-102611,2024-12-04,Colombo-Central,Western,Dairy,Delivered,1,1.0,3227.91
ORD-103929,2024-09-27,Colombo-Central,Western,Dairy,In Transit,4,,4883.38
ORD-102273,2024-06-17,Kurunegala-West,North-Western,Meat & Seafood,Delivered,1,1.0,18170.01
ORD-101868,2024-01-12,Jaffna-North,Northern,Dairy,Delayed,3,6.0,3752.68
ORD-101085,2024-11-02,Jaffna-North,Northern,Dry Goods,Delivered,1,1.0,2900.75
ORD-100010,2024-07-11,Kurunegala-West,North-Western,Dry Goods,Delivered,2,2.0,2174.45
ORD-103684,2024-12-22,Jaffna-North,Northern,Dairy,Delivered,3,3.0,3816.56
ORD-101325,2024-03-09,Colombo-Central,Western,Dry Goods,In Transit,5,,2065.33
ORD-103390,2024-04-02,Kurunegala-West,North-Western,Dairy,Delivered,2,2.0,
ORD-101463,2024-01-19,Colombo-Central,Western,Meat & Seafood,Delivered,3,3.0,15880.55
ORD-100806,2024-07-17,Galle-South,Southern,Beverages,Delivered,3,3.0,4085.18
ORD-103808,2024-07-08,Jaffna-North,Northern,Dairy,Delivered,2,2.0,4752.09
ORD-104063,2024-07-07,Kandy-Hub,Central,Produce,Delivered,1,1.0,2851.81
ORD-103844,2024-12-02,Galle-South,Southern,Dry Goods,Delivered,4,4.0,1763.45
ORD-102108,2024-04-12,Kandy-Hub,Central,Produce,Cancelled,5,,2904.35
ORD-104279,2024-11-04,Kandy-Hub,Central,Dairy,In Transit,5,,2896.01
ORD-100589,2024-11-03,Kurunegala-West,North-Western,Beverages,Delivered,1,1.0,4156.04
ORD-102234,2024-08-02,Kandy-Hub,Central,Beverages,Delivered,3,3.0,3222.63
ORD-103211,2024-04-10,Colombo-Central,Western,Dairy,Delivered,2,2.0,3586.59
ORD-100963,2024-03-20,Kandy-Hub,Central,Dairy,Delayed,1,5.0,2532.37
ORD-103415,2024-05-30,Colombo-Central,Western,Dry Goods,Cancelled,5,,3492.27
ORD-103826,2024-05-03,Kandy-Hub,Central,Frozen,Delivered,5,5.0,5021.56
ORD-100398,2024-04-12,Kurunegala-West,North-Western,Produce,Cancelled,5,,2952.09
ORD-102632,2024-11-29,Kurunegala-West,North-Western,Dairy,Delivered,4,4.0,4099.56
ORD-104900,2024-05-06,Galle-South,Southern,Dry Goods,Delivered,1,1.0,1153.35
ORD-102996,2024-04-20,Jaffna-North,Northern,Produce,Delivered,1,1.0,3190.47
ORD-100704,2024-02-17,Kandy-Hub,Central,Dry Goods,Delivered,5,5.0,2891.05
ORD-100431,2024-09-26,Kandy-Hub,Central,Frozen,Delivered,2,2.0,9367.64
ORD-100292,2024-12-14,Kandy-Hub,Central,Dairy,Delivered,4,4.0,4716.2
ORD-104916,2024-02-08,Colombo-Central,Western,Meat & Seafood,In Transit,3,,11595.02
ORD-100145,2024-11-07,Jaffna-North,Northern,Frozen,Delivered,4,4.0,9711.35
ORD-104378,2024-03-01,Jaffna-North,Northern,Dry Goods,Delivered,1,1.0,2751.52
ORD-102033,2024-09-04,Jaffna-North,Northern,Dairy,Delivered,2,2.0,3355.7
ORD-104671,2024-09-08,Kurunegala-West,North-Western,Meat & Seafood,Delayed,2,6.0,15734.03
ORD-101165,2024-02-08,Jaffna-North,Northern,Produce,Delivered,2,2.0,2742.01
ORD-103500,2024-01-23,Kandy-Hub,Central,Produce,Delayed,1,3.0,2347.49
ORD-102050,2024-03-03,Kurunegala-West,North-Western,Dairy,In Transit,5,,3138.7
ORD-102624,2024-12-02,Kurunegala-West,North-Western,Dairy,Delivered,5,5.0,5528.72
ORD-104422,2024-10-05,Galle-South,Southern,Meat & Seafood,Delayed,5,6.0,15422.24
ORD-100339,2024-12-13,Galle-South,Southern,Produce,Delivered,5,5.0,3181.19
ORD-103955,2024-12-10,Kandy-Hub,Central,Produce,Delivered,5,5.0,1887.17
ORD-103745,2024-12-25,Galle-South,Southern,Frozen,Delivered,5,5.0,10854.03
ORD-102973,2024-12-24,Kandy-Hub,Central,Produce,Delayed,1,2.0,2623.9
ORD-100265,2024-07-31,Kurunegala-West,North-Western,Produce,Delivered,5,5.0,1859.69
ORD-102424,2024-05-07,Kurunegala-West,North-Western,Frozen,Delivered,2,2.0,6197.46
ORD-101262,2024-06-11,Kandy-Hub,Central,Beverages,Delivered,3,3.0,3734.56
ORD-101771,2024-05-17,Jaffna-North,Northern,Dairy,Delayed,3,5.0,2783.88
ORD-103511,2024-07-30,Colombo-Central,Western,Dairy,In Transit,5,,4634.86
ORD-100271,2024-01-09,Galle-South,Southern,Dry Goods,Delivered,4,4.0,2893.99
ORD-100696,2024-09-20,Colombo-Central,Western,Dairy,Delivered,3,3.0,2759.4
ORD-100747,2024-04-24,Kandy-Hub,Central,Dry Goods,Delivered,4,4.0,1751.27
ORD-100244,2024-08-17,Kandy-Hub,Central,Dairy,Delayed,3,5.0,2632.97
ORD-100317,2024-09-22,Colombo-Central,Western,Frozen,Delivered,5,5.0,5117.92
ORD-100476,2024-11-05,Kandy-Hub,Central,Beverages,Delayed,3,7.0,4658.08
ORD-102032,2024-02-03,Kurunegala-West,North-Western,Meat & Seafood,Cancelled,2,,8069.53
ORD-100957,2024-08-19,Jaffna-North,Northern,Dry Goods,In Transit,1,,3229.85
ORD-103021,2024-02-17,Kandy-Hub,Central,Beverages,Delayed,5,7.0,3485.32
ORD-100813,2024-04-13,Kurunegala-West,North-Western,Frozen,Delivered,4,4.0,
ORD-104213,2024-09-17,Kurunegala-West,North-Western,Dry Goods,Delivered,2,2.0,1718.36
ORD-101914,2024-04-29,Colombo-Central,Western,Dairy,In Transit,1,,2536.18
ORD-104648,2024-04-16,Kurunegala-West,North-Western,Beverages,Delivered,2,2.0,
ORD-103487,2024-12-15,Galle-South,Southern,Dairy,Cancelled,2,,4891.19
ORD-101297,2024-09-04,Kurunegala-West,North-Western,Frozen,Delivered,3,3.0,7705.38
ORD-104624,2024-05-23,Kurunegala-West,North-Western,Dairy,Cancelled,4,,4592.09
ORD-101804,2024-02-16,Galle-South,Southern,Beverages,Delivered,1,1.0,3929.11
ORD-100758,2024-02-16,Galle-South,Southern,Dry Goods,Delayed,4,8.0,1431.53
ORD-100250,2024-03-06,Colombo-Central,Western,Dry Goods,In Transit,4,,2591.04
ORD-102461,2024-03-19,Kurunegala-West,North-Western,Meat & Seafood,Delivered,4,4.0,12872.25
ORD-100545,2024-01-20,Kurunegala-West,North-Western,Beverages,Delivered,4,4.0,5019.72
ORD-103241,2024-03-16,Kurunegala-West,North-Western,Beverages,Delayed,3,4.0,4853.9
ORD-100738,2024-09-26,Kandy-Hub,Central,Dairy,Delivered,3,3.0,5753.48
ORD-100310,2024-08-31,Kurunegala-West,North-Western,Frozen,Delivered,1,1.0,5601.53
ORD-103853,2024-05-08,Colombo-Central,Western,Produce,Delivered,1,1.0,3715.22
ORD-102941,2024-12-07,Kurunegala-West,North-Western,Frozen,Delivered,5,5.0,9198.63
ORD-101131,2024-09-01,Galle-South,Southern,Produce,Delivered,1,1.0,1915.59
ORD-101449,2024-02-07,Colombo-Central,Western,Beverages,Delivered,3,3.0,4280.07
ORD-104969,2024-10-24,Kandy-Hub,Central,Produce,Delivered,5,5.0,1672.44
ORD-100015,2024-10-13,Kurunegala-West,North-Western,Dry Goods,Delivered,3,3.0,3316.16
ORD-103232,2024-09-03,Kurunegala-West,North-Western,Produce,Delayed,3,4.0,2523.77
ORD-102769,2024-12-15,Kurunegala-West,North-Western,Produce,Delivered,3,3.0,3666.74
ORD-103468,2024-07-10,Jaffna-North,Northern,Frozen,Delivered,2,2.0,11675.06
ORD-100920,2024-11-14,Colombo-Central,Western,Dry Goods,Delivered,1,1.0,1475.51
ORD-103029,2024-11-22,Galle-South,Southern,Dairy,Delivered,4,4.0,4680.63
ORD-101372,2024-06-13,Kurunegala-West,North-Western,Beverages,Delivered,4,4.0,3198.86
ORD-103587,2024-09-08,Galle-South,Southern,Dry Goods,Delivered,5,5.0,2367.98
ORD-102544,2024-10-20,Galle-South,Southern,Dry Goods,Delivered,2,2.0,3405.37
ORD-103598,2024-04-13,Kandy-Hub,Central,Meat & Seafood,Delivered,1,1.0,9464.16
ORD-100038,2024-04-11,Kurunegala-West,North-Western,Meat & Seafood,Delivered,2,2.0,11966.18
ORD-100363,2024-11-22,Kurunegala-West,North-Western,Frozen,Delivered,2,2.0,
ORD-104700,2024-11-20,Colombo-Central,Western,Dairy,In Transit,5,,5008.63
ORD-100182,2024-06-30,Jaffna-North,Northern,Dairy,Delivered,5,5.0,4643.0
ORD-103033,2024-02-10,Kandy-Hub,Central,Beverages,Delayed,2,5.0,2057.19
ORD-102983,2024-10-27,Galle-South,Southern,Dry Goods,Delivered,1,1.0,2484.84
ORD-101194,2024-07-10,Kandy-Hub,Central,Dairy,Delayed,4,7.0,5675.47
ORD-102852,2024-02-11,Kandy-Hub,Central,Produce,Delivered,5,5.0,3454.37
ORD-103839,2024-12-13,Galle-South,Southern,Dry Goods,Delivered,2,2.0,1822.18
ORD-101121,2024-01-31,Galle-South,Southern,Meat & Seafood,Delivered,2,2.0,10065.24
ORD-102235,2024-10-15,Colombo-Central,Western,Dairy,Delivered,5,5.0,
ORD-102667,2024-12-18,Galle-South,Southern,Frozen,Delayed,5,9.0,8745.06
ORD-103161,2024-11-20,Kandy-Hub,Central,Beverages,Delayed,3,4.0,4477.37
ORD-103223,2024-10-10,Kurunegala-West,North-Western,Produce,Delivered,3,3.0,3161.94
ORD-101182,2024-09-09,Colombo-Central,Western,Dry Goods,Delayed,3,5.0,1165.25
ORD-104226,2024-06-13,Jaffna-North,Northern,Dairy,Delivered,5,5.0,5833.65
ORD-104337,2024-04-29,Kurunegala-West,North-Western,Dry Goods,In Transit,1,,3285.0
ORD-100614,2024-09-07,Galle-South,Southern,Dry Goods,Delivered,2,2.0,2204.62
ORD-104958,2024-12-01,Kandy-Hub,Central,Frozen,Delayed,3,7.0,9104.67
ORD-101466,2024-08-19,Kandy-Hub,Central,Beverages,Delivered,3,3.0,2891.6
ORD-100401,2024-10-10,Jaffna-North,Northern,Produce,Delivered,3,3.0,2967.06
ORD-103042,2024-04-29,Kurunegala-West,North-Western,Produce,Delivered,1,1.0,3221.01
ORD-100934,2024-06-10,Kurunegala-West,North-Western,Frozen,Delayed,2,3.0,5575.92
ORD-102419,2024-06-01,Jaffna-North,Northern,Meat & Seafood,In Transit,1,,17139.91
ORD-104179,2024-06-19,Kurunegala-West,North-Western,Produce,Delivered,3,3.0,1578.22
ORD-104559,2024-08-24,Jaffna-North,Northern,Beverages,Delivered,1,1.0,3347.54
ORD-102641,2024-06-30,Jaffna-North,Northern,Produce,Delayed,5,8.0,3580.97
ORD-104096,2024-07-14,Colombo-Central,Western,Frozen,Delivered,2,2.0,9873.22
ORD-100726,2024-09-20,Galle-South,Southern,Beverages,Delivered,1,1.0,2531.82
ORD-100826,2024-09-05,Colombo-Central,Western,Dry Goods,Delivered,5,5.0,3378.23
ORD-101521,2024-09-16,Colombo-Central,Western,Dairy,Cancelled,2,,2537.45
ORD-104793,2024-04-04,Kandy-Hub,Central,Frozen,Delivered,1,1.0,7921.54
ORD-102930,2024-03-04,Kandy-Hub,Central,Frozen,Delivered,3,3.0,6939.12
ORD-100136,2024-08-08,Galle-South,Southern,Frozen,Delivered,2,2.0,8995.61
ORD-103590,2024-02-10,Galle-South,Southern,Produce,Delivered,1,1.0,2616.06
ORD-100628,2024-07-03,Galle-South,Southern,Beverages,Delivered,5,5.0,3852.02
ORD-100334,2024-06-16,Jaffna-North,Northern,Produce,Delivered,3,3.0,3010.96
ORD-100390,2024-09-29,Colombo-Central,Western,Dairy,Delivered,1,1.0,5855.3
ORD-104431,2024-02-02,Colombo-Central,Western,Dairy,Delivered,1,1.0,5885.71
ORD-104925,2024-02-02,Galle-South,Southern,Dairy,Delivered,1,1.0,4577.79
ORD-103906,2024-09-18,Kurunegala-West,North-Western,Meat & Seafood,Delivered,3,3.0,16271.17
ORD-101817,2024-04-02,Galle-South,Southern,Produce,Delivered,1,1.0,2112.09
ORD-100400,2024-12-30,Kurunegala-West,North-Western,Meat & Seafood,Delivered,1,1.0,8234.12
ORD-100710,2024-09-04,Kandy-Hub,Central,Produce,Delivered,2,2.0,2125.25
ORD-101039,2024-10-28,Kandy-Hub,Central,Dry Goods,Delivered,2,2.0,1344.64
ORD-104068,2024-09-26,Galle-South,Southern,Dry Goods,Delivered,5,5.0,3369.86
ORD-103359,2024-07-11,Kurunegala-West,North-Western,Frozen,Delivered,1,1.0,5427.58
ORD-100046,2024-06-11,Jaffna-North,Northern,Frozen,Delivered,4,4.0,11162.88
ORD-101561,2024-04-02,Jaffna-North,Northern,Meat & Seafood,In Transit,2,,15080.04
ORD-104848,2024-02-25,Jaffna-North,Northern,Dairy,In Transit,1,,3537.93
ORD-103642,2024-12-05,Kurunegala-West,North-Western,Meat & Seafood,Delayed,5,9.0,15932.88
ORD-103726,2024-02-09,Kurunegala-West,North-Western,Dairy,Delivered,2,2.0,4815.27
ORD-104892,2024-01-22,Colombo-Central,Western,Beverages,Delayed,2,3.0,2007.41
ORD-101112,2024-03-11,Galle-South,Southern,Meat & Seafood,Delivered,5,5.0,14589.46
ORD-102513,2024-10-02,Kandy-Hub,Central,Dry Goods,Delivered,5,5.0,1535.82
ORD-103608,2024-08-13,Jaffna-North,Northern,Dairy,Delivered,2,2.0,
ORD-101223,2024-08-26,Kandy-Hub,Central,Beverages,Delayed,1,3.0,
ORD-104906,2024-04-14,Kurunegala-West,North-Western,Dairy,Delivered,1,1.0,5417.41
ORD-103023,2024-03-13,Colombo-Central,Western,Dairy,Delivered,3,3.0,2685.83
ORD-102421,2024-10-03,Kurunegala-West,North-Western,Dairy,Delivered,2,2.0,5396.02
ORD-101508,2024-11-11,Jaffna-North,Northern,Produce,Delivered,5,5.0,1716.41
ORD-101750,2024-12-05,Jaffna-North,Northern,Dairy,Delivered,4,4.0,5776.66
ORD-104886,2024-09-09,Jaffna-North,Northern,Beverages,Delivered,4,4.0,2266.87
ORD-104137,2024-04-04,Galle-South,Southern,Frozen,Delayed,2,4.0,6085.05
ORD-101799,2024-07-09,Jaffna-North,Northern,Dairy,Delivered,2,2.0,2604.97
ORD-100338,2024-03-14,Kandy-Hub,Central,Meat & Seafood,Delayed,2,5.0,13800.53
ORD-100215,2024-04-09,Kandy-Hub,Central,Produce,Delivered,5,5.0,1587.11
ORD-103663,2024-12-17,Kurunegala-West,North-Western,Dry Goods,In Transit,4,,2119.93
ORD-101341,2024-02-19,Kurunegala-West,North-Western,Dry Goods,Delivered,5,5.0,2640.99
ORD-100011,2024-12-22,Colombo-Central,Western,Frozen,Delivered,1,1.0,6790.75
ORD-101520,2024-11-11,Colombo-Central,Western,Beverages,Delivered,1,1.0,2466.86
ORD-103640,2024-09-20,Galle-South,Southern,Frozen,Delivered,1,1.0,11006.12
ORD-104743,2024-04-29,Kandy-Hub,Central,Meat & Seafood,Delayed,5,8.0,16214.34
ORD-103848,2024-09-27,Kandy-Hub,Central,Dry Goods,Delivered,5,5.0,2870.01
ORD-103004,2024-09-14,Kurunegala-West,North-Western,Produce,Delayed,2,5.0,3003.99
ORD-102864,2024-02-01,Kandy-Hub,Central,Produce,Delivered,1,1.0,1946.8
ORD-103115,2024-06-30,Kurunegala-West,North-Western,Dairy,Delivered,2,2.0,4935.28
ORD-104889,2024-06-24,Galle-South,Southern,Dairy,Delayed,4,6.0,3678.32
ORD-102322,2024-05-03,Kurunegala-West,North-Western,Dairy,Delivered,1,1.0,3202.13
ORD-102571,2024-12-06,Kurunegala-West,North-Western,Dry Goods,In Transit,4,,2882.35
ORD-102913,2024-03-23,Kurunegala-West,North-Western,Frozen,Delivered,2,2.0,7379.02
ORD-100101,2024-03-13,Galle-South,Southern,Produce,Cancelled,3,,2035.45
ORD-103549,2024-08-21,Kandy-Hub,Central,Dry Goods,Delivered,3,3.0,1916.02
ORD-101458,2024-04-06,Kandy-Hub,Central,Produce,Delivered,1,1.0,2363.33
ORD-100171,2024-02-02,Galle-South,Southern,Frozen,Delivered,2,2.0,7644.62
ORD-100107,2024-08-30,Kurunegala-West,North-Western,Dairy,Delivered,3,3.0,4628.19
ORD-104239,2024-03-28,Galle-South,Southern,Dry Goods,Delayed,1,5.0,2776.01
ORD-103569,2024-03-30,Kurunegala-West,North-Western,Dry Goods,Delivered,3,3.0,2968.83
ORD-104121,2024-12-11,Kurunegala-West,North-Western,Produce,Delivered,3,3.0,1681.92
ORD-104339,2024-07-02,Kandy-Hub,Central,Dairy,Delivered,2,2.0,3559.91
ORD-100024,2024-10-12,Kurunegala-West,North-Western,Dairy,Delivered,3,3.0,4450.68
ORD-103936,2024-07-10,Kurunegala-West,North-Western,Dry Goods,Delivered,4,4.0,2263.98
ORD-104396,2024-04-17,Kandy-Hub,Central,Produce,Delivered,5,5.0,2256.35
ORD-100938,2024-06-17,Kurunegala-West,North-Western,Beverages,In Transit,4,,3446.08
ORD-100060,2024-12-02,Galle-South,Southern,Dairy,In Transit,5,,3595.29
ORD-101240,2024-07-04,Jaffna-North,Northern,Dry Goods,Delivered,4,4.0,2741.35
ORD-104684,2024-07-07,Jaffna-North,Northern,Dry Goods,Delivered,5,5.0,2129.77
ORD-101040,2024-09-14,Kandy-Hub,Central,Dry Goods,Delivered,1,1.0,3466.71
ORD-104229,2024-01-06,Kandy-Hub,Central,Beverages,Delivered,5,5.0,2665.42
ORD-102760,2024-02-18,Kandy-Hub,Central,Dry Goods,Delayed,1,3.0,
ORD-102120,2024-10-07,Galle-South,Southern,Beverages,Delivered,1,1.0,3593.27
ORD-101524,2024-08-08,Kandy-Hub,Central,Frozen,Delayed,5,9.0,6875.33
ORD-103521,2024-05-01,Kurunegala-West,North-Western,Dairy,In Transit,3,,3380.95
ORD-100153,2024-04-17,Jaffna-North,Northern,Frozen,Delivered,3,3.0,11622.57
ORD-102248,2024-02-26,Galle-South,Southern,Meat & Seafood,Delayed,5,7.0,19497.54
ORD-100481,2024-10-29,Colombo-Central,Western,Dairy,In Transit,5,,5585.49
ORD-104763,2024-03-27,Galle-South,Southern,Frozen,Delivered,4,4.0,10723.25
ORD-104349,2024-05-08,Jaffna-North,Northern,Frozen,Delivered,5,5.0,10151.35
ORD-103578,2024-11-17,Kurunegala-West,North-Western,Produce,Delivered,2,2.0,3217.59
ORD-104167,2024-03-07,Kurunegala-West,North-Western,Produce,In Transit,4,,2787.23
ORD-103562,2024-06-02,Kurunegala-West,North-Western,Dairy,Delivered,1,1.0,3606.3
ORD-103315,2024-11-05,Colombo-Central,Western,Meat & Seafood,Delivered,5,5.0,17679.24
ORD-101762,2024-01-04,Colombo-Central,Western,Produce,Delayed,2,3.0,2824.44
ORD-103538,2024-07-11,Colombo-Central,Western,Produce,Delivered,2,2.0,1554.06
ORD-104852,2024-02-08,Kurunegala-West,North-Western,Beverages,Delivered,3,3.0,4261.02
ORD-100750,2024-12-16,Kurunegala-West,North-Western,Dry Goods,Delivered,2,2.0,1067.43
ORD-103619,2024-02-01,Jaffna-North,Northern,Beverages,Delivered,2,2.0,4161.32
ORD-101785,2024-03-29,Kurunegala-West,North-Western,Dry Goods,Delivered,4,4.0,2750.66
ORD-104314,2024-10-01,Colombo-Central,Western,Meat & Seafood,Delivered,5,5.0,17240.61
ORD-103383,2024-11-29,Jaffna-North,Northern,Dairy,In Transit,4,,3551.36
ORD-104180,2024-08-26,Kurunegala-West,North-Western,Frozen,Delivered,4,4.0,5398.9
ORD-100405,2024-07-01,Kandy-Hub,Central,Produce,Delivered,4,4.0,1531.97
ORD-100757,2024-05-19,Galle-South,Southern,Produce,Delivered,4,4.0,2038.44
ORD-102711,2024-01-09,Kandy-Hub,Central,Frozen,Delivered,3,3.0,9412.28
ORD-102670,2024-10-16,Colombo-Central,Western,Meat & Seafood,Delivered,2,2.0,19147.9
ORD-104841,2024-02-15,Kandy-Hub,Central,Dairy,In Transit,3,,5210.47
ORD-100097,2024-09-06,Kandy-Hub,Central,Dairy,Delayed,1,2.0,5302.38
ORD-101333,2024-10-21,Colombo-Central,Western,Produce,Delivered,1,1.0,2864.34
ORD-104796,2024-07-02,Jaffna-North,Northern,Dry Goods,Cancelled,5,,2682.47
ORD-102791,2024-02-26,Jaffna-North,Northern,Beverages,Delayed,4,6.0,4630.16
ORD-102854,2024-09-21,Jaffna-North,Northern,Produce,Delivered,3,3.0,3100.72
ORD-100186,2024-03-01,Kurunegala-West,North-Western,Frozen,Delivered,5,5.0,10049.03
ORD-104082,2024-10-07,Colombo-Central,Western,Dairy,Delivered,2,2.0,4103.21
ORD-102723,2024-05-17,Colombo-Central,Western,Dry Goods,Delayed,5,8.0,1951.88
ORD-103583,2024-04-22,Colombo-Central,Western,Produce,Delayed,3,4.0,1968.47
ORD-102058,2024-05-23,Kurunegala-West,North-Western,Produce,Delivered,5,5.0,1864.58
ORD-101319,2024-05-24,Kandy-Hub,Central,Beverages,In Transit,1,,5275.01
ORD-104241,2024-04-09,Kandy-Hub,Central,Frozen,Delivered,4,4.0,10007.56
ORD-100148,2024-10-26,Kandy-Hub,Central,Dry Goods,Delivered,4,4.0,2273.29
ORD-100028,2024-07-18,Jaffna-North,Northern,Beverages,Delivered,3,3.0,3255.18
ORD-104182,2024-02-06,Kurunegala-West,North-Western,Beverages,In Transit,3,,2023.81
ORD-104088,2024-12-24,Colombo-Central,Western,Dairy,Delivered,1,1.0,4884.06
ORD-103363,2024-10-26,Colombo-Central,Western,Meat & Seafood,Delivered,5,5.0,19370.91
ORD-100692,2024-12-05,Kurunegala-West,North-Western,Beverages,Delivered,3,3.0,3590.61
ORD-102866,2024-04-25,Jaffna-North,Northern,Dry Goods,Delayed,5,8.0,2760.52
ORD-103776,2024-07-13,Kurunegala-West,North-Western,Beverages,Delivered,5,5.0,4349.14
ORD-101386,2024-07-23,Galle-South,Southern,Dry Goods,Delivered,1,1.0,1317.55
ORD-101845,2024-08-13,Jaffna-North,Northern,Beverages,Delivered,5,5.0,3003.74
ORD-104902,2024-08-14,Kandy-Hub,Central,Dry Goods,Delivered,3,3.0,2731.68
ORD-100129,2024-08-19,Jaffna-North,Northern,Meat & Seafood,Delayed,2,4.0,11918.5
ORD-101599,2024-09-15,Colombo-Central,Western,Frozen,Cancelled,4,,11648.48
ORD-103629,2024-10-29,Colombo-Central,Western,Dry Goods,Delayed,5,8.0,2701.69
ORD-104661,2024-07-30,Galle-South,Southern,Produce,Delivered,3,3.0,1755.42
ORD-100701,2024-08-12,Kandy-Hub,Central,Meat & Seafood,Cancelled,4,,16406.91
ORD-104060,2024-02-22,Jaffna-North,Northern,Beverages,Delayed,1,4.0,2102.1
ORD-103028,2024-03-22,Galle-South,Southern,Produce,Delivered,4,4.0,1754.69
ORD-102969,2024-08-20,Kandy-Hub,Central,Meat & Seafood,Delivered,5,5.0,11886.89
ORD-104400,2024-05-18,Galle-South,Southern,Dairy,Delivered,4,4.0,5464.68
ORD-101708,2024-03-29,Kandy-Hub,Central,Frozen,Delivered,1,1.0,8608.04
ORD-102953,2024-06-08,Colombo-Central,Western,Beverages,Delivered,2,2.0,5412.5
ORD-100454,2024-08-05,Kandy-Hub,Central,Dairy,Delayed,1,4.0,2596.52
ORD-102868,2024-11-10,Jaffna-North,Northern,Dry Goods,Delivered,3,3.0,3314.77
ORD-102040,2024-04-15,Galle-South,Southern,Frozen,Cancelled,3,,8937.25
ORD-101772,2024-05-12,Kurunegala-West,North-Western,Frozen,In Transit,4,,9401.8
ORD-102315,2024-01-01,Galle-South,Southern,Dairy,Delivered,3,3.0,5712.57
ORD-100609,2024-11-09,Colombo-Central,Western,Dairy,Delivered,4,4.0,4110.47
ORD-100167,2024-03-01,Colombo-Central,Western,Dairy,Delivered,4,4.0,3741.25
ORD-100730,2024-09-23,Kurunegala-West,North-Western,Frozen,Delivered,4,4.0,10889.93
ORD-104292,2024-06-28,Jaffna-North,Northern,Dairy,Delivered,1,1.0,5654.97
ORD-103358,2024-03-09,Jaffna-North,Northern,Dairy,Delivered,3,3.0,3626.09
ORD-103896,2024-07-13,Kandy-Hub,Central,Meat & Seafood,Delayed,2,5.0,8274.77
ORD-102074,2024-09-11,Jaffna-North,Northern,Produce,Delivered,1,1.0,2177.18
ORD-104111,2024-06-24,Jaffna-North,Northern,Frozen,Delivered,4,4.0,10622.59
ORD-103700,2024-02-25,Galle-South,Southern,Frozen,Delayed,2,6.0,9070.22
ORD-101622,2024-12-03,Kurunegala-West,North-Western,Beverages,In Transit,3,,2670.8
ORD-100587,2024-02-06,Kurunegala-West,North-Western,Beverages,Delivered,1,1.0,2823.41
ORD-101401,2024-03-29,Jaffna-North,Northern,Beverages,In Transit,5,,5009.0
ORD-103045,2024-11-18,Kandy-Hub,Central,Dairy,Delayed,4,7.0,2841.73
ORD-103224,2024-08-10,Kurunegala-West,North-Western,Frozen,Cancelled,3,,8436.17
ORD-101700,2024-04-06,Kurunegala-West,North-Western,Beverages,Delivered,2,2.0,4794.46
ORD-103088,2024-03-25,Jaffna-North,Northern,Beverages,Delivered,5,5.0,4995.15
ORD-104434,2024-08-01,Galle-South,Southern,Meat & Seafood,In Transit,5,,16410.64
ORD-102981,2024-01-23,Kurunegala-West,North-Western,Produce,Delivered,4,4.0,3013.64
ORD-100040,2024-03-01,Kandy-Hub,Central,Dry Goods,In Transit,5,,2650.15
ORD-101379,2024-07-16,Kandy-Hub,Central,Meat & Seafood,Delivered,4,4.0,18215.19
ORD-102089,2024-01-08,Kandy-Hub,Central,Dry Goods,Delivered,1,1.0,1531.47
ORD-103924,2024-08-20,Kandy-Hub,Central,Beverages,Delivered,5,5.0,5430.04
ORD-102175,2024-10-05,Galle-South,Southern,Produce,Delivered,4,4.0,1649.58
ORD-103217,2024-06-05,Kurunegala-West,North-Western,Dairy,Delayed,2,6.0,3608.06
ORD-102885,2024-02-26,Colombo-Central,Western,Meat & Seafood,Delivered,4,4.0,16598.41
ORD-100074,2024-09-07,Colombo-Central,Western,Beverages,Delivered,1,1.0,2734.59
ORD-103986,2024-04-23,Jaffna-North,Northern,Produce,Cancelled,2,,2112.78
ORD-103967,2024-03-29,Kandy-Hub,Central,Beverages,Delivered,2,2.0,2189.36
ORD-102657,2024-04-08,Kurunegala-West,North-Western,Frozen,Delayed,3,6.0,9398.0
ORD-103180,2024-03-22,Galle-South,Southern,Beverages,Delivered,2,2.0,3437.99
ORD-102076,2024-06-18,Kurunegala-West,North-Western,Beverages,Delivered,2,2.0,4573.72
ORD-100441,2024-04-19,Galle-South,Southern,Dairy,Delivered,2,2.0,3616.35
ORD-104118,2024-03-16,Kandy-Hub,Central,Produce,Delivered,4,4.0,2068.08
ORD-102051,2024-04-20,Galle-South,Southern,Meat & Seafood,Delivered,1,1.0,10027.43
ORD-102541,2024-12-20,Kurunegala-West,North-Western,Frozen,Delivered,5,5.0,11495.96
ORD-103306,2024-04-10,Galle-South,Southern,Dry Goods,Delivered,5,5.0,1207.24
ORD-101301,2024-05-26,Colombo-Central,Western,Meat & Seafood,Delivered,4,4.0,15318.71
ORD-101781,2024-05-03,Colombo-Central,Western,Meat & Seafood,Cancelled,4,,15617.2
ORD-104863,2024-09-19,Jaffna-North,Northern,Dry Goods,Delivered,1,1.0,2576.63
ORD-103430,2024-04-01,Colombo-Central,Western,Frozen,Delivered,2,2.0,10295.35
ORD-101304,2024-08-10,Kandy-Hub,Central,Beverages,Delayed,3,6.0,3433.89
ORD-100236,2024-08-30,Galle-South,Southern,Meat & Seafood,Delayed,2,4.0,19472.88
ORD-102599,2024-05-22,Kandy-Hub,Central,Meat & Seafood,Delivered,4,4.0,9251.12
ORD-100520,2024-05-10,Galle-South,Southern,Meat & Seafood,Delivered,3,3.0,9650.4
ORD-102573,2024-05-22,Kurunegala-West,North-Western,Dry Goods,Delayed,3,7.0,2092.8
ORD-103280,2024-02-01,Jaffna-North,Northern,Dry Goods,Delivered,2,2.0,2442.39
ORD-103186,2024-10-06,Galle-South,Southern,Produce,Delayed,5,9.0,3068.89
ORD-103953,2024-06-18,Galle-South,Southern,Beverages,Delivered,3,3.0,3429.04
ORD-102768,2024-06-23,Kandy-Hub,Central,Dry Goods,Delayed,3,4.0,3123.06
ORD-100735,2024-09-01,Galle-South,Southern,Beverages,Delivered,4,4.0,3442.34
ORD-104751,2024-02-24,Galle-South,Southern,Dairy,Delivered,4,4.0,4888.76
ORD-104979,2024-08-10,Colombo-Central,Western,Dairy,Delivered,5,5.0,5359.67
ORD-102106,2024-10-06,Colombo-Central,Western,Beverages,Delivered,2,2.0,3904.12
ORD-102679,2024-05-16,Kandy-Hub,Central,Beverages,Delivered,3,3.0,4872.66
ORD-103229,2024-10-31,Jaffna-North,Northern,Meat & Seafood,In Transit,3,,19259.68
ORD-102761,2024-06-06,Jaffna-North,Northern,Beverages,Cancelled,4,,3737.06
ORD-100592,2024-03-28,Galle-South,Southern,Produce,Delivered,4,4.0,3251.82
ORD-101303,2024-11-22,Galle-South,Southern,Frozen,Delivered,4,4.0,9356.85
ORD-101387,2024-04-28,Jaffna-North,Northern,Meat & Seafood,Delivered,2,2.0,16227.39
ORD-104742,2024-06-05,Galle-South,Southern,Dairy,Delivered,3,3.0,5863.04
ORD-104571,2024-02-04,Kurunegala-West,North-Western,Meat & Seafood,Delivered,3,3.0,14890.55
ORD-104024,2024-06-14,Kurunegala-West,North-Western,Dry Goods,In Transit,1,,2362.56
ORD-101890,2024-03-08,Colombo-Central,Western,Frozen,Delivered,2,2.0,5072.87
ORD-102987,2024-10-12,Kandy-Hub,Central,Dairy,Delivered,2,2.0,4327.02
ORD-104974,2024-10-19,Galle-South,Southern,Meat & Seafood,Delivered,1,1.0,8775.49
ORD-103297,2024-11-27,Galle-South,Southern,Meat & Seafood,Delivered,4,4.0,9882.02
ORD-100904,2024-06-16,Colombo-Central,Western,Dry Goods,In Transit,3,,2816.44
ORD-104655,2024-03-13,Galle-South,Southern,Frozen,Delivered,1,1.0,
ORD-101279,2024-11-11,Kandy-Hub,Central,Dry Goods,Delivered,5,5.0,2092.35
ORD-100933,2024-08-24,Kandy-Hub,Central,Beverages,Delivered,3,3.0,5375.08
ORD-104949,2024-05-14,Galle-South,Southern,Frozen,Delivered,1,1.0,10658.41
ORD-102308,2024-04-22,Jaffna-North,Northern,Meat & Seafood,Delivered,4,4.0,17617.21
ORD-101555,2024-02-29,Galle-South,Southern,Dry Goods,In Transit,5,,2489.33
ORD-104578,2024-04-10,Colombo-Central,Western,Meat & Seafood,Delivered,3,3.0,8373.33
ORD-103190,2024-01-02,Kandy-Hub,Central,Beverages,In Transit,4,,4668.36
ORD-104486,2024-07-17,Kandy-Hub,Central,Beverages,Delivered,2,2.0,5021.84
ORD-100706,2024-01-03,Galle-South,Southern,Dry Goods,Delivered,2,2.0,1781.53
ORD-104882,2024-06-30,Kandy-Hub,Central,Beverages,Delayed,1,2.0,2941.35
ORD-103070,2024-06-03,Colombo-Central,Western,Dry Goods,Delivered,4,4.0,1342.82
ORD-100745,2024-05-12,Colombo-Central,Western,Dairy,Delivered,1,1.0,5275.52
ORD-103594,2024-03-31,Colombo-Central,Western,Meat & Seafood,Delivered,1,1.0,15279.33
ORD-101939,2024-03-16,Kurunegala-West,North-Western,Beverages,Delivered,2,2.0,5387.39
ORD-104444,2024-09-26,Jaffna-North,Northern,Dairy,Delivered,2,2.0,3508.76
ORD-102862,2024-10-31,Jaffna-North,Northern,Dry Goods,Delivered,5,5.0,
ORD-104075,2024-01-09,Kurunegala-West,North-Western,Beverages,Delivered,5,5.0,5128.0
ORD-100513,2024-10-25,Kurunegala-West,North-Western,Dry Goods,Delivered,2,2.0,2706.34
ORD-100081,2024-06-08,Galle-South,Southern,Produce,Delayed,2,6.0,2902.6
ORD-104066,2024-11-07,Kurunegala-West,North-Western,Frozen,Delivered,2,2.0,6843.24
ORD-101308,2024-05-31,Kandy-Hub,Central,Frozen,In Transit,2,,8570.07
ORD-104593,2024-09-22,Colombo-Central,Western,Beverages,Delivered,3,3.0,4651.44
ORD-100914,2024-08-04,Galle-South,Southern,Dairy,Delivered,2,2.0,4002.4
ORD-103452,2024-06-14,Jaffna-North,Northern,Produce,Delivered,4,4.0,3511.93
ORD-103695,2024-08-22,Kurunegala-West,North-Western,Frozen,Delivered,5,5.0,5024.98
ORD-104853,2024-01-26,Kandy-Hub,Central,Meat & Seafood,Delivered,3,3.0,15352.6
ORD-103156,2024-10-08,Colombo-Central,Western,Frozen,Delivered,4,4.0,7142.79
ORD-102198,2024-07-27,Kandy-Hub,Central,Frozen,Delivered,3,3.0,9317.23
ORD-104275,2024-10-09,Jaffna-North,Northern,Produce,Delivered,3,3.0,3188.83
ORD-100774,2024-11-04,Galle-South,Southern,Produce,Delivered,3,3.0,2638.21
ORD-100329,2024-07-21,Galle-South,Southern,Dry Goods,Delivered,1,1.0,1002.85
ORD-102054,2024-09-17,Kurunegala-West,North-Western,Beverages,Delivered,3,3.0,2982.17
ORD-102001,2024-01-23,Galle-South,Southern,Frozen,Delivered,5,5.0,8404.19
ORD-100943,2024-06-22,Jaffna-North,Northern,Dairy,Delivered,2,2.0,4634.69
ORD-100822,2024-02-19,Kurunegala-West,North-Western,Dairy,Delivered,2,2.0,3578.71
ORD-104572,2024-06-29,Colombo-Central,Western,Frozen,Delivered,3,3.0,8392.36
ORD-100909,2024-02-03,Galle-South,Southern,Meat & Seafood,Delivered,5,5.0,14007.6
ORD-102516,2024-09-09,Colombo-Central,Western,Meat & Seafood,Delivered,4,4.0,19399.08
ORD-100181,2024-02-25,Jaffna-North,Northern,Frozen,Delivered,4,4.0,
ORD-100164,2024-06-01,Kandy-Hub,Central,Frozen,Delivered,1,1.0,10618.02
ORD-101523,2024-02-24,Jaffna-North,Northern,Meat & Seafood,Delivered,1,1.0,18326.8
ORD-100451,2024-12-03,Jaffna-North,Northern,Frozen,Delivered,1,1.0,7362.54
ORD-103983,2024-09-03,Kurunegala-West,North-Western,Produce,Delivered,4,4.0,2079.38
ORD-102538,2024-07-12,Kandy-Hub,Central,Produce,Delivered,4,4.0,2984.09
ORD-104147,2024-11-08,Kandy-Hub,Central,Dry Goods,Delivered,2,2.0,2769.47
ORD-104824,2024-07-01,Colombo-Central,Western,Beverages,Delivered,1,1.0,4164.52
ORD-101311,2024-05-07,Kandy-Hub,Central,Produce,Cancelled,5,,3489.77
ORD-103149,2024-02-09,Colombo-Central,Western,Frozen,Delivered,3,3.0,5218.76
ORD-101111,2024-03-25,Galle-South,Southern,Meat & Seafood,Delayed,2,6.0,8550.88
ORD-104640,2024-11-03,Kandy-Hub,Central,Produce,Delivered,5,5.0,3700.71
ORD-103874,2024-08-14,Kandy-Hub,Central,Meat & Seafood,Delivered,4,4.0,10417.61
ORD-103489,2024-09-16,Jaffna-North,Northern,Dairy,In Transit,2,,2896.6
ORD-101287,2024-03-26,Colombo-Central,Western,Frozen,Delivered,4,4.0,9538.02
ORD-104219,2024-02-29,Kurunegala-West,North-Western,Dairy,Cancelled,5,,4190.3
ORD-104692,2024-12-27,Galle-South,Southern,Dairy,Delivered,4,4.0,3710.52
ORD-103680,2024-09-15,Kurunegala-West,North-Western,Beverages,Delivered,1,1.0,3558.65
ORD-104374,2024-04-20,Kandy-Hub,Central,Dry Goods,Delivered,5,5.0,2034.23
ORD-104210,2024-02-25,Jaffna-North,Northern,Frozen,Delivered,4,4.0,5266.62
ORD-103300,2024-08-20,Kurunegala-West,North-Western,Beverages,Delivered,3,3.0,5279.46
ORD-103310,2024-07-06,Colombo-Central,Western,Meat & Seafood,Delivered,4,4.0,11358.98
ORD-104601,2024-12-12,Galle-South,Southern,Frozen,Delivered,1,1.0,8627.15
ORD-103125,2024-11-20,Colombo-Central,Western,Dairy,Delivered,4,4.0,4826.3
ORD-100327,2024-01-14,Kandy-Hub,Central,Frozen,Delivered,4,4.0,11832.4
ORD-101790,2024-08-01,Kurunegala-West,North-Western,Beverages,Delivered,4,4.0,4418.27
ORD-102490,2024-05-04,Colombo-Central,Western,Dry Goods,Delivered,4,4.0,3281.46
ORD-102006,2024-06-07,Jaffna-North,Northern,Dry Goods,Delivered,5,5.0,2852.14
ORD-102007,2024-02-25,Jaffna-North,Northern,Dairy,Delivered,2,2.0,4900.44
ORD-101858,2024-07-10,Galle-South,Southern,Produce,Delivered,2,2.0,2274.44
ORD-104732,2024-10-05,Galle-South,Southern,Meat & Seafood,Delivered,3,3.0,12239.28
ORD-100312,2024-02-13,Kandy-Hub,Central,Frozen,Delayed,1,4.0,8068.22
ORD-100832,2024-06-14,Kurunegala-West,North-Western,Frozen,Delivered,1,1.0,6458.69
ORD-103079,2024-06-12,Kurunegala-West,North-Western,Beverages,Delivered,2,2.0,3820.64
ORD-104765,2024-02-24,Jaffna-North,Northern,Meat & Seafood,Delivered,1,1.0,16837.69
ORD-103462,2024-11-12,Jaffna-North,Northern,Dry Goods,Cancelled,4,,2042.26
ORD-101201,2024-06-23,Kurunegala-West,North-Western,Dry Goods,Delivered,1,1.0,3164.56
ORD-104435,2024-12-05,Galle-South,Southern,Beverages,Delivered,4,4.0,2679.48
ORD-103547,2024-11-17,Kurunegala-West,North-Western,Meat & Seafood,Delivered,5,5.0,15244.94
ORD-104072,2024-10-31,Colombo-Central,Western,Produce,Delivered,2,2.0,3321.58
ORD-102134,2024-06-09,Colombo-Central,Western,Beverages,Delivered,1,1.0,4134.23
ORD-103451,2024-01-21,Kurunegala-West,North-Western,Frozen,In Transit,5,,10541.38
ORD-102209,2024-02-20,Kurunegala-West,North-Western,Frozen,Delivered,1,1.0,6031.81
ORD-101901,2024-07-12,Jaffna-North,Northern,Frozen,Delivered,3,3.0,11521.01
ORD-104050,2024-04-28,Colombo-Central,Western,Produce,Delivered,3,3.0,2346.71
ORD-101481,2024-01-01,Kurunegala-West,North-Western,Beverages,Delivered,1,1.0,5107.95
ORD-100777,2024-02-13,Colombo-Central,Western,Frozen,Delayed,5,6.0,11209.66
ORD-100799,2024-06-10,Galle-South,Southern,Dairy,Delivered,2,2.0,5767.39
ORD-103714,2024-09-21,Galle-South,Southern,Produce,Delivered,3,3.0,1956.13
ORD-103942,2024-12-04,Kurunegala-West,North-Western,Meat & Seafood,Delivered,5,5.0,14968.55
ORD-100054,2024-06-30,Colombo-Central,Western,Frozen,Delivered,3,3.0,6532.29
ORD-102972,2024-08-06,Galle-South,Southern,Meat & Seafood,Delayed,3,6.0,14810.06
ORD-103335,2024-03-24,Galle-South,Southern,Frozen,Delivered,4,4.0,11241.42
ORD-101920,2024-05-23,Kandy-Hub,Central,Meat & Seafood,Delivered,2,2.0,11174.82
ORD-103715,2024-04-14,Kandy-Hub,Central,Produce,Delivered,5,5.0,2715.16
ORD-104693,2024-11-10,Colombo-Central,Western,Frozen,Delivered,2,2.0,7273.36
ORD-100946,2024-12-21,Kandy-Hub,Central,Beverages,Delivered,3,3.0,4042.1
ORD-101701,2024-03-06,Colombo-Central,Western,Meat & Seafood,Cancelled,4,,12337.12
ORD-103293,2024-04-15,Colombo-Central,Western,Dairy,Cancelled,2,,4746.14
ORD-102161,2024-03-30,Jaffna-North,Northern,Produce,Delayed,2,3.0,1946.31
ORD-101136,2024-09-21,Colombo-Central,Western,Beverages,Delivered,1,1.0,4046.68
ORD-100987,2024-04-25,Galle-South,Southern,Produce,Delivered,1,1.0,2751.5
ORD-102549,2024-02-16,Jaffna-North,Northern,Dairy,Delayed,5,9.0,5168.81
ORD-100193,2024-05-12,Colombo-Central,Western,Beverages,Delivered,5,5.0,4631.48
ORD-103057,2024-02-23,Galle-South,Southern,Dry Goods,Delivered,4,4.0,3284.78
ORD-103246,2024-10-07,Galle-South,Southern,Dairy,Delivered,2,2.0,4016.54
ORD-101394,2024-03-19,Galle-South,Southern,Dry Goods,Delivered,3,3.0,2229.81
ORD-102637,2024-09-28,Jaffna-North,Northern,Frozen,Delivered,2,2.0,7797.08
ORD-100768,2024-02-21,Galle-South,Southern,Produce,Delayed,4,7.0,2119.36
ORD-104750,2024-01-15,Kandy-Hub,Central,Dry Goods,Delivered,1,1.0,1916.47
ORD-103090,2024-05-05,Galle-South,Southern,Dairy,Delivered,2,2.0,4046.73
ORD-103495,2024-07-13,Colombo-Central,Western,Dry Goods,Delayed,3,5.0,2358.96
ORD-103215,2024-04-06,Jaffna-North,Northern,Produce,Delivered,2,2.0,1677.91
ORD-100285,2024-12-08,Galle-South,Southern,Produce,Cancelled,2,,3498.27
ORD-104988,2024-12-06,Jaffna-North,Northern,Dairy,In Transit,2,,
ORD-104801,2024-08-05,Galle-South,Southern,Dry Goods,Delivered,5,5.0,2874.44
ORD-102332,2024-04-07,Kandy-Hub,Central,Dry Goods,Delayed,4,6.0,3441.41
ORD-102717,2024-09-08,Jaffna-North,Northern,Dry Goods,Delivered,3,3.0,2343.83
ORD-102079,2024-02-15,Kandy-Hub,Central,Frozen,Delivered,5,5.0,5679.42
ORD-103389,2024-09-04,Kandy-Hub,Central,Frozen,Delivered,5,5.0,11092.07
ORD-100722,2024-11-04,Jaffna-North,Northern,Dairy,Delivered,5,5.0,3576.15
ORD-100951,2024-04-21,Kurunegala-West,North-Western,Dairy,Delivered,1,1.0,4624.6
ORD-104410,2024-02-14,Kurunegala-West,North-Western,Meat & Seafood,In Transit,4,,9618.29
ORD-102262,2024-01-12,Jaffna-North,Northern,Produce,Delayed,2,3.0,2758.51
ORD-100989,2024-10-14,Galle-South,Southern,Meat & Seafood,Delayed,5,9.0,11329.51
ORD-103212,2024-05-04,Kurunegala-West,North-Western,Dry Goods,Delivered,2,2.0,
ORD-101759,2024-07-31,Kurunegala-West,North-Western,Produce,Delivered,5,5.0,1950.98
ORD-104148,2024-11-10,Galle-South,Southern,Produce,Delivered,1,1.0,3055.72
ORD-101724,2024-07-13,Kandy-Hub,Central,Produce,Delivered,1,1.0,1676.8
ORD-100341,2024-04-16,Jaffna-North,Northern,Beverages,Delivered,2,2.0,2062.03
ORD-103701,2024-03-25,Colombo-Central,Western,Meat & Seafood,Delivered,1,1.0,10550.57
ORD-100688,2024-06-11,Jaffna-North,Northern,Meat & Seafood,Delivered,3,3.0,
ORD-103432,2024-03-16,Colombo-Central,Western,Dry Goods,Delayed,3,5.0,3258.01
ORD-100966,2024-08-07,Jaffna-North,Northern,Meat & Seafood,Delivered,5,5.0,13193.52
ORD-104775,2024-01-17,Jaffna-North,Northern,Dairy,Delivered,5,5.0,5402.76
ORD-102203,2024-05-02,Colombo-Central,Western,Produce,Delivered,1,1.0,2338.16
ORD-102713,2024-07-08,Kurunegala-West,North-Western,Produce,Delivered,5,5.0,2494.65
ORD-103572,2024-09-08,Kurunegala-West,North-Western,Dairy,In Transit,3,,5735.63
ORD-101990,2024-07-12,Galle-South,Southern,Dairy,Delivered,4,4.0,4146.97
ORD-104120,2024-09-21,Jaffna-North,Northern,Frozen,Delayed,3,5.0,11415.08
ORD-104361,2024-10-13,Kurunegala-West,North-Western,Produce,Cancelled,5,,3502.37
ORD-104791,2024-12-27,Galle-South,Southern,Meat & Seafood,Delayed,5,8.0,19550.65
ORD-103600,2024-06-11,Kurunegala-West,North-Western,Frozen,In Transit,3,,7919.0
ORD-104612,2024-10-14,Colombo-Central,Western,Dairy,Delayed,5,8.0,4833.52
ORD-101962,2024-02-22,Kandy-Hub,Central,Dairy,Delivered,3,3.0,3301.67
ORD-104166,2024-06-17,Jaffna-North,Northern,Meat & Seafood,Delayed,3,5.0,15151.05
ORD-100385,2024-02-14,Kurunegala-West,North-Western,Dairy,Delivered,5,5.0,3515.67
ORD-104414,2024-06-28,Galle-South,Southern,Dairy,Cancelled,3,,5470.13
ORD-104614,2024-07-23,Jaffna-North,Northern,Beverages,Delivered,2,2.0,5010.52
ORD-100536,2024-06-15,Colombo-Central,Western,Dairy,Delivered,2,2.0,5355.96
ORD-104712,2024-11-19,Galle-South,Southern,Beverages,Delivered,4,4.0,3702.9
ORD-103507,2024-10-23,Galle-South,Southern,Meat & Seafood,Delivered,1,1.0,9920.52
ORD-100201,2024-11-27,Galle-South,Southern,Dry Goods,Delivered,4,4.0,1535.24
ORD-101332,2024-06-04,Kandy-Hub,Central,Meat & Seafood,Delivered,4,4.0,13527.36
ORD-103502,2024-04-23,Kandy-Hub,Central,Frozen,In Transit,1,,7711.51
ORD-102708,2024-09-23,Galle-South,Southern,Beverages,Delivered,3,3.0,3469.56
ORD-104021,2024-01-18,Galle-South,Southern,Dairy,Delivered,5,5.0,5754.64
ORD-101854,2024-02-08,Kurunegala-West,North-Western,Beverages,Delivered,1,1.0,3809.17
ORD-104960,2024-05-19,Colombo-Central,Western,Dry Goods,Delayed,2,6.0,1957.6
ORD-102872,2024-10-25,Galle-South,Southern,Dairy,Delivered,3,3.0,4405.54
ORD-103030,2024-09-24,Kandy-Hub,Central,Dairy,Delivered,3,3.0,5312.07
ORD-101205,2024-11-25,Kurunegala-West,North-Western,Meat & Seafood,Delivered,3,3.0,
ORD-101645,2024-04-17,Jaffna-North,Northern,Beverages,Delayed,4,6.0,2048.94
ORD-103417,2024-11-15,Galle-South,Southern,Dry Goods,Delivered,1,1.0,1883.55
ORD-103476,2024-07-18,Galle-South,Southern,Produce,Delivered,2,2.0,2891.46
ORD-102861,2024-12-05,Galle-South,Southern,Frozen,Delivered,5,5.0,5318.22
ORD-101792,2024-05-05,Kurunegala-West,North-Western,Produce,Delayed,1,5.0,2383.36
ORD-103797,2024-01-24,Colombo-Central,Western,Dry Goods,In Transit,1,,1362.8
ORD-103368,2024-06-03,Galle-South,Southern,Dry Goods,Delivered,1,1.0,1268.46
ORD-103367,2024-04-15,Galle-South,Southern,Beverages,Delivered,2,2.0,3213.4
ORD-103533,2024-12-27,Galle-South,Southern,Beverages,Delivered,5,5.0,4779.76
ORD-104437,2024-12-11,Galle-South,Southern,Produce,Cancelled,1,,2446.11
ORD-103449,2024-06-29,Kandy-Hub,Central,Frozen,Delivered,3,3.0,8033.33
ORD-100603,2024-02-19,Galle-South,Southern,Dry Goods,Delayed,4,5.0,1212.4
ORD-103056,2024-10-19,Jaffna-North,Northern,Dairy,Delivered,3,3.0,3185.42
ORD-104404,2024-04-05,Jaffna-North,Northern,Meat & Seafood,Delivered,3,3.0,8962.39
ORD-100126,2024-01-29,Kandy-Hub,Central,Frozen,In Transit,1,,11496.76
ORD-103876,2024-09-10,Kandy-Hub,Central,Dry Goods,In Transit,5,,1803.81
ORD-102935,2024-03-24,Colombo-Central,Western,Beverages,Cancelled,4,,4423.59
ORD-103531,2024-01-27,Galle-South,Southern,Dry Goods,Delivered,4,4.0,1859.68
ORD-102730,2024-12-16,Galle-South,Southern,Meat & Seafood,Delivered,4,4.0,16694.62
ORD-100827,2024-11-23,Jaffna-North,Northern,Produce,Delivered,5,5.0,2306.02
ORD-101639,2024-04-09,Kandy-Hub,Central,Frozen,Delivered,1,1.0,7507.44
ORD-100984,2024-08-02,Colombo-Central,Western,Meat & Seafood,Delayed,3,6.0,11814.67
ORD-103281,2024-10-02,Kandy-Hub,Central,Dairy,Delivered,3,3.0,2846.75
ORD-103049,2024-09-15,Jaffna-North,Northern,Frozen,Delivered,3,3.0,8567.09
ORD-102188,2024-06-17,Kandy-Hub,Central,Produce,Delivered,3,3.0,1834.29
ORD-104893,2024-01-18,Galle-South,Southern,Dry Goods,Delivered,1,1.0,1504.86
ORD-102443,2024-03-18,Galle-South,Southern,Produce,Delivered,2,2.0,3621.83
ORD-100362,2024-03-22,Galle-South,Southern,Dry Goods,Delivered,5,5.0,2894.73
ORD-102349,2024-07-03,Jaffna-North,Northern,Frozen,Delivered,3,3.0,8206.7
ORD-100345,2024-04-03,Kandy-Hub,Central,Meat & Seafood,Delivered,1,1.0,10803.09
ORD-100814,2024-10-10,Galle-South,Southern,Dairy,Delivered,4,4.0,4182.5
ORD-103205,2024-09-04,Galle-South,Southern,Produce,Delivered,5,5.0,2241.56
ORD-103906,2024-09-18,Kurunegala-West,North-Western,Meat & Seafood,Delivered,3,3.0,16271.17
ORD-104844,2024-10-01,Jaffna-North,Northern,Dairy,Delayed,1,3.0,5576.14
ORD-103325,2024-10-12,Kurunegala-West,North-Western,Dairy,Delivered,5,5.0,4000.77
ORD-104106,2024-02-07,Galle-South,Southern,Meat & Seafood,Delivered,4,4.0,16180.57
ORD-102116,2024-12-16,Galle-South,Southern,Produce,Delivered,4,4.0,3803.18
ORD-101834,2024-05-29,Colombo-Central,Western,Meat & Seafood,Delivered,5,5.0,10404.32
ORD-100793,2024-10-28,Kurunegala-West,North-Western,Produce,Delivered,2,2.0,1670.04
ORD-104996,2024-09-29,Kurunegala-West,North-Western,Dry Goods,Delivered,5,5.0,3211.58
ORD-102674,2024-12-05,Kurunegala-West,North-Western,Dry Goods,Delivered,4,4.0,1296.33
ORD-100094,2024-11-23,Galle-South,Southern,Beverages,Delivered,2,2.0,3835.76
ORD-103756,2024-08-20,Jaffna-North,Northern,Beverages,Delivered,1,1.0,5030.97
ORD-102891,2024-07-26,Kurunegala-West,North-Western,Dairy,In Transit,4,,5966.79
ORD-102371,2024-10-27,Colombo-Central,Western,Beverages,Delayed,1,3.0,3195.86
ORD-104933,2024-10-29,Kandy-Hub,Central,Produce,Cancelled,4,,2454.91
ORD-104476,2024-12-08,Kandy-Hub,Central,Beverages,Delivered,4,4.0,4510.7
ORD-103228,2024-09-26,Kandy-Hub,Central,Produce,Delayed,1,5.0,3943.25
ORD-102853,2024-02-02,Galle-South,Southern,Dairy,Delayed,2,6.0,5121.38
ORD-102912,2024-06-21,Kandy-Hub,Central,Beverages,Delivered,5,5.0,5173.92
ORD-101865,2024-05-27,Kurunegala-West,North-Western,Produce,Delivered,2,2.0,2295.45
ORD-101857,2024-08-01,Kurunegala-West,North-Western,Meat & Seafood,Delivered,1,1.0,14220.11
ORD-102645,2024-01-02,Galle-South,Southern,Meat & Seafood,In Transit,2,,19162.99
ORD-102243,2024-02-10,Kandy-Hub,Central,Frozen,Delivered,3,3.0,9742.89
ORD-102336,2024-06-14,Kurunegala-West,North-Western,Meat & Seafood,Delivered,2,2.0,13877.26
ORD-100950,2024-02-04,Galle-South,Southern,Dairy,In Transit,5,,3405.48
ORD-103068,2024-02-24,Kurunegala-West,North-Western,Dry Goods,Delivered,4,4.0,2071.73
ORD-101120,2024-01-06,Kandy-Hub,Central,Produce,In Transit,2,,3603.6
ORD-102597,2024-09-20,Galle-South,Southern,Produce,Cancelled,1,,3941.45
ORD-102204,2024-06-14,Colombo-Central,Western,Dry Goods,Delivered,5,5.0,1422.52
ORD-100419,2024-07-03,Jaffna-North,Northern,Dairy,Delivered,2,2.0,5699.31
ORD-100922,2024-06-11,Jaffna-North,Northern,Dry Goods,Delivered,5,5.0,2090.32
ORD-101254,2024-08-25,Kandy-Hub,Central,Dry Goods,Delivered,5,5.0,2397.93
ORD-100477,2024-01-07,Jaffna-North,Northern,Frozen,Cancelled,2,,5629.47
ORD-102035,2024-11-04,Colombo-Central,Western,Beverages,Delivered,1,1.0,3533.95
ORD-101202,2024-12-25,Kandy-Hub,Central,Frozen,Delivered,4,4.0,5093.61
ORD-102626,2024-12-23,Kandy-Hub,Central,Meat & Seafood,Delivered,2,2.0,
ORD-104867,2024-04-27,Kandy-Hub,Central,Dairy,Delivered,1,1.0,4380.44
ORD-101970,2024-10-29,Colombo-Central,Western,Beverages,Delivered,4,4.0,2946.54
ORD-103110,2024-07-15,Kandy-Hub,Central,Dairy,Delivered,1,1.0,3512.37
ORD-104018,2024-03-09,Colombo-Central,Western,Dry Goods,Delivered,5,5.0,3130.15
ORD-102151,2024-04-27,Kandy-Hub,Central,Dry Goods,Delayed,5,9.0,2888.27
ORD-103687,2024-12-09,Kandy-Hub,Central,Frozen,Delivered,2,2.0,10336.02
ORD-101997,2024-12-28,Kandy-Hub,Central,Meat & Seafood,Delivered,1,1.0,17527.07
ORD-104033,2024-04-12,Galle-South,Southern,Frozen,Delayed,4,7.0,8627.63
ORD-103054,2024-10-14,Jaffna-North,Northern,Produce,Delayed,5,7.0,3646.58
ORD-101248,2024-04-28,Colombo-Central,Western,Meat & Seafood,Delayed,5,6.0,9335.99
ORD-102192,2024-04-14,Galle-South,Southern,Frozen,Delayed,5,9.0,9118.2
ORD-102712,2024-12-09,Kandy-Hub,Central,Frozen,Delivered,1,1.0,7408.5
ORD-100992,2024-03-12,Kurunegala-West,North-Western,Meat & Seafood,Delivered,5,5.0,18695.36
ORD-102190,2024-05-12,Galle-South,Southern,Beverages,Delivered,5,5.0,3645.3
ORD-103762,2024-07-29,Jaffna-North,Northern,Meat & Seafood,Delivered,5,5.0,11161.74
ORD-103597,2024-07-21,Galle-South,Southern,Dry Goods,Delivered,1,1.0,3167.83
ORD-101318,2024-06-12,Galle-South,Southern,Beverages,Delayed,4,8.0,4749.27
ORD-101863,2024-05-15,Galle-South,Southern,Produce,Delivered,3,3.0,3138.55
ORD-102343,2024-09-26,Jaffna-North,Northern,Frozen,Delivered,5,5.0,7126.43
ORD-102449,2024-03-03,Kurunegala-West,North-Western,Dry Goods,Delivered,5,5.0,2001.42
ORD-102136,2024-07-17,Galle-South,Southern,Dairy,Delivered,2,2.0,4491.37
ORD-101065,2024-05-21,Kandy-Hub,Central,Dry Goods,Delivered,1,1.0,2608.49
ORD-102464,2024-06-18,Galle-South,Southern,Meat & Seafood,Delivered,2,2.0,16998.15
ORD-104227,2024-08-11,Galle-South,Southern,Dry Goods,Delivered,2,2.0,3314.23
ORD-102621,2024-05-23,Galle-South,Southern,Dairy,Delivered,1,1.0,5297.04
ORD-100077,2024-03-23,Colombo-Central,Western,Meat & Seafood,Delivered,5,5.0,12152.84
ORD-102898,2024-10-17,Kurunegala-West,North-Western,Frozen,In Transit,5,,6237.24
ORD-101314,2024-11-25,Kurunegala-West,North-Western,Beverages,In Transit,3,,5038.8
ORD-104416,2024-06-20,Galle-South,Southern,Meat & Seafood,Delayed,3,6.0,16415.37
ORD-100872,2024-02-11,Jaffna-North,Northern,Dry Goods,Delivered,2,2.0,2150.82
ORD-103850,2024-09-24,Kandy-Hub,Central,Produce,Delivered,5,5.0,3287.09
ORD-104836,2024-02-20,Galle-South,Southern,Beverages,Delivered,3,3.0,5456.22
ORD-102965,2024-08-04,Galle-South,Southern,Meat & Seafood,In Transit,5,,11231.24
ORD-103391,2024-07-09,Galle-South,Southern,Produce,Delivered,4,4.0,2581.15
ORD-102560,2024-07-29,Jaffna-North,Northern,Frozen,In Transit,2,,8698.65
ORD-104946,2024-05-15,Jaffna-North,Northern,Beverages,Delivered,5,5.0,2392.3
ORD-102635,2024-01-10,Kandy-Hub,Central,Beverages,Delivered,5,5.0,4095.1
ORD-103530,2024-05-18,Jaffna-North,Northern,Beverages,Delivered,5,5.0,2281.86
ORD-100375,2024-02-04,Jaffna-North,Northern,Dry Goods,Delivered,2,2.0,1663.36
ORD-101908,2024-01-14,Colombo-Central,Western,Dry Goods,Delayed,2,5.0,1897.65
ORD-104376,2024-04-25,Galle-South,Southern,Produce,Delayed,1,4.0,1802.42
ORD-104423,2024-06-15,Kandy-Hub,Central,Beverages,Delayed,4,8.0,4389.8
ORD-104027,2024-06-09,Colombo-Central,Western,Beverages,Delayed,4,5.0,2625.28
ORD-101604,2024-02-15,Galle-South,Southern,Beverages,Delayed,5,9.0,4036.89
ORD-101118,2024-09-20,Galle-South,Southern,Produce,Delivered,1,1.0,3964.67
ORD-103677,2024-10-07,Galle-South,Southern,Meat & Seafood,Delayed,2,6.0,11984.77
ORD-103490,2024-02-09,Galle-South,Southern,Frozen,Delivered,2,2.0,7801.96
ORD-104913,2024-08-09,Kurunegala-West,North-Western,Beverages,In Transit,1,,2282.34
ORD-102958,2024-07-06,Kurunegala-West,North-Western,Frozen,Delivered,2,2.0,10658.56
ORD-101994,2024-10-02,Jaffna-North,Northern,Meat & Seafood,Delivered,3,3.0,13054.65
ORD-100106,2024-10-11,Jaffna-North,Northern,Beverages,Delayed,3,7.0,2414.05
ORD-104399,2024-08-29,Jaffna-North,Northern,Beverages,Cancelled,3,,2604.97
ORD-102376,2024-11-07,Jaffna-North,Northern,Beverages,Delayed,2,6.0,3275.2
ORD-101342,2024-02-13,Jaffna-North,Northern,Dry Goods,Delivered,1,1.0,1984.77
ORD-100320,2024-04-27,Kandy-Hub,Central,Meat & Seafood,Delivered,2,2.0,18924.35
ORD-101619,2024-12-27,Colombo-Central,Western,Beverages,In Transit,2,,3979.83
ORD-103713,2024-03-22,Kurunegala-West,North-Western,Produce,Delivered,1,1.0,3282.58
ORD-102060,2024-11-22,Galle-South,Southern,Frozen,Delivered,1,1.0,5383.76
ORD-102219,2024-03-11,Kandy-Hub,Central,Dry Goods,Delivered,2,2.0,2187.63
ORD-101673,2024-10-03,Galle-South,Southern,Meat & Seafood,Delivered,1,1.0,11453.97
ORD-100260,2024-10-16,Kurunegala-West,North-Western,Produce,Delivered,4,4.0,1589.55
ORD-104461,2024-05-03,Kandy-Hub,Central,Produce,Delivered,4,4.0,3991.32
ORD-102039,2024-06-13,Jaffna-North,Northern,Meat & Seafood,Delivered,3,3.0,14526.21
ORD-100901,2024-01-16,Colombo-Central,Western,Dairy,Delivered,2,2.0,5327.34
ORD-103744,2024-03-29,Galle-South,Southern,Produce,Delayed,5,6.0,1818.13
ORD-102026,2024-08-12,Kandy-Hub,Central,Produce,Delivered,2,2.0,2115.76
ORD-104234,2024-04-04,Galle-South,Southern,Frozen,Delayed,4,5.0,7273.65
ORD-101917,2024-06-28,Colombo-Central,Western,Beverages,Delayed,3,6.0,3395.17
ORD-101828,2024-08-12,Galle-South,Southern,Dry Goods,Delivered,4,4.0,3184.81
ORD-101573,2024-10-23,Jaffna-North,Northern,Meat & Seafood,Delivered,5,5.0,18179.03
ORD-104438,2024-05-05,Kandy-Hub,Central,Produce,Delivered,4,4.0,3440.56
ORD-104208,2024-03-23,Kandy-Hub,Central,Beverages,Delivered,5,5.0,
ORD-100224,2024-09-20,Galle-South,Southern,Beverages,In Transit,5,,3948.74
ORD-100723,2024-02-13,Galle-South,Southern,Dairy,In Transit,5,,3781.15
ORD-104530,2024-01-12,Jaffna-North,Northern,Dairy,Delivered,5,5.0,2667.55
ORD-101141,2024-05-03,Colombo-Central,Western,Dairy,Cancelled,4,,3067.13
ORD-102762,2024-05-13,Galle-South,Southern,Dairy,Delivered,5,5.0,5851.07
ORD-100846,2024-02-27,Colombo-Central,Western,Dairy,Delivered,1,1.0,5945.42
ORD-102551,2024-04-27,Galle-South,Southern,Beverages,Delivered,2,2.0,3424.51
ORD-102928,2024-03-08,Kurunegala-West,North-Western,Dairy,Delivered,4,4.0,3953.82
ORD-100117,2024-02-21,Galle-South,Southern,Dry Goods,Delivered,4,4.0,1758.13
ORD-100645,2024-04-29,Colombo-Central,Western,Meat & Seafood,Delivered,1,1.0,19933.29
ORD-100003,2024-06-09,Jaffna-North,Northern,Dry Goods,Delivered,1,1.0,3076.46
ORD-104170,2024-05-16,Galle-South,Southern,Beverages,Delivered,3,3.0,4591.53
ORD-100467,2024-08-05,Kandy-Hub,Central,Frozen,Delayed,5,6.0,6339.27
ORD-100005,2024-11-09,Kurunegala-West,North-Western,Beverages,Delayed,2,4.0,4030.63
ORD-100919,2024-08-20,Kurunegala-West,North-Western,Dairy,Delivered,5,5.0,3921.38
ORD-102595,2024-03-01,Jaffna-North,Northern,Dry Goods,Delivered,2,2.0,3217.92
ORD-101063,2024-09-14,Colombo-Central,Western,Meat & Seafood,Delivered,2,2.0,17932.58
ORD-102590,2024-01-26,Colombo-Central,Western,Dairy,Delivered,3,3.0,5332.41
ORD-100242,2024-02-04,Kurunegala-West,North-Western,Dry Goods,Delayed,4,8.0,1754.48
ORD-101160,2024-07-31,Kandy-Hub,Central,Frozen,Delivered,5,5.0,11892.68
ORD-102870,2024-04-13,Colombo-Central,Western,Dry Goods,Delivered,3,3.0,1655.08
ORD-103735,2024-03-15,Galle-South,Southern,Dairy,Delivered,5,5.0,2749.52
ORD-102397,2024-04-15,Colombo-Central,Western,Frozen,Delayed,2,6.0,7101.73
ORD-103517,2024-11-25,Kurunegala-West,North-Western,Frozen,Delivered,3,3.0,11293.35
ORD-103421,2024-10-14,Jaffna-North,Northern,Dairy,Delivered,4,4.0,2708.2
ORD-102563,2024-05-29,Kurunegala-West,North-Western,Produce,Delivered,5,5.0,
ORD-101605,2024-11-20,Kandy-Hub,Central,Beverages,Delayed,5,8.0,3705.27
ORD-104877,2024-06-08,Jaffna-North,Northern,Produce,In Transit,4,,2612.3
ORD-102324,2024-09-29,Galle-South,Southern,Meat & Seafood,Delivered,5,5.0,17857.45
ORD-102709,2024-11-15,Jaffna-North,Northern,Produce,Delivered,1,1.0,2427.89
ORD-104442,2024-09-06,Colombo-Central,Western,Frozen,Delivered,5,5.0,5422.89
ORD-101312,2024-10-11,Colombo-Central,Western,Beverages,Delivered,3,3.0,4040.4
ORD-103448,2024-08-08,Kurunegala-West,North-Western,Produce,Delivered,1,1.0,3199.04
ORD-103812,2024-09-03,Galle-South,Southern,Produce,Delivered,4,4.0,2506.68
ORD-104702,2024-07-17,Kandy-Hub,Central,Dry Goods,Delivered,1,1.0,2700.41
ORD-102362,2024-12-17,Colombo-Central,Western,Meat & Seafood,Delivered,2,2.0,9999.35
ORD-101975,2024-01-19,Jaffna-North,Northern,Frozen,Cancelled,1,,11992.47
ORD-103514,2024-04-06,Galle-South,Southern,Produce,Cancelled,5,,3754.13
ORD-101761,2024-05-29,Kandy-Hub,Central,Produce,Delivered,2,2.0,1624.57
ORD-102739,2024-05-05,Galle-South,Southern,Beverages,Delivered,5,5.0,4459.02
ORD-104706,2024-06-20,Kandy-Hub,Central,Beverages,Delivered,5,5.0,5393.42
ORD-102472,2024-05-31,Kandy-Hub,Central,Dry Goods,Cancelled,4,,1572.64
ORD-104007,2024-08-25,Galle-South,Southern,Dry Goods,Delivered,5,5.0,2143.75
ORD-101493,2024-05-01,Kandy-Hub,Central,Produce,Delivered,5,5.0,3902.2
ORD-104206,2024-11-26,Kandy-Hub,Central,Meat & Seafood,Delivered,1,1.0,9618.49
ORD-102158,2024-10-23,Colombo-Central,Western,Dairy,In Transit,3,,4379.06
ORD-101169,2024-11-30,Jaffna-North,Northern,Beverages,In Transit,3,,3673.83
ORD-104561,2024-06-02,Kandy-Hub,Central,Beverages,Delayed,3,5.0,4403.04
ORD-100232,2024-01-08,Kandy-Hub,Central,Produce,Delivered,1,1.0,2776.07
ORD-100066,2024-11-26,Galle-South,Southern,Beverages,Delivered,1,1.0,3806.74
ORD-101603,2024-04-25,Kandy-Hub,Central,Dry Goods,Delayed,5,8.0,1147.42
ORD-103283,2024-02-05,Galle-South,Southern,Beverages,Delivered,1,1.0,4329.2
ORD-103596,2024-05-03,Kurunegala-West,North-Western,Dairy,Delivered,4,4.0,3022.71
ORD-100125,2024-07-25,Jaffna-North,Northern,Produce,Delivered,4,4.0,3490.25
ORD-101296,2024-04-05,Colombo-Central,Western,Meat & Seafood,Delivered,4,4.0,17798.76
ORD-101976,2024-12-06,Jaffna-North,Northern,Dry Goods,Delivered,1,1.0,2462.17
ORD-104562,2024-01-08,Jaffna-North,Northern,Dairy,Delayed,5,8.0,2912.53
ORD-104526,2024-01-07,Kurunegala-West,North-Western,Produce,In Transit,2,,3046.99
ORD-102075,2024-05-28,Galle-South,Southern,Produce,Delivered,5,5.0,3803.55
ORD-103086,2024-03-07,Jaffna-North,Northern,Beverages,Delivered,3,3.0,2937.51
ORD-104870,2024-03-10,Jaffna-North,Northern,Frozen,In Transit,3,,8374.56
ORD-103345,2024-10-04,Kurunegala-West,North-Western,Dry Goods,In Transit,4,,2755.44
ORD-104509,2024-12-18,Kurunegala-West,North-Western,Dry Goods,Delivered,5,5.0,1357.68
ORD-102797,2024-07-26,Colombo-Central,Western,Dry Goods,Delivered,2,2.0,2116.6
ORD-100918,2024-04-02,Jaffna-North,Northern,Dairy,Delivered,4,4.0,3283.74
ORD-101646,2024-05-05,Colombo-Central,Western,Dairy,Delivered,4,4.0,5693.6
ORD-100364,2024-02-12,Kandy-Hub,Central,Dry Goods,Delayed,5,8.0,1192.82
ORD-103287,2024-03-14,Kandy-Hub,Central,Frozen,Delivered,4,4.0,11093.5
ORD-102125,2024-04-03,Kurunegala-West,North-Western,Dairy,Delayed,4,7.0,4762.19
ORD-104123,2024-04-07,Kandy-Hub,Central,Dairy,Delivered,5,5.0,5935.33
ORD-100525,2024-04-23,Colombo-Central,Western,Dairy,Delivered,3,3.0,
ORD-100055,2024-01-16,Kurunegala-West,North-Western,Produce,In Transit,1,,2453.86
ORD-100638,2024-10-16,Colombo-Central,Western,Beverages,Delayed,5,7.0,4475.43
ORD-100302,2024-01-04,Colombo-Central,Western,Dairy,Delivered,4,4.0,2599.12
ORD-102766,2024-05-14,Kurunegala-West,North-Western,Frozen,Delivered,4,4.0,10646.69
ORD-101276,2024-08-27,Colombo-Central,Western,Frozen,Delivered,1,1.0,7852.35
ORD-102055,2024-05-13,Colombo-Central,Western,Dairy,Delivered,1,1.0,5427.49
ORD-103644,2024-12-16,Colombo-Central,Western,Produce,Delivered,4,4.0,3585.32
ORD-104143,2024-06-12,Kurunegala-West,North-Western,Produce,Delivered,2,2.0,2710.42
ORD-102878,2024-11-13,Jaffna-North,Northern,Produce,Delivered,5,5.0,2269.12
ORD-104202,2024-05-05,Kandy-Hub,Central,Beverages,Delivered,5,5.0,2694.24
ORD-102286,2024-11-26,Jaffna-North,Northern,Frozen,Delivered,3,3.0,7383.37
ORD-102261,2024-12-30,Colombo-Central,Western,Produce,Delivered,1,1.0,3872.8
ORD-102296,2024-03-02,Kandy-Hub,Central,Beverages,Delivered,5,5.0,4973.53
ORD-101753,2024-05-24,Colombo-Central,Western,Dry Goods,Delayed,2,6.0,1258.27
ORD-101968,2024-11-02,Galle-South,Southern,Dry Goods,Delivered,5,5.0,1364.1
ORD-104395,2024-07-05,Galle-South,Southern,Meat & Seafood,Delivered,5,5.0,9937.56
ORD-103117,2024-08-22,Kandy-Hub,Central,Meat & Seafood,Delivered,1,1.0,15695.26
ORD-102393,2024-03-21,Kandy-Hub,Central,Beverages,In Transit,1,,2801.15
ORD-100523,2024-10-28,Kurunegala-West,North-Western,Dry Goods,Delivered,3,3.0,3371.65
ORD-103900,2024-07-08,Colombo-Central,Western,Meat & Seafood,Delayed,4,7.0,13494.93
ORD-103122,2024-06-21,Jaffna-North,Northern,Frozen,In Transit,5,,9989.08
ORD-104156,2024-09-14,Kurunegala-West,North-Western,Frozen,Delivered,4,4.0,10476.36
ORD-101969,2024-02-25,Jaffna-North,Northern,Beverages,Delivered,2,2.0,2004.61
ORD-100671,2024-08-12,Jaffna-North,Northern,Beverages,Delivered,1,1.0,3561.0
ORD-104188,2024-01-16,Galle-South,Southern,Meat & Seafood,Delivered,2,2.0,19480.21
ORD-100666,2024-07-02,Kandy-Hub,Central,Frozen,Delivered,2,2.0,8252.38
ORD-104382,2024-05-08,Jaffna-North,Northern,Frozen,Delivered,3,3.0,8985.32
ORD-101887,2024-05-30,Kandy-Hub,Central,Beverages,Delayed,5,6.0,2988.1
ORD-103266,2024-09-26,Colombo-Central,Western,Dry Goods,Delivered,3,3.0,1833.81
ORD-100280,2024-04-10,Jaffna-North,Northern,Beverages,Delayed,4,8.0,5386.36
ORD-101719,2024-07-07,Jaffna-North,Northern,Produce,Delivered,1,1.0,3920.31
ORD-102947,2024-06-30,Colombo-Central,Western,Dry Goods,Delivered,3,3.0,2390.52
ORD-100899,2024-08-12,Kurunegala-West,North-Western,Frozen,Delayed,5,9.0,5353.23
ORD-104899,2024-08-01,Jaffna-North,Northern,Frozen,Delivered,3,3.0,10856.38
ORD-100760,2024-03-05,Colombo-Central,Western,Produce,Delivered,3,3.0,2877.23
ORD-101906,2024-04-18,Colombo-Central,Western,Beverages,Delivered,2,2.0,3964.76
ORD-104042,2024-10-04,Galle-South,Southern,Dry Goods,Delivered,2,2.0,3284.67
ORD-103823,2024-03-06,Colombo-Central,Western,Dry Goods,In Transit,1,,2573.8
ORD-104138,2024-11-17,Kurunegala-West,North-Western,Dairy,In Transit,5,,5925.38
ORD-103818,2024-08-16,Jaffna-North,Northern,Dry Goods,Delivered,2,2.0,2852.21
ORD-104300,2024-04-10,Kandy-Hub,Central,Produce,Delayed,2,4.0,1905.26
ORD-102593,2024-02-04,Jaffna-North,Northern,Beverages,Delivered,1,1.0,5070.94
ORD-104164,2024-09-17,Kurunegala-West,North-Western,Frozen,Delayed,2,5.0,6177.06
ORD-103031,2024-04-09,Galle-South,Southern,Frozen,Delivered,3,3.0,9372.78
ORD-103579,2024-01-29,Jaffna-North,Northern,Meat & Seafood,Delayed,2,3.0,12110.77
ORD-102832,2024-04-19,Galle-South,Southern,Dairy,Delivered,4,4.0,3217.09
ORD-103472,2024-09-25,Galle-South,Southern,Dairy,In Transit,3,,4746.1
ORD-100137,2024-01-12,Jaffna-North,Northern,Produce,In Transit,5,,2922.4
ORD-102180,2024-09-12,Galle-South,Southern,Beverages,Delivered,4,4.0,2327.88
ORD-102128,2024-01-24,Kandy-Hub,Central,Beverages,In Transit,2,,4750.33
ORD-103177,2024-04-18,Colombo-Central,Western,Meat & Seafood,Delayed,3,4.0,10728.89
ORD-104411,2024-08-02,Kandy-Hub,Central,Frozen,In Transit,1,,9593.13
ORD-104261,2024-03-14,Kandy-Hub,Central,Frozen,Delivered,2,2.0,8125.08
ORD-104344,2024-05-16,Kurunegala-West,North-Western,Dairy,Delivered,2,2.0,3330.46
ORD-101331,2024-09-18,Jaffna-North,Northern,Beverages,Delivered,4,4.0,3719.51
ORD-102017,2024-09-22,Jaffna-North,Northern,Beverages,Delivered,2,2.0,4958.56
ORD-102482,2024-03-06,Galle-South,Southern,Dairy,Cancelled,4,,2531.02
ORD-101358,2024-02-07,Colombo-Central,Western,Frozen,Delivered,5,5.0,10923.61
ORD-101329,2024-05-04,Jaffna-North,Northern,Produce,Cancelled,2,,2852.85
ORD-102150,2024-04-29,Galle-South,Southern,Dairy,Delayed,5,7.0,4868.2
ORD-102122,2024-07-31,Jaffna-North,Northern,Meat & Seafood,In Transit,4,,9316.08
ORD-103981,2024-02-02,Galle-South,Southern,Dairy,Delivered,4,4.0,5869.15
ORD-101252,2024-01-28,Kandy-Hub,Central,Frozen,Delayed,5,7.0,5139.25
ORD-103278,2024-12-28,Colombo-Central,Western,Dairy,Delayed,5,6.0,3749.13
ORD-103374,2024-09-02,Kurunegala-West,North-Western,Beverages,Cancelled,2,,2343.9
ORD-102814,2024-03-13,Galle-South,Southern,Dairy,Delayed,3,6.0,3537.39
ORD-101848,2024-07-09,Kandy-Hub,Central,Produce,Delivered,3,3.0,3851.9
ORD-103037,2024-02-26,Colombo-Central,Western,Produce,Delayed,2,4.0,
ORD-100388,2024-11-21,Galle-South,Southern,Dairy,Delayed,4,6.0,4156.04
ORD-100235,2024-09-19,Kurunegala-West,North-Western,Beverages,Delivered,3,3.0,4626.1
ORD-101077,2024-03-01,Colombo-Central,Western,Frozen,Delivered,1,1.0,11254.58
ORD-101984,2024-08-20,Kurunegala-West,North-Western,Beverages,Delayed,3,4.0,4703.24
ORD-104363,2024-12-19,Colombo-Central,Western,Frozen,Delayed,4,5.0,6447.77
ORD-103962,2024-08-27,Kurunegala-West,North-Western,Dairy,Delivered,4,4.0,3883.28
ORD-100770,2024-08-25,Kandy-Hub,Central,Dairy,Delivered,1,1.0,3303.78
ORD-102165,2024-12-03,Galle-South,Southern,Dry Goods,Delayed,4,5.0,1341.05
ORD-100673,2024-02-04,Jaffna-North,Northern,Beverages,Delivered,5,5.0,4485.25
ORD-100249,2024-01-16,Galle-South,Southern,Dry Goods,Delayed,5,6.0,1812.47
ORD-101574,2024-02-24,Colombo-Central,Western,Meat & Seafood,Delayed,1,4.0,15588.39
ORD-103419,2024-04-13,Kandy-Hub,Central,Dairy,Delivered,2,2.0,3796.9
ORD-102081,2024-02-03,Kurunegala-West,North-Western,Frozen,Delivered,1,1.0,6750.75
ORD-101823,2024-11-15,Colombo-Central,Western,Dairy,Delivered,2,2.0,3035.4
ORD-100716,2024-07-07,Colombo-Central,Western,Dry Goods,In Transit,5,,1983.55
ORD-104715,2024-07-01,Jaffna-North,Northern,Dairy,Delivered,2,2.0,2675.93
ORD-102048,2024-10-01,Jaffna-North,Northern,Dairy,Delivered,5,5.0,4533.05
ORD-104178,2024-06-16,Colombo-Central,Western,Meat & Seafood,Delivered,1,1.0,17650.82
ORD-102724,2024-10-15,Kurunegala-West,North-Western,Meat & Seafood,Delayed,1,3.0,10497.63
ORD-104566,2024-09-14,Kandy-Hub,Central,Beverages,Delivered,4,4.0,4354.59
ORD-101460,2024-10-15,Colombo-Central,Western,Dairy,Delivered,4,4.0,3567.06
ORD-101668,2024-07-13,Galle-South,Southern,Dry Goods,Delivered,1,1.0,1963.22
ORD-102756,2024-11-18,Colombo-Central,Western,Produce,In Transit,1,,2258.22
ORD-102000,2024-11-16,Kurunegala-West,North-Western,Dry Goods,Delivered,5,5.0,3250.54
ORD-100404,2024-07-01,Colombo-Central,Western,Meat & Seafood,Cancelled,2,,13885.37
ORD-100384,2024-01-12,Colombo-Central,Western,Beverages,Delivered,2,2.0,3352.66
ORD-104537,2024-09-21,Kandy-Hub,Central,Meat & Seafood,Delivered,1,1.0,19149.89
ORD-102152,2024-11-08,Colombo-Central,Western,Beverages,Delivered,5,5.0,2650.52
ORD-101633,2024-11-17,Jaffna-North,Northern,Produce,Delivered,2,2.0,3058.97
ORD-104631,2024-04-14,Colombo-Central,Western,Produce,Delivered,3,3.0,3650.13
ORD-103925,2024-07-27,Kandy-Hub,Central,Dry Goods,Delivered,4,4.0,1779.24
ORD-104158,2024-03-13,Galle-South,Southern,Produce,Delivered,5,5.0,1635.21
ORD-100223,2024-03-14,Kurunegala-West,North-Western,Dry Goods,Delivered,1,1.0,1067.78
ORD-102193,2024-03-20,Kurunegala-West,North-Western,Dairy,Delivered,2,2.0,5283.65
ORD-103136,2024-07-30,Kurunegala-West,North-Western,Dry Goods,Cancelled,2,,2782.75
ORD-101824,2024-10-09,Galle-South,Southern,Dry Goods,Delivered,1,1.0,1527.21
ORD-104657,2024-07-28,Jaffna-North,Northern,Produce,Delayed,3,6.0,2398.8
ORD-100797,2024-06-16,Jaffna-North,Northern,Beverages,Delivered,4,4.0,4389.46
ORD-102871,2024-12-22,Kandy-Hub,Central,Frozen,Delivered,3,3.0,6284.05
ORD-100009,2024-02-04,Kandy-Hub,Central,Dairy,Delivered,3,3.0,2933.53
ORD-101944,2024-05-18,Jaffna-North,Northern,Beverages,Delayed,4,6.0,2951.97
ORD-101838,2024-03-22,Colombo-Central,Western,Produce,Delivered,2,2.0,1706.75
ORD-100255,2024-02-22,Kandy-Hub,Central,Produce,In Transit,2,,3804.14
ORD-104553,2024-07-22,Galle-South,Southern,Frozen,Delivered,4,4.0,5937.78
ORD-101581,2024-03-19,Kandy-Hub,Central,Beverages,Delivered,4,4.0,4393.27
ORD-102956,2024-02-06,Jaffna-North,Northern,Frozen,Delivered,4,4.0,7138.73
ORD-100924,2024-03-31,Kurunegala-West,North-Western,Dairy,Delivered,2,2.0,5562.83
ORD-104473,2024-02-19,Jaffna-North,Northern,Frozen,Delivered,4,4.0,10944.32
ORD-102508,2024-05-28,Jaffna-North,Northern,Produce,Delivered,3,3.0,
ORD-103775,2024-03-09,Colombo-Central,Western,Produce,Delivered,3,3.0,3737.54
ORD-104136,2024-12-21,Jaffna-North,Northern,Frozen,Delayed,1,3.0,5051.38
ORD-102779,2024-01-17,Kandy-Hub,Central,Produce,Cancelled,1,,2501.43
ORD-100539,2024-01-08,Kurunegala-West,North-Western,Frozen,Delayed,1,5.0,11292.07
ORD-102745,2024-05-27,Colombo-Central,Western,Meat & Seafood,Delayed,5,8.0,14120.98
ORD-104543,2024-08-11,Kandy-Hub,Central,Meat & Seafood,Delivered,4,4.0,15133.09
ORD-104616,2024-04-16,Galle-South,Southern,Beverages,Delivered,4,4.0,3847.84
ORD-101145,2024-06-25,Kurunegala-West,North-Western,Dry Goods,Delivered,3,3.0,2278.66
ORD-104468,2024-11-20,Kurunegala-West,North-Western,Beverages,Delivered,1,1.0,4509.73
ORD-100667,2024-11-10,Kurunegala-West,North-Western,Dairy,Cancelled,1,,3660.6
ORD-103019,2024-09-28,Jaffna-North,Northern,Dry Goods,Cancelled,4,,2102.25
ORD-100357,2024-11-21,Jaffna-North,Northern,Dry Goods,Delivered,2,2.0,3408.16
ORD-102831,2024-10-17,Kandy-Hub,Central,Dairy,Delayed,4,8.0,5182.01
ORD-102783,2024-11-01,Jaffna-North,Northern,Dry Goods,Cancelled,5,,2934.04
ORD-101353,2024-11-30,Kurunegala-West,North-Western,Dairy,Delivered,3,3.0,4234.19
ORD-100470,2024-09-26,Galle-South,Southern,Dry Goods,Delivered,5,5.0,1873.58
ORD-102703,2024-11-01,Kandy-Hub,Central,Meat & Seafood,Delivered,3,3.0,16243.97
ORD-103330,2024-08-12,Colombo-Central,Western,Beverages,Delayed,4,8.0,3727.82
ORD-103637,2024-07-01,Kurunegala-West,North-Western,Dairy,In Transit,4,,3551.03
ORD-101396,2024-08-14,Galle-South,Southern,Beverages,Delivered,3,3.0,4363.05
ORD-103584,2024-10-01,Colombo-Central,Western,Dairy,Delivered,2,2.0,4194.34
ORD-104531,2024-02-16,Kandy-Hub,Central,Dairy,Delivered,5,5.0,4009.77
ORD-103376,2024-07-03,Colombo-Central,Western,Frozen,Delivered,5,5.0,8393.2
ORD-101256,2024-03-22,Jaffna-North,Northern,Dairy,Delivered,1,1.0,5932.62
ORD-103512,2024-02-16,Kurunegala-West,North-Western,Frozen,Delivered,5,5.0,10533.01
ORD-101250,2024-03-29,Jaffna-North,Northern,Meat & Seafood,Delayed,5,8.0,8181.44
ORD-104856,2024-11-04,Kandy-Hub,Central,Produce,In Transit,3,,2636.38
ORD-104298,2024-01-14,Kurunegala-West,North-Western,Produce,Delivered,5,5.0,3054.87
ORD-103284,2024-05-31,Jaffna-North,Northern,Dry Goods,Cancelled,5,,1903.99
ORD-102933,2024-06-07,Galle-South,Southern,Produce,Delivered,3,3.0,2018.99
ORD-104175,2024-05-07,Kurunegala-West,North-Western,Produce,Delivered,2,2.0,2083.14
ORD-101852,2024-06-14,Jaffna-North,Northern,Dry Goods,Delivered,1,1.0,3111.92
ORD-104918,2024-11-04,Jaffna-North,Northern,Frozen,Delivered,4,4.0,11999.57
ORD-102105,2024-04-10,Kandy-Hub,Central,Meat & Seafood,In Transit,1,,8308.89
ORD-100133,2024-07-23,Colombo-Central,Western,Dry Goods,Delivered,3,3.0,1936.89
ORD-100928,2024-06-01,Colombo-Central,Western,Produce,Cancelled,5,,3899.75
ORD-100823,2024-08-25,Colombo-Central,Western,Beverages,In Transit,2,,4551.31
ORD-104588,2024-08-09,Galle-South,Southern,Dry Goods,Delivered,3,3.0,2721.95
ORD-101531,2024-01-04,Kandy-Hub,Central,Frozen,In Transit,3,,7610.71
ORD-101214,2024-01-28,Jaffna-North,Northern,Frozen,Delivered,3,3.0,8587.81
ORD-100504,2024-04-10,Galle-South,Southern,Frozen,Delayed,3,4.0,9743.05
ORD-104285,2024-10-06,Galle-South,Southern,Beverages,Delivered,4,4.0,3085.76
ORD-101996,2024-07-20,Kandy-Hub,Central,Dairy,Delivered,3,3.0,5740.32
ORD-103072,2024-03-28,Jaffna-North,Northern,Frozen,Delivered,4,4.0,9444.21
ORD-101958,2024-08-29,Kandy-Hub,Central,Dairy,Delivered,1,1.0,4688.73
ORD-101384,2024-05-21,Kandy-Hub,Central,Produce,Delivered,4,4.0,3813.34
ORD-100894,2024-09-30,Galle-South,Southern,Frozen,Delivered,4,4.0,6911.32
ORD-100455,2024-07-21,Colombo-Central,Western,Dairy,Delivered,4,4.0,5070.27
ORD-104683,2024-01-26,Galle-South,Southern,Produce,Delivered,3,3.0,1552.0
ORD-103709,2024-11-06,Kurunegala-West,North-Western,Dairy,Delivered,5,5.0,4036.75
ORD-104665,2024-10-28,Jaffna-North,Northern,Frozen,Delivered,5,5.0,9244.14
ORD-104268,2024-01-17,Jaffna-North,Northern,Dairy,Delivered,5,5.0,4002.32
ORD-103522,2024-10-29,Jaffna-North,Northern,Produce,Cancelled,2,,2225.12
ORD-104134,2024-12-26,Kandy-Hub,Central,Dry Goods,Delivered,2,2.0,1595.86
ORD-103602,2024-02-26,Kandy-Hub,Central,Produce,Delivered,4,4.0,1558.39
ORD-100713,2024-10-05,Jaffna-North,Northern,Dry Goods,Delivered,1,1.0,1081.09
ORD-104186,2024-04-07,Colombo-Central,Western,Frozen,Delivered,2,2.0,11988.38
ORD-102214,2024-02-12,Kandy-Hub,Central,Dairy,Delivered,4,4.0,5687.36
ORD-102923,2024-07-16,Colombo-Central,Western,Beverages,Delivered,2,2.0,3751.77
ORD-101810,2024-03-30,Kurunegala-West,North-Western,Produce,Delivered,1,1.0,3110.65
ORD-103486,2024-05-04,Galle-South,Southern,Beverages,Delivered,5,5.0,2488.85
ORD-103141,2024-05-28,Kandy-Hub,Central,Beverages,Delayed,4,8.0,2314.0
ORD-101827,2024-12-25,Colombo-Central,Western,Produce,Delivered,2,2.0,1706.73
ORD-101155,2024-08-02,Jaffna-North,Northern,Beverages,Delivered,4,4.0,2575.63
ORD-101324,2024-11-12,Kurunegala-West,North-Western,Produce,In Transit,2,,2426.88
ORD-104312,2024-05-07,Galle-South,Southern,Frozen,In Transit,5,,9922.3
ORD-100510,2024-12-29,Galle-South,Southern,Dry Goods,Cancelled,1,,1867.54
ORD-101680,2024-12-10,Colombo-Central,Western,Produce,Delivered,5,5.0,3956.71
ORD-100499,2024-06-04,Colombo-Central,Western,Beverages,Cancelled,2,,4737.92
ORD-104581,2024-12-20,Galle-South,Southern,Frozen,In Transit,4,,6243.56
ORD-101856,2024-05-16,Jaffna-North,Northern,Dry Goods,Cancelled,2,,2778.76
ORD-101388,2024-11-21,Kandy-Hub,Central,Dairy,Delayed,4,7.0,3988.01
ORD-103719,2024-04-05,Jaffna-North,Northern,Dairy,Delayed,3,4.0,3453.36
ORD-102386,2024-12-13,Jaffna-North,Northern,Dry Goods,Delayed,3,7.0,1983.03
ORD-103236,2024-05-12,Kurunegala-West,North-Western,Meat & Seafood,Delivered,5,5.0,8113.9
ORD-101540,2024-06-22,Kurunegala-West,North-Western,Beverages,Delivered,4,4.0,2576.29
ORD-101217,2024-09-24,Colombo-Central,Western,Frozen,Delivered,5,5.0,6245.47
ORD-102681,2024-02-06,Jaffna-North,Northern,Meat & Seafood,Delivered,1,1.0,8088.91
ORD-102993,2024-11-08,Colombo-Central,Western,Frozen,Delivered,2,2.0,7977.06
ORD-101191,2024-04-11,Colombo-Central,Western,Dry Goods,Delivered,3,3.0,2803.18
ORD-101542,2024-02-02,Kandy-Hub,Central,Dairy,Delivered,3,3.0,5362.71
ORD-103301,2024-04-07,Kandy-Hub,Central,Dry Goods,Delivered,2,2.0,2673.94
ORD-103324,2024-06-07,Galle-South,Southern,Produce,Delivered,4,4.0,1759.36
ORD-102539,2024-06-29,Jaffna-North,Northern,Dairy,Delivered,2,2.0,3723.69
ORD-100953,2024-06-05,Jaffna-North,Northern,Produce,Cancelled,4,,
ORD-104330,2024-03-08,Colombo-Central,Western,Dairy,Delivered,4,4.0,3739.89
ORD-100732,2024-12-02,Kurunegala-West,North-Western,Produce,In Transit,1,,3472.08
ORD-101156,2024-02-13,Colombo-Central,Western,Produce,Delivered,5,5.0,2524.03
ORD-103294,2024-03-11,Colombo-Central,Western,Produce,Delivered,2,2.0,3904.06
ORD-102982,2024-10-19,Galle-South,Southern,Dry Goods,Delayed,2,4.0,1111.93
ORD-102156,2024-06-10,Jaffna-North,Northern,Meat & Seafood,Delivered,5,5.0,16572.82
ORD-101062,2024-02-22,Kandy-Hub,Central,Frozen,In Transit,2,,6583.26
ORD-102616,2024-12-28,Jaffna-North,Northern,Dairy,In Transit,1,,4732.58
ORD-101167,2024-05-25,Jaffna-North,Northern,Beverages,Delivered,4,4.0,
ORD-103222,2024-10-10,Jaffna-North,Northern,Frozen,Delivered,2,2.0,6178.8
ORD-103636,2024-07-16,Colombo-Central,Western,Dairy,In Transit,5,,4662.85
ORD-102938,2024-11-25,Colombo-Central,Western,Beverages,In Transit,2,,3226.0
ORD-104491,2024-03-12,Colombo-Central,Western,Meat & Seafood,Delivered,5,5.0,14979.69
ORD-103140,2024-06-28,Jaffna-North,Northern,Produce,Delivered,3,3.0,2494.13
ORD-100143,2024-05-29,Galle-South,Southern,Frozen,Delayed,5,6.0,5890.23
ORD-103577,2024-11-08,Kurunegala-West,North-Western,Beverages,Delivered,2,2.0,2038.41
ORD-102782,2024-10-05,Kurunegala-West,North-Western,Dry Goods,Delivered,3,3.0,3471.87
ORD-100717,2024-06-28,Jaffna-North,Northern,Frozen,Delivered,4,4.0,5566.54
ORD-101819,2024-04-17,Colombo-Central,Western,Dairy,Delivered,1,1.0,5673.4
ORD-102502,2024-10-01,Jaffna-North,Northern,Produce,Delivered,3,3.0,2844.33
ORD-104360,2024-01-03,Jaffna-North,Northern,Frozen,Cancelled,3,,7637.2
ORD-104171,2024-04-06,Jaffna-North,Northern,Beverages,Delivered,2,2.0,2212.71
ORD-100395,2024-11-15,Colombo-Central,Western,Frozen,Delivered,4,4.0,10927.47
ORD-104885,2024-03-14,Galle-South,Southern,Beverages,Delivered,4,4.0,5309.41
ORD-104492,2024-09-11,Galle-South,Southern,Dairy,In Transit,4,,5244.03
ORD-101365,2024-01-07,Galle-South,Southern,Produce,Delivered,1,1.0,2956.41
ORD-104603,2024-10-03,Kandy-Hub,Central,Dry Goods,Delivered,4,4.0,2292.99
ORD-100595,2024-10-19,Kandy-Hub,Central,Produce,In Transit,1,,3066.37
ORD-103952,2024-09-22,Kandy-Hub,Central,Beverages,Delivered,3,3.0,
ORD-102914,2024-05-28,Colombo-Central,Western,Dairy,Delivered,2,2.0,5921.94
ORD-102326,2024-05-04,Kandy-Hub,Central,Produce,In Transit,1,,2861.01
ORD-103766,2024-09-04,Kandy-Hub,Central,Dairy,Delivered,3,3.0,4926.58
ORD-103440,2024-12-12,Galle-South,Southern,Meat & Seafood,Delivered,2,2.0,11298.34
ORD-103851,2024-01-17,Kandy-Hub,Central,Produce,Delivered,3,3.0,3408.28
ORD-104132,2024-09-23,Kurunegala-West,North-Western,Meat & Seafood,Delivered,1,1.0,13039.86
ORD-104929,2024-03-21,Kandy-Hub,Central,Meat & Seafood,Delivered,3,3.0,10580.47
ORD-102143,2024-08-10,Colombo-Central,Western,Dairy,Delivered,1,1.0,4019.73
ORD-101571,2024-05-11,Jaffna-North,Northern,Beverages,Delivered,4,4.0,4893.21
ORD-104079,2024-10-05,Kandy-Hub,Central,Meat & Seafood,Delivered,4,4.0,11612.14
ORD-101122,2024-04-08,Kurunegala-West,North-Western,Produce,Delivered,5,5.0,1827.2
ORD-102786,2024-04-13,Jaffna-North,Northern,Produce,In Transit,4,,3920.42
ORD-102967,2024-03-24,Kandy-Hub,Central,Beverages,Delivered,4,4.0,4573.29
ORD-102504,2024-01-19,Jaffna-North,Northern,Frozen,Delivered,3,3.0,
ORD-103465,2024-09-30,Jaffna-North,Northern,Meat & Seafood,Delivered,4,4.0,13331.28
ORD-100675,2024-09-21,Kandy-Hub,Central,Dry Goods,In Transit,2,,3401.38
ORD-102808,2024-10-15,Colombo-Central,Western,Dairy,Delayed,5,9.0,4383.92
ORD-103348,2024-02-14,Jaffna-North,Northern,Dry Goods,Delayed,5,7.0,2226.66
ORD-100728,2024-06-27,Galle-South,Southern,Frozen,In Transit,1,,11086.29
ORD-100412,2024-04-11,Galle-South,Southern,Meat & Seafood,Delivered,1,1.0,19295.91
ORD-103146,2024-08-22,Kurunegala-West,North-Western,Produce,Delivered,1,1.0,1835.56
ORD-101516,2024-06-25,Kandy-Hub,Central,Frozen,Delivered,1,1.0,10555.39
ORD-100825,2024-02-03,Galle-South,Southern,Produce,Delivered,2,2.0,2830.66
ORD-103267,2024-09-08,Galle-South,Southern,Dry Goods,Delivered,3,3.0,3233.12
ORD-103974,2024-02-04,Colombo-Central,Western,Beverages,Delivered,2,2.0,5486.08
ORD-100616,2024-04-01,Jaffna-North,Northern,Meat & Seafood,Delivered,3,3.0,19477.91
ORD-100114,2024-07-03,Kandy-Hub,Central,Beverages,Delivered,2,2.0,3043.8
ORD-100417,2024-02-14,Colombo-Central,Western,Dairy,Delivered,2,2.0,5009.31
ORD-103069,2024-01-26,Colombo-Central,Western,Frozen,In Transit,3,,7407.72
ORD-101625,2024-12-28,Galle-South,Southern,Beverages,Cancelled,1,,2670.05
ORD-101501,2024-04-05,Kurunegala-West,North-Western,Dairy,Delivered,4,4.0,2633.66
ORD-104185,2024-07-27,Jaffna-North,Northern,Meat & Seafood,Delayed,4,6.0,15099.59
ORD-102896,2024-08-28,Kurunegala-West,North-Western,Dairy,Delivered,5,5.0,3628.59
ORD-104718,2024-05-26,Galle-South,Southern,Produce,Cancelled,4,,1794.81
ORD-102082,2024-04-28,Jaffna-North,Northern,Beverages,Delivered,5,5.0,5346.75
ORD-100753,2024-12-07,Kandy-Hub,Central,Produce,Delayed,4,5.0,1998.2
ORD-102546,2024-10-17,Jaffna-North,Northern,Beverages,Delivered,5,5.0,3355.83
ORD-103969,2024-08-13,Kurunegala-West,North-Western,Produce,Delayed,3,4.0,3526.76
ORD-103373,2024-07-02,Colombo-Central,Western,Meat & Seafood,Delivered,2,2.0,8263.16
ORD-104107,2024-11-03,Jaffna-North,Northern,Frozen,Delivered,5,5.0,9664.48
ORD-102444,2024-08-06,Jaffna-North,Northern,Produce,Delivered,1,1.0,2866.11
ORD-104380,2024-12-09,Colombo-Central,Western,Frozen,Delivered,3,3.0,10393.34
ORD-101066,2024-12-03,Kandy-Hub,Central,Meat & Seafood,In Transit,5,,13412.79
ORD-103913,2024-07-19,Colombo-Central,Western,Produce,Delivered,2,2.0,1614.57
ORD-103498,2024-02-14,Jaffna-North,Northern,Dairy,Delivered,1,1.0,4199.13
ORD-102738,2024-06-28,Jaffna-North,Northern,Dairy,Delivered,5,5.0,3792.29
ORD-104000,2024-04-25,Galle-South,Southern,Frozen,Delivered,2,2.0,5260.4
ORD-101568,2024-11-27,Colombo-Central,Western,Dry Goods,Delivered,2,2.0,1569.51
ORD-102427,2024-05-20,Jaffna-North,Northern,Dry Goods,Delivered,2,2.0,3074.5
ORD-103746,2024-06-12,Colombo-Central,Western,Dairy,Delivered,4,4.0,2983.57
ORD-104686,2024-12-12,Jaffna-North,Northern,Produce,Delivered,2,2.0,2703.68
ORD-101687,2024-05-28,Colombo-Central,Western,Dry Goods,Delivered,1,1.0,1814.55
ORD-100851,2024-10-19,Galle-South,Southern,Dry Goods,In Transit,1,,3133.48
ORD-103546,2024-05-29,Jaffna-North,Northern,Meat & Seafood,In Transit,1,,19175.07
ORD-100895,2024-08-11,Jaffna-North,Northern,Frozen,Delivered,3,3.0,5879.04
ORD-104592,2024-01-27,Kurunegala-West,North-Western,Dry Goods,Delivered,4,4.0,
ORD-100335,2024-10-22,Colombo-Central,Western,Beverages,Delivered,4,4.0,3056.95
ORD-102839,2024-12-20,Galle-South,Southern,Beverages,Delayed,5,7.0,2826.62
ORD-103087,2024-03-05,Kurunegala-West,North-Western,Dry Goods,Cancelled,5,,1218.51
ORD-104611,2024-04-28,Jaffna-North,Northern,Frozen,Delivered,4,4.0,5357.07
ORD-101348,2024-09-25,Galle-South,Southern,Produce,Delayed,3,4.0,3690.88
ORD-101015,2024-11-01,Colombo-Central,Western,Frozen,Delivered,3,3.0,6934.37
ORD-102816,2024-09-02,Galle-South,Southern,Frozen,Delivered,5,5.0,5285.05
ORD-101631,2024-11-23,Colombo-Central,Western,Beverages,Delayed,2,4.0,2577.3
ORD-102489,2024-05-10,Colombo-Central,Western,Produce,Delivered,3,3.0,3428.13
ORD-103730,2024-09-20,Galle-South,Southern,Produce,Delivered,3,3.0,1800.86
ORD-103251,2024-09-29,Colombo-Central,Western,Meat & Seafood,Delivered,5,5.0,16843.66
ORD-104681,2024-03-03,Kurunegala-West,North-Western,Dry Goods,Delayed,1,4.0,1110.91
ORD-102070,2024-03-10,Kandy-Hub,Central,Frozen,Delivered,1,1.0,7296.66
ORD-104452,2024-06-23,Jaffna-North,Northern,Beverages,Delivered,5,5.0,4211.02
ORD-104932,2024-11-24,Colombo-Central,Western,Beverages,Delivered,5,5.0,3681.95
ORD-101635,2024-07-14,Colombo-Central,Western,Produce,Delivered,2,2.0,1553.8
ORD-104646,2024-09-29,Kandy-Hub,Central,Meat & Seafood,Delivered,2,2.0,12165.32
ORD-102479,2024-02-19,Galle-South,Southern,Dry Goods,Delivered,4,4.0,2777.82
ORD-102265,2024-02-04,Galle-South,Southern,Beverages,Delivered,5,5.0,2639.83
ORD-102959,2024-06-23,Jaffna-North,Northern,Frozen,Delivered,5,5.0,8409.08
ORD-104780,2024-11-06,Kandy-Hub,Central,Meat & Seafood,Delivered,5,5.0,12442.78
ORD-103059,2024-04-09,Kurunegala-West,North-Western,Dairy,Delayed,4,7.0,3078.07
ORD-102141,2024-11-15,Jaffna-North,Northern,Meat & Seafood,Delivered,2,2.0,13991.13
ORD-103118,2024-01-09,Galle-South,Southern,Dry Goods,Cancelled,5,,3273.65
ORD-104773,2024-12-26,Colombo-Central,Western,Dry Goods,Delivered,3,3.0,3113.95
ORD-104045,2024-01-06,Jaffna-North,Northern,Frozen,Delivered,1,1.0,5676.93
ORD-103356,2024-01-21,Kurunegala-West,North-Western,Dry Goods,Delivered,5,5.0,1552.5
ORD-102744,2024-03-13,Colombo-Central,Western,Produce,Delivered,3,3.0,2757.44
ORD-103506,2024-11-01,Galle-South,Southern,Dry Goods,Delayed,3,7.0,2448.22
ORD-101679,2024-07-06,Galle-South,Southern,Produce,Delivered,1,1.0,2622.2
ORD-104249,2024-05-18,Colombo-Central,Western,Produce,Delayed,5,7.0,3452.99
ORD-103147,2024-11-01,Colombo-Central,Western,Dry Goods,Delayed,3,4.0,1732.48
ORD-102294,2024-09-17,Kandy-Hub,Central,Beverages,Delivered,4,4.0,4484.8
ORD-100580,2024-02-04,Galle-South,Southern,Beverages,Delivered,2,2.0,4635.32
ORD-101470,2024-11-23,Colombo-Central,Western,Frozen,In Transit,5,,10431.13
ORD-104070,2024-02-05,Colombo-Central,Western,Dry Goods,Delayed,1,3.0,
ORD-103343,2024-08-13,Jaffna-North,Northern,Produce,Delayed,2,3.0,3601.08
ORD-104583,2024-09-15,Colombo-Central,Western,Produce,Delivered,4,4.0,3889.49
ORD-103672,2024-08-02,Kandy-Hub,Central,Produce,Delayed,3,6.0,3026.17
ORD-100559,2024-11-06,Colombo-Central,Western,Beverages,In Transit,4,,2534.33
ORD-102849,2024-05-11,Kandy-Hub,Central,Dairy,Delayed,4,5.0,5014.7
ORD-100512,2024-11-02,Kurunegala-West,North-Western,Meat & Seafood,Delivered,1,1.0,12097.71
ORD-101081,2024-12-27,Kandy-Hub,Central,Meat & Seafood,Delivered,5,5.0,18759.07
ORD-101664,2024-07-10,Jaffna-North,Northern,Beverages,Delivered,3,3.0,4442.77
ORD-101012,2024-03-30,Jaffna-North,Northern,Dairy,Delivered,3,3.0,4186.62
ORD-101931,2024-06-24,Jaffna-North,Northern,Produce,Delivered,1,1.0,1995.68
ORD-101150,2024-05-15,Colombo-Central,Western,Dairy,Delivered,4,4.0,4507.58
ORD-102838,2024-03-19,Jaffna-North,Northern,Dry Goods,Delivered,1,1.0,1952.87
ORD-100116,2024-01-14,Kandy-Hub,Central,Meat & Seafood,Delivered,4,4.0,16615.69
ORD-100740,2024-10-25,Jaffna-North,Northern,Dry Goods,Delivered,3,3.0,1739.7
ORD-104855,2024-09-09,Galle-South,Southern,Dairy,Delivered,5,5.0,4652.63
ORD-103675,2024-06-06,Colombo-Central,Western,Dry Goods,Delivered,5,5.0,2342.17
ORD-100830,2024-03-30,Kandy-Hub,Central,Produce,Delivered,2,2.0,3342.31
ORD-100119,2024-02-11,Colombo-Central,Western,Dairy,Delayed,2,4.0,3047.16
ORD-104828,2024-12-01,Kurunegala-West,North-Western,Dry Goods,Delivered,3,3.0,1610.45
ORD-104787,2024-01-04,Kandy-Hub,Central,Beverages,Delayed,5,9.0,2620.07
ORD-100635,2024-09-07,Galle-South,Southern,Meat & Seafood,Delivered,5,5.0,10521.06
ORD-104465,2024-02-04,Kandy-Hub,Central,Produce,Delivered,1,1.0,2390.39
ORD-104364,2024-07-30,Kandy-Hub,Central,Frozen,Delivered,3,3.0,6597.72
ORD-104142,2024-02-29,Colombo-Central,Western,Beverages,Delivered,3,3.0,
ORD-100991,2024-07-19,Galle-South,Southern,Produce,In Transit,2,,3106.11
ORD-100876,2024-07-16,Kurunegala-West,North-Western,Dairy,Delayed,3,4.0,4669.01
ORD-100004,2024-06-07,Jaffna-North,Northern,Produce,Delivered,1,1.0,1764.43
ORD-103051,2024-03-04,Kurunegala-West,North-Western,Meat & Seafood,Delivered,2,2.0,14960.83
ORD-103124,2024-06-09,Jaffna-North,Northern,Dairy,Delivered,2,2.0,4829.96
ORD-102660,2024-06-07,Jaffna-North,Northern,Frozen,Delivered,5,5.0,5658.91
ORD-102491,2024-04-06,Jaffna-North,Northern,Dairy,Delivered,5,5.0,5670.01
ORD-103854,2024-06-24,Galle-South,Southern,Dry Goods,Delivered,3,3.0,3386.41
ORD-101715,2024-11-16,Galle-South,Southern,Dry Goods,Delayed,1,5.0,2859.21
ORD-101148,2024-09-08,Colombo-Central,Western,Meat & Seafood,Delivered,2,2.0,8898.93
ORD-103261,2024-06-23,Jaffna-North,Northern,Beverages,Delivered,5,5.0,2253.18
ORD-100574,2024-01-03,Jaffna-North,Northern,Dry Goods,Cancelled,5,,2063.76
ORD-103769,2024-05-01,Kurunegala-West,North-Western,Meat & Seafood,Delivered,1,1.0,9891.49
ORD-103736,2024-05-18,Galle-South,Southern,Frozen,Delivered,5,5.0,9743.86
ORD-104146,2024-05-30,Jaffna-North,Northern,Frozen,Delivered,1,1.0,6324.52
ORD-100853,2024-03-28,Jaffna-North,Northern,Meat & Seafood,Delivered,4,4.0,13107.24
ORD-101982,2024-01-20,Kurunegala-West,North-Western,Frozen,Cancelled,1,,6434.96
ORD-102774,2024-07-17,Colombo-Central,Western,Dairy,Delivered,3,3.0,4232.74
ORD-101166,2024-01-09,Kandy-Hub,Central,Meat & Seafood,Delivered,4,4.0,11680.6
ORD-100971,2024-06-01,Kandy-Hub,Central,Meat & Seafood,Delayed,4,6.0,13914.84
ORD-102701,2024-10-17,Galle-South,Southern,Beverages,Delayed,3,4.0,4100.89
ORD-104495,2024-08-16,Jaffna-North,Northern,Produce,Delayed,3,6.0,3332.8
ORD-103847,2024-05-11,Kandy-Hub,Central,Dry Goods,Delivered,5,5.0,1885.23
ORD-102368,2024-02-29,Colombo-Central,Western,Beverages,Delivered,1,1.0,3892.97
ORD-104115,2024-06-22,Jaffna-North,Northern,Dairy,Delivered,5,5.0,4238.31
ORD-104131,2024-12-05,Jaffna-North,Northern,Beverages,Delivered,3,3.0,3182.9
ORD-102950,2024-01-12,Jaffna-North,Northern,Dairy,Delivered,5,5.0,2787.67
ORD-100524,2024-04-26,Jaffna-North,Northern,Frozen,Delivered,5,5.0,10754.53
ORD-102455,2024-06-22,Kandy-Hub,Central,Produce,Delivered,4,4.0,3575.62
ORD-101841,2024-02-05,Kurunegala-West,North-Western,Frozen,Delivered,2,2.0,7186.39
ORD-100537,2024-02-12,Kurunegala-West,North-Western,Meat & Seafood,Delivered,4,4.0,10602.77
ORD-102806,2024-04-15,Kandy-Hub,Central,Dairy,Delivered,3,3.0,3767.82
ORD-104341,2024-06-01,Colombo-Central,Western,Dry Goods,In Transit,3,,3006.32
ORD-103175,2024-07-22,Jaffna-North,Northern,Meat & Seafood,Delivered,1,1.0,18058.78
ORD-100784,2024-06-23,Galle-South,Southern,Beverages,Delivered,1,1.0,2299.67
ORD-104057,2024-07-12,Kandy-Hub,Central,Dry Goods,Cancelled,2,,2536.47
ORD-101409,2024-04-13,Kurunegala-West,North-Western,Dry Goods,Delivered,3,3.0,1607.31
ORD-102537,2024-07-01,Jaffna-North,Northern,Dairy,Delivered,2,2.0,3879.2
ORD-100154,2024-06-07,Kurunegala-West,North-Western,Frozen,Delivered,1,1.0,10428.38
ORD-103009,2024-10-23,Galle-South,Southern,Beverages,Delayed,1,5.0,4911.93
ORD-101686,2024-06-05,Colombo-Central,Western,Dry Goods,Delayed,5,8.0,1740.39
ORD-102901,2024-10-19,Galle-South,Southern,Produce,Delivered,5,5.0,2328.65
ORD-104999,2024-06-30,Jaffna-North,Northern,Dairy,Delivered,5,5.0,4107.24
ORD-104721,2024-10-30,Galle-South,Southern,Frozen,Delivered,2,2.0,11852.0
ORD-103863,2024-08-10,Kurunegala-West,North-Western,Beverages,Delivered,4,4.0,4720.9
ORD-102733,2024-03-19,Galle-South,Southern,Frozen,Delivered,4,4.0,7444.33
ORD-101895,2024-11-06,Jaffna-North,Northern,Beverages,Delivered,1,1.0,4174.95
ORD-100569,2024-07-27,Kandy-Hub,Central,Produce,Cancelled,3,,3410.89
ORD-101816,2024-03-26,Kurunegala-West,North-Western,Dry Goods,In Transit,3,,2423.8
ORD-102065,2024-07-04,Galle-South,Southern,Dairy,Delivered,2,2.0,3936.02
ORD-100127,2024-10-06,Galle-South,Southern,Dairy,In Transit,5,,4908.19
ORD-103394,2024-05-02,Colombo-Central,Western,Frozen,Delivered,2,2.0,9152.15
ORD-103327,2024-03-17,Kandy-Hub,Central,Meat & Seafood,Delivered,4,4.0,10736.04
ORD-103585,2024-03-20,Colombo-Central,Western,Beverages,Cancelled,3,,5396.36
ORD-102975,2024-06-20,Galle-South,Southern,Dry Goods,Delivered,5,5.0,1010.15
ORD-100980,2024-08-03,Jaffna-North,Northern,Dry Goods,Delivered,4,4.0,1500.39
ORD-102300,2024-04-07,Jaffna-North,Northern,Beverages,Delivered,3,3.0,5249.95
ORD-100190,2024-09-06,Jaffna-North,Northern,Dairy,Delivered,4,4.0,3378.17
ORD-101139,2024-07-15,Galle-South,Southern,Meat & Seafood,Delivered,4,4.0,15966.33
ORD-100699,2024-02-04,Kandy-Hub,Central,Produce,Delivered,4,4.0,1657.29
ORD-104829,2024-06-26,Kandy-Hub,Central,Dry Goods,Delivered,1,1.0,2597.03
ORD-100606,2024-04-27,Galle-South,Southern,Dry Goods,Delivered,4,4.0,2808.93
ORD-104276,2024-01-25,Colombo-Central,Western,Produce,Delivered,1,1.0,3263.71
ORD-100301,2024-10-28,Kurunegala-West,North-Western,Dry Goods,Delayed,1,5.0,2023.79
ORD-103420,2024-07-07,Jaffna-North,Northern,Dairy,Delivered,2,2.0,3234.43
ORD-104869,2024-09-11,Jaffna-North,Northern,Dairy,Delivered,5,5.0,3984.18
ORD-101060,2024-10-08,Galle-South,Southern,Beverages,Delivered,3,3.0,3030.98
ORD-102565,2024-06-06,Kurunegala-West,North-Western,Frozen,In Transit,4,,10799.6
ORD-100838,2024-01-06,Kandy-Hub,Central,Dairy,Delivered,3,3.0,4737.54
ORD-101069,2024-01-04,Kurunegala-West,North-Western,Meat & Seafood,Delayed,1,4.0,11378.11
ORD-102524,2024-01-23,Galle-South,Southern,Dry Goods,Delivered,5,5.0,2932.66
ORD-102205,2024-10-18,Galle-South,Southern,Meat & Seafood,Delivered,3,3.0,19973.19
ORD-101243,2024-06-27,Kandy-Hub,Central,Produce,Delayed,3,4.0,3159.04
ORD-100016,2024-07-06,Colombo-Central,Western,Meat & Seafood,In Transit,2,,17874.76
ORD-103120,2024-08-15,Galle-South,Southern,Dairy,Delivered,2,2.0,3767.43
ORD-104642,2024-12-13,Galle-South,Southern,Beverages,In Transit,3,,2844.27
ORD-104754,2024-03-18,Galle-South,Southern,Meat & Seafood,Delivered,4,4.0,16988.93
ORD-100815,2024-11-01,Colombo-Central,Western,Dairy,Delivered,4,4.0,4514.48
ORD-103067,2024-09-14,Galle-South,Southern,Dairy,Delayed,3,4.0,2739.76
ORD-104833,2024-03-27,Jaffna-North,Northern,Produce,Delivered,4,4.0,3792.83
ORD-100959,2024-05-30,Kurunegala-West,North-Western,Meat & Seafood,Delivered,5,5.0,9206.13
ORD-100225,2024-04-21,Galle-South,Southern,Beverages,Delivered,1,1.0,3484.35
ORD-103354,2024-12-21,Galle-South,Southern,Meat & Seafood,In Transit,4,,19083.32
ORD-102485,2024-05-11,Kurunegala-West,North-Western,Dairy,Cancelled,4,,4595.54
ORD-100562,2024-06-28,Jaffna-North,Northern,Produce,Delivered,2,2.0,2127.41
ORD-103436,2024-04-17,Colombo-Central,Western,Dry Goods,Delayed,5,8.0,2798.02
ORD-101693,2024-05-24,Jaffna-North,Northern,Meat & Seafood,Delivered,5,5.0,11342.48
ORD-101045,2024-02-26,Galle-South,Southern,Frozen,Delivered,4,4.0,5887.42
ORD-103446,2024-04-26,Galle-South,Southern,Dairy,Cancelled,2,,4558.01
ORD-104565,2024-05-03,Kurunegala-West,North-Western,Dairy,Delivered,3,3.0,4785.71
ORD-100954,2024-10-13,Jaffna-North,Northern,Dairy,Delivered,5,5.0,5109.99
ORD-102515,2024-10-26,Kandy-Hub,Central,Dairy,Delivered,3,3.0,5805.18
ORD-102735,2024-02-20,Kandy-Hub,Central,Produce,Delivered,5,5.0,
ORD-104953,2024-02-22,Galle-South,Southern,Frozen,Delayed,2,4.0,6761.42
ORD-104735,2024-06-01,Kandy-Hub,Central,Beverages,In Transit,1,,3316.06
ORD-104872,2024-01-22,Jaffna-North,Northern,Meat & Seafood,Delivered,1,1.0,11788.12
ORD-101218,2024-10-22,Colombo-Central,Western,Produce,Delivered,4,4.0,3613.22
ORD-101527,2024-02-20,Galle-South,Southern,Meat & Seafood,Delayed,2,5.0,18722.39
ORD-103987,2024-01-27,Colombo-Central,Western,Dry Goods,In Transit,5,,3233.8
ORD-101300,2024-10-04,Kandy-Hub,Central,Meat & Seafood,Delivered,1,1.0,
ORD-104941,2024-06-11,Jaffna-North,Northern,Produce,Delivered,4,4.0,3667.92
ORD-100160,2024-12-29,Kandy-Hub,Central,Meat & Seafood,Delivered,5,5.0,12418.52
ORD-104067,2024-06-02,Galle-South,Southern,Dairy,Delayed,2,3.0,
ORD-100956,2024-05-26,Kandy-Hub,Central,Dry Goods,Cancelled,1,,1279.27
ORD-103791,2024-03-05,Galle-South,Southern,Dairy,Delivered,2,2.0,5022.61
ORD-103234,2024-07-27,Kandy-Hub,Central,Produce,Delivered,3,3.0,2882.02
ORD-102869,2024-03-16,Galle-South,Southern,Dry Goods,Cancelled,4,,1717.97
ORD-103777,2024-11-06,Jaffna-North,Northern,Dry Goods,Delivered,2,2.0,2981.58
ORD-104433,2024-02-11,Kandy-Hub,Central,Beverages,Delivered,3,3.0,2308.72
ORD-102961,2024-06-02,Colombo-Central,Western,Beverages,Delivered,3,3.0,4606.63
ORD-102200,2024-05-13,Jaffna-North,Northern,Dry Goods,Delivered,5,5.0,1483.92
ORD-100098,2024-08-20,Kurunegala-West,North-Western,Dry Goods,Delivered,4,4.0,1276.22
ORD-102557,2024-11-12,Jaffna-North,Northern,Beverages,Delivered,1,1.0,4264.34
ORD-103183,2024-01-22,Jaffna-North,Northern,Beverages,Delayed,3,6.0,2022.11
ORD-100253,2024-04-30,Galle-South,Southern,Frozen,Delayed,3,6.0,11172.08
ORD-103923,2024-06-01,Galle-South,Southern,Produce,Delivered,4,4.0,3803.42
ORD-104199,2024-03-28,Kandy-Hub,Central,Dairy,Delayed,4,6.0,3520.57
ORD-101445,2024-01-14,Jaffna-North,Northern,Dairy,Delivered,4,4.0,4433.18
ORD-101648,2024-12-22,Galle-South,Southern,Frozen,Delivered,2,2.0,9076.68
ORD-104682,2024-09-11,Galle-South,Southern,Frozen,In Transit,3,,5026.68
ORD-104723,2024-01-19,Kurunegala-West,North-Western,Beverages,Delayed,4,6.0,5265.73
ORD-103991,2024-10-02,Kandy-Hub,Central,Meat & Seafood,Delivered,4,4.0,
ORD-101696,2024-06-20,Kurunegala-West,North-Western,Beverages,Delivered,2,2.0,2239.98
ORD-103191,2024-09-05,Kandy-Hub,Central,Frozen,Delivered,2,2.0,9277.65
ORD-104499,2024-05-06,Colombo-Central,Western,Dry Goods,Delivered,5,5.0,2608.46
ORD-101154,2024-04-21,Colombo-Central,Western,Dry Goods,Delivered,4,4.0,1731.02
ORD-102255,2024-09-07,Jaffna-North,Northern,Dairy,Delivered,2,2.0,
ORD-101682,2024-01-13,Jaffna-North,Northern,Meat & Seafood,Delivered,2,2.0,17703.43
ORD-103170,2024-08-17,Kurunegala-West,North-Western,Beverages,Delivered,3,3.0,4362.96
ORD-102056,2024-09-25,Kandy-Hub,Central,Dry Goods,Delivered,1,1.0,2238.29
ORD-104090,2024-09-26,Galle-South,Southern,Meat & Seafood,Delivered,5,5.0,12604.73
ORD-103108,2024-11-24,Jaffna-North,Northern,Beverages,In Transit,1,,3970.14
ORD-104548,2024-07-10,Kurunegala-West,North-Western,Meat & Seafood,Delivered,4,4.0,
ORD-103723,2024-12-28,Galle-South,Southern,Meat & Seafood,Delivered,1,1.0,15848.89
ORD-102049,2024-08-28,Galle-South,Southern,Meat & Seafood,Delivered,2,2.0,11791.16
ORD-103643,2024-06-28,Galle-South,Southern,Meat & Seafood,Delivered,4,4.0,14178.67
ORD-104977,2024-02-10,Kurunegala-West,North-Western,Dairy,Delivered,3,3.0,5896.4
ORD-100623,2024-06-01,Kurunegala-West,North-Western,Produce,Delivered,4,4.0,1709.04
ORD-100262,2024-04-19,Galle-South,Southern,Meat & Seafood,Delivered,4,4.0,12146.83
ORD-103369,2024-02-13,Kurunegala-West,North-Western,Produce,Cancelled,5,,2395.23
ORD-104061,2024-01-08,Jaffna-North,Northern,Dairy,Delivered,2,2.0,3039.48
ORD-101802,2024-06-14,Galle-South,Southern,Dry Goods,Delivered,1,1.0,3096.61
ORD-104736,2024-01-23,Kandy-Hub,Central,Frozen,Delivered,3,3.0,7616.82
ORD-100029,2024-06-10,Kandy-Hub,Central,Produce,Delivered,3,3.0,1865.27
ORD-102385,2024-11-15,Colombo-Central,Western,Produce,In Transit,1,,2324.36
ORD-101959,2024-03-09,Galle-South,Southern,Dry Goods,Cancelled,5,,1372.54
ORD-102976,2024-06-29,Colombo-Central,Western,Frozen,Delivered,5,5.0,5141.54
ORD-100488,2024-10-06,Kurunegala-West,North-Western,Meat & Seafood,Delivered,5,5.0,12740.91
ORD-101843,2024-11-04,Kandy-Hub,Central,Dairy,Delivered,4,4.0,3418.92
ORD-101734,2024-11-10,Kandy-Hub,Central,Frozen,Delivered,2,2.0,6982.19
ORD-102911,2024-02-03,Galle-South,Southern,Beverages,Delivered,4,4.0,3228.95
ORD-103219,2024-06-06,Galle-South,Southern,Dairy,Delivered,4,4.0,3777.91
ORD-100146,2024-01-13,Galle-South,Southern,Meat & Seafood,Delivered,1,1.0,13280.24
ORD-101986,2024-10-28,Galle-South,Southern,Frozen,Delivered,5,5.0,11318.44
ORD-101369,2024-08-19,Colombo-Central,Western,Frozen,Delivered,3,3.0,8889.52
ORD-102811,2024-04-14,Jaffna-North,Northern,Beverages,Delivered,5,5.0,2351.62
ORD-100659,2024-04-15,Jaffna-North,Northern,Frozen,Delivered,1,1.0,5532.84
ORD-101794,2024-06-23,Jaffna-North,Northern,Dairy,Delivered,3,3.0,3805.64
ORD-102511,2024-11-07,Kandy-Hub,Central,Meat & Seafood,Delivered,5,5.0,12812.68
ORD-103397,2024-12-16,Colombo-Central,Western,Beverages,Delayed,5,6.0,2955.87
ORD-104282,2024-03-02,Colombo-Central,Western,Frozen,Delivered,1,1.0,
ORD-101147,2024-10-07,Jaffna-North,Northern,Meat & Seafood,Delivered,2,2.0,9076.08
ORD-103272,2024-08-26,Colombo-Central,Western,Frozen,Delivered,3,3.0,10825.5
ORD-100608,2024-12-18,Jaffna-North,Northern,Dairy,Delivered,3,3.0,2725.68
ORD-103582,2024-03-16,Kandy-Hub,Central,Beverages,Delivered,3,3.0,4692.07
ORD-101930,2024-02-02,Colombo-Central,Western,Produce,Delivered,1,1.0,3265.83
ORD-100197,2024-02-13,Kurunegala-West,North-Western,Beverages,Delayed,4,6.0,2164.41
ORD-102931,2024-09-02,Colombo-Central,Western,Meat & Seafood,Delivered,5,5.0,11878.69
ORD-102327,2024-03-02,Jaffna-North,Northern,Dry Goods,Delivered,3,3.0,1556.16
ORD-104389,2024-08-06,Kandy-Hub,Central,Beverages,Delivered,4,4.0,2040.41
ORD-100766,2024-08-11,Kandy-Hub,Central,Meat & Seafood,In Transit,3,,9095.11
ORD-104496,2024-04-30,Kandy-Hub,Central,Meat & Seafood,Delivered,3,3.0,19429.63
ORD-104218,2024-07-11,Colombo-Central,Western,Frozen,Delivered,4,4.0,8961.13
ORD-103255,2024-03-09,Galle-South,Southern,Dry Goods,Delivered,3,3.0,2973.39
ORD-100202,2024-06-29,Kurunegala-West,North-Western,Beverages,Delivered,5,5.0,4429.85
ORD-103510,2024-12-20,Jaffna-North,Northern,Meat & Seafood,Delivered,4,4.0,8790.49
ORD-101733,2024-11-11,Jaffna-North,Northern,Beverages,In Transit,3,,4748.96
ORD-102777,2024-11-25,Kurunegala-West,North-Western,Meat & Seafood,Delivered,4,4.0,16669.32
ORD-101707,2024-11-29,Kandy-Hub,Central,Produce,Delivered,4,4.0,2216.31
ORD-103474,2024-04-18,Kurunegala-West,North-Western,Meat & Seafood,Delivered,4,4.0,17432.2
ORD-100854,2024-04-15,Galle-South,Southern,Produce,Delivered,3,3.0,3959.8
ORD-104737,2024-05-13,Galle-South,Southern,Meat & Seafood,Delivered,3,3.0,8761.58
ORD-104097,2024-02-23,Jaffna-North,Northern,Dry Goods,Delivered,1,1.0,2252.54
ORD-102160,2024-10-22,Colombo-Central,Western,Dairy,Delivered,1,1.0,5814.6
ORD-100698,2024-01-19,Jaffna-North,Northern,Beverages,Delivered,4,4.0,2356.87
ORD-104997,2024-10-26,Kandy-Hub,Central,Dry Goods,Delivered,2,2.0,2952.86
ORD-102999,2024-08-29,Colombo-Central,Western,Dry Goods,Delayed,3,6.0,
ORD-103696,2024-04-22,Jaffna-North,Northern,Dry Goods,Delivered,5,5.0,2093.28
ORD-101636,2024-03-01,Colombo-Central,Western,Frozen,Delivered,3,3.0,10358.24
ORD-103457,2024-01-12,Galle-South,Southern,Beverages,Delivered,4,4.0,3811.51
ORD-103581,2024-10-06,Colombo-Central,Western,Frozen,Delivered,5,5.0,6099.76
ORD-101291,2024-11-09,Jaffna-North,Northern,Produce,In Transit,1,,3777.24
ORD-104659,2024-06-30,Kurunegala-West,North-Western,Frozen,Cancelled,5,,7328.44
ORD-101853,2024-02-28,Colombo-Central,Western,Beverages,Delayed,5,6.0,
ORD-103763,2024-08-20,Kandy-Hub,Central,Dry Goods,Delivered,3,3.0,2965.87
ORD-103304,2024-02-13,Kandy-Hub,Central,Dry Goods,Delivered,2,2.0,3259.17
ORD-104962,2024-12-25,Jaffna-North,Northern,Produce,Delivered,3,3.0,3725.12
ORD-103743,2024-06-09,Colombo-Central,Western,Dry Goods,Delivered,2,2.0,1040.18
ORD-103445,2024-09-16,Kandy-Hub,Central,Frozen,Cancelled,5,,8847.77
ORD-101998,2024-04-12,Galle-South,Southern,Frozen,Cancelled,5,,10157.02
ORD-100663,2024-03-14,Galle-South,Southern,Beverages,Delivered,3,3.0,2947.87
ORD-104779,2024-01-27,Kurunegala-West,North-Western,Produce,Delivered,3,3.0,3668.74
ORD-103748,2024-12-01,Kurunegala-West,North-Western,Dairy,Delivered,2,2.0,3419.75
ORD-104413,2024-09-19,Colombo-Central,Western,Dry Goods,Delivered,2,2.0,
ORD-104744,2024-09-11,Galle-South,Southern,Meat & Seafood,In Transit,3,,17073.82
ORD-100709,2024-06-19,Jaffna-North,Northern,Meat & Seafood,Cancelled,5,,11476.56
ORD-101282,2024-05-23,Galle-South,Southern,Dairy,Cancelled,5,,3356.32
ORD-102675,2024-08-04,Colombo-Central,Western,Frozen,Delivered,2,2.0,6299.73
ORD-104029,2024-05-31,Colombo-Central,Western,Produce,Delivered,3,3.0,3664.29
ORD-101306,2024-04-02,Kurunegala-West,North-Western,Produce,Delivered,2,2.0,3885.78
ORD-102237,2024-04-08,Kandy-Hub,Central,Meat & Seafood,Delivered,1,1.0,10934.53
ORD-103302,2024-08-07,Galle-South,Southern,Dry Goods,Delivered,3,3.0,1043.05
ORD-102038,2024-12-26,Kurunegala-West,North-Western,Beverages,Delayed,5,7.0,2164.75
ORD-101529,2024-12-01,Kandy-Hub,Central,Frozen,Delivered,1,1.0,10058.99
ORD-101663,2024-07-21,Kandy-Hub,Central,Produce,Delivered,3,3.0,1599.64
ORD-104984,2024-03-11,Kandy-Hub,Central,Produce,Delivered,3,3.0,2210.06
ORD-101055,2024-12-29,Kurunegala-West,North-Western,Produce,Delivered,3,3.0,3272.16
ORD-103627,2024-03-27,Kurunegala-West,North-Western,Dairy,Delivered,3,3.0,4550.67
ORD-104891,2024-07-27,Kurunegala-West,North-Western,Dry Goods,Delivered,3,3.0,2777.52
ORD-102693,2024-06-04,Jaffna-North,Northern,Meat & Seafood,Delivered,4,4.0,12651.6
ORD-103060,2024-03-31,Kandy-Hub,Central,Produce,Delivered,1,1.0,3992.64
ORD-101597,2024-09-21,Galle-South,Southern,Dry Goods,Delivered,3,3.0,2872.32
ORD-102729,2024-06-17,Kurunegala-West,North-Western,Meat & Seafood,Delivered,1,1.0,18004.11
ORD-102625,2024-07-30,Galle-South,Southern,Meat & Seafood,Delivered,4,4.0,17150.55
ORD-103157,2024-12-29,Colombo-Central,Western,Meat & Seafood,Delayed,3,6.0,17706.65
ORD-103314,2024-05-27,Colombo-Central,Western,Beverages,Delivered,4,4.0,3705.17
ORD-101722,2024-08-26,Colombo-Central,Western,Dry Goods,Delivered,5,5.0,3150.62
ORD-101059,2024-04-23,Kandy-Hub,Central,Beverages,In Transit,2,,3326.06
ORD-104636,2024-10-27,Kurunegala-West,North-Western,Dairy,Delivered,2,2.0,4122.79
ORD-103242,2024-11-23,Galle-South,Southern,Frozen,Delivered,1,1.0,5106.99
ORD-101678,2024-12-03,Kurunegala-West,North-Western,Dairy,Delayed,2,4.0,3911.68
ORD-101757,2024-08-10,Galle-South,Southern,Beverages,In Transit,4,,2663.19
ORD-104191,2024-05-05,Kurunegala-West,North-Western,Produce,Delayed,4,6.0,3415.47
ORD-100563,2024-03-07,Colombo-Central,Western,Produce,Delayed,4,5.0,3253.75
ORD-102790,2024-12-07,Kurunegala-West,North-Western,Dairy,Delivered,2,2.0,5075.16
ORD-100863,2024-10-08,Kandy-Hub,Central,Frozen,Delivered,3,3.0,5102.44
ORD-101484,2024-05-31,Jaffna-North,Northern,Meat & Seafood,Delivered,5,5.0,18473.03
ORD-100206,2024-10-05,Jaffna-North,Northern,Meat & Seafood,Delivered,4,4.0,9210.29
ORD-104488,2024-08-30,Galle-South,Southern,Dairy,In Transit,4,,5724.09
ORD-100870,2024-06-15,Jaffna-North,Northern,Produce,Delivered,1,1.0,1932.98
ORD-104493,2024-04-05,Galle-South,Southern,Meat & Seafood,Delivered,2,2.0,10881.46
ORD-100502,2024-12-17,Colombo-Central,Western,Dry Goods,Delivered,1,1.0,1720.66
ORD-101028,2024-07-25,Galle-South,Southern,Frozen,Delayed,5,8.0,10344.57
ORD-103840,2024-11-14,Kandy-Hub,Central,Dry Goods,Delivered,1,1.0,1580.84
ORD-102690,2024-09-23,Kurunegala-West,North-Western,Meat & Seafood,In Transit,2,,16580.33
ORD-101570,2024-01-29,Kurunegala-West,North-Western,Dairy,Delivered,4,4.0,5558.16
ORD-102773,2024-09-14,Kurunegala-West,North-Western,Produce,Delivered,5,5.0,2351.91
ORD-102731,2024-07-09,Kandy-Hub,Central,Frozen,Delayed,1,3.0,11600.04
ORD-100804,2024-09-26,Kandy-Hub,Central,Dry Goods,Delayed,3,7.0,1070.78
ORD-103645,2024-07-11,Jaffna-North,Northern,Frozen,Delivered,5,5.0,8559.46
ORD-102454,2024-10-29,Jaffna-North,Northern,Dairy,Delivered,4,4.0,4702.19
ORD-104598,2024-12-14,Galle-South,Southern,Frozen,In Transit,5,,9970.23
ORD-103104,2024-09-12,Colombo-Central,Western,Dairy,Delivered,3,3.0,5287.15
ORD-104875,2024-08-30,Jaffna-North,Northern,Frozen,Delivered,1,1.0,5851.26
ORD-100200,2024-05-13,Galle-South,Southern,Produce,Delivered,2,2.0,1691.32
ORD-103099,2024-04-09,Jaffna-North,Northern,Produce,In Transit,1,,1785.53
ORD-102278,2024-05-14,Galle-South,Southern,Dairy,Delivered,3,3.0,3436.38
ORD-103561,2024-03-02,Colombo-Central,Western,Frozen,Delivered,3,3.0,5839.98
ORD-104474,2024-11-06,Colombo-Central,Western,Dry Goods,Delivered,5,5.0,1458.54
ORD-104514,2024-11-28,Jaffna-North,Northern,Frozen,Delivered,5,5.0,9977.51
ORD-100391,2024-03-06,Colombo-Central,Western,Meat & Seafood,In Transit,5,,8033.98
ORD-101495,2024-06-06,Kurunegala-West,North-Western,Meat & Seafood,In Transit,2,,8683.53
ORD-102695,2024-05-15,Jaffna-North,Northern,Beverages,In Transit,2,,4831.64
ORD-102027,2024-12-12,Kurunegala-West,North-Western,Dry Goods,Delivered,3,3.0,1813.39
ORD-102568,2024-05-18,Kandy-Hub,Central,Meat & Seafood,Delivered,2,2.0,10880.16
ORD-100064,2024-05-29,Galle-South,Southern,Dairy,Delivered,2,2.0,5672.79
ORD-103884,2024-02-29,Colombo-Central,Western,Dry Goods,Delivered,1,1.0,1248.7
ORD-102062,2024-02-24,Kurunegala-West,North-Western,Dairy,Delivered,3,3.0,4675.15
ORD-100492,2024-10-01,Colombo-Central,Western,Dairy,Delivered,4,4.0,2849.73
ORD-100379,2024-04-05,Galle-South,Southern,Dry Goods,In Transit,4,,1679.68
ORD-104859,2024-10-03,Kandy-Hub,Central,Meat & Seafood,Cancelled,3,,14311.79
ORD-103993,2024-04-14,Galle-South,Southern,Beverages,Delivered,5,5.0,4391.49
ORD-104887,2024-07-15,Kurunegala-West,North-Western,Dairy,Delivered,1,1.0,5213.94
ORD-101076,2024-09-16,Kandy-Hub,Central,Frozen,Delivered,5,5.0,10553.11
ORD-100878,2024-07-19,Jaffna-North,Northern,Beverages,Delivered,5,5.0,4880.66
ORD-100337,2024-04-25,Galle-South,Southern,Dairy,Delayed,3,5.0,5395.77
ORD-101016,2024-05-20,Kandy-Hub,Central,Meat & Seafood,In Transit,2,,13000.54
ORD-101275,2024-09-17,Colombo-Central,Western,Beverages,Delivered,2,2.0,4751.64
ORD-103798,2024-01-04,Kurunegala-West,North-Western,Dry Goods,Delayed,3,4.0,2887.9
ORD-104551,2024-01-14,Colombo-Central,Western,Beverages,Delivered,1,1.0,3821.74
ORD-103342,2024-02-06,Kandy-Hub,Central,Produce,Delivered,1,1.0,3561.92
ORD-104911,2024-07-15,Kandy-Hub,Central,Dry Goods,Delayed,2,5.0,2574.96
ORD-100995,2024-08-16,Kandy-Hub,Central,Produce,Delivered,2,2.0,3542.19
ORD-101981,2024-08-15,Galle-South,Southern,Dairy,Delivered,1,1.0,2643.62
ORD-104297,2024-10-08,Kandy-Hub,Central,Beverages,Delivered,5,5.0,4053.9
ORD-100161,2024-08-30,Colombo-Central,Western,Produce,Cancelled,1,,2771.56
ORD-104798,2024-05-22,Jaffna-North,Northern,Produce,Delivered,2,2.0,2253.8
ORD-101500,2024-07-12,Colombo-Central,Western,Produce,In Transit,2,,2039.04
ORD-103843,2024-04-19,Colombo-Central,Western,Beverages,Delivered,3,3.0,4109.22
ORD-102613,2024-08-06,Jaffna-North,Northern,Beverages,In Transit,1,,2992.72
ORD-103461,2024-12-10,Kurunegala-West,North-Western,Beverages,Delivered,5,5.0,3467.19
ORD-101021,2024-01-27,Kandy-Hub,Central,Dairy,Delivered,3,3.0,3471.48
ORD-103073,2024-10-12,Kandy-Hub,Central,Dairy,Delivered,5,5.0,5450.7
ORD-103943,2024-12-19,Kandy-Hub,Central,Frozen,Delivered,1,1.0,7572.25
ORD-101585,2024-04-25,Galle-South,Southern,Dairy,Delivered,4,4.0,5066.05
ORD-101955,2024-05-26,Kurunegala-West,North-Western,Frozen,Delivered,4,4.0,10805.41
ORD-103152,2024-03-12,Galle-South,Southern,Produce,Delayed,5,8.0,
ORD-100034,2024-11-20,Colombo-Central,Western,Beverages,Delivered,1,1.0,2849.87
ORD-104014,2024-04-13,Kurunegala-West,North-Western,Dairy,Delivered,3,3.0,
ORD-100775,2024-12-13,Kurunegala-West,North-Western,Produce,Delivered,2,2.0,3573.03
ORD-102556,2024-10-18,Kurunegala-West,North-Western,Produce,Delivered,2,2.0,1786.53
ORD-101478,2024-03-25,Jaffna-North,Northern,Produce,Delayed,2,6.0,1559.77
ORD-101363,2024-03-14,Kandy-Hub,Central,Frozen,Delivered,5,5.0,9293.87
ORD-102612,2024-03-07,Galle-South,Southern,Dairy,Delivered,2,2.0,4855.74
ORD-102824,2024-08-13,Kurunegala-West,North-Western,Dry Goods,Delivered,1,1.0,1033.16
ORD-102041,2024-11-21,Galle-South,Southern,Meat & Seafood,Cancelled,4,,15631.54
ORD-100241,2024-08-01,Kurunegala-West,North-Western,Dry Goods,Delivered,4,4.0,2017.14
ORD-102061,2024-07-24,Colombo-Central,Western,Frozen,Delivered,4,4.0,6676.72
ORD-102363,2024-02-13,Colombo-Central,Western,Dry Goods,In Transit,1,,3213.25
ORD-100600,2024-08-12,Kandy-Hub,Central,Beverages,Delivered,2,2.0,2117.08
ORD-102435,2024-07-24,Kurunegala-West,North-Western,Beverages,Delivered,2,2.0,4028.21
ORD-102888,2024-02-24,Kurunegala-West,North-Western,Meat & Seafood,Delivered,1,1.0,9964.05
ORD-100646,2024-06-17,Kurunegala-West,North-Western,Frozen,Delivered,4,4.0,10611.37
ORD-103890,2024-07-26,Kurunegala-West,North-Western,Beverages,Delivered,5,5.0,2165.25
ORD-103556,2024-09-14,Kurunegala-West,North-Western,Produce,Delivered,5,5.0,1797.27
ORD-103202,2024-10-07,Galle-South,Southern,Meat & Seafood,Delivered,3,3.0,10774.66
ORD-101528,2024-01-08,Kurunegala-West,North-Western,Beverages,Delivered,4,4.0,3580.86
ORD-101267,2024-05-16,Colombo-Central,Western,Dairy,Cancelled,3,,3513.2
ORD-101899,2024-05-03,Kurunegala-West,North-Western,Dry Goods,Delivered,1,1.0,1070.68
ORD-104658,2024-06-02,Jaffna-North,Northern,Dry Goods,Delivered,1,1.0,1363.95
ORD-103005,2024-05-15,Kurunegala-West,North-Western,Dry Goods,Delayed,4,7.0,1679.11
ORD-102734,2024-06-12,Colombo-Central,Western,Produce,Delayed,2,6.0,2079.31
ORD-100189,2024-04-20,Kandy-Hub,Central,Meat & Seafood,Delivered,4,4.0,8034.31
ORD-101806,2024-01-04,Galle-South,Southern,Beverages,Delayed,1,2.0,3142.79
ORD-100975,2024-03-23,Galle-South,Southern,Dairy,Delivered,1,1.0,3915.13
ORD-102747,2024-10-22,Colombo-Central,Western,Beverages,Delivered,5,5.0,2908.14
ORD-102047,2024-07-12,Kandy-Hub,Central,Meat & Seafood,Delivered,2,2.0,8247.68
ORD-102558,2024-01-12,Colombo-Central,Western,Frozen,Delayed,2,5.0,7736.13
ORD-101082,2024-12-15,Kandy-Hub,Central,Dry Goods,Delivered,3,3.0,1365.02
ORD-100474,2024-08-19,Colombo-Central,Western,Frozen,Delayed,1,5.0,11774.52
ORD-102904,2024-08-25,Jaffna-North,Northern,Meat & Seafood,Delivered,5,5.0,17328.06
ORD-104843,2024-03-13,Colombo-Central,Western,Produce,In Transit,4,,3672.69
ORD-104117,2024-02-17,Colombo-Central,Western,Dry Goods,Delivered,1,1.0,3089.27
ORD-103385,2024-03-31,Galle-South,Southern,Meat & Seafood,Delivered,4,4.0,14324.63
ORD-104555,2024-03-19,Colombo-Central,Western,Dry Goods,Delivered,2,2.0,3454.91
ORD-101184,2024-06-02,Colombo-Central,Western,Produce,Delivered,5,5.0,3943.02
ORD-102433,2024-04-24,Jaffna-North,Northern,Dry Goods,Delivered,4,4.0,2072.03
ORD-102391,2024-03-11,Galle-South,Southern,Frozen,Delivered,2,2.0,7966.11
ORD-100769,2024-05-17,Galle-South,Southern,Produce,Delivered,5,5.0,1777.71
ORD-101685,2024-07-08,Colombo-Central,Western,Produce,Cancelled,1,,2231.07
ORD-100130,2024-07-25,Kandy-Hub,Central,Produce,Delivered,3,3.0,1714.16
ORD-102919,2024-05-18,Kandy-Hub,Central,Beverages,Delayed,1,3.0,2684.64
ORD-103171,2024-12-08,Kurunegala-West,North-Western,Produce,Delayed,2,4.0,2339.78
ORD-103444,2024-12-01,Jaffna-North,Northern,Frozen,In Transit,2,,6359.31
ORD-104426,2024-04-03,Galle-South,Southern,Meat & Seafood,Delivered,4,4.0,9855.17
ORD-100466,2024-03-01,Colombo-Central,Western,Produce,Delivered,4,4.0,2282.12
ORD-103092,2024-09-19,Jaffna-North,Northern,Meat & Seafood,Delivered,1,1.0,18196.72
ORD-103772,2024-07-11,Galle-South,Southern,Meat & Seafood,Cancelled,4,,9579.8
ORD-100860,2024-12-19,Galle-South,Southern,Dairy,Delivered,3,3.0,4422.31
